Price,Date,Close,High,Low,Open,Volume
Ticker,,RELIANCE.NS,RELIANCE.NS,RELIANCE.NS,RELIANCE.NS,RELIANCE.NS
0,1996-01-01,5.5677995681762695,5.577270862853571,5.510971800112459,5.547504194879929,104121369
1,1996-01-02,5.524500846862793,5.5813293278734735,5.483909745915245,5.554268593908441,168743308
2,1996-01-03,5.566445827484131,5.870881795858782,5.554268605599325,5.61515507644032,209323879
3,1996-01-04,5.515029430389404,5.531266087255176,5.440611871525818,5.513676646713309,216900264
4,1996-01-05,5.477144718170166,5.493381376396764,5.429788250113823,5.493381376396764,166708467
5,1996-01-08,5.2579498291015625,5.470378786395566,5.2038280020411465,5.4663200740309525,186974245
6,1996-01-09,5.10640811920166,5.195709182730087,4.931865065683929,5.102349407079466,388766555
7,1996-01-10,4.975162506103516,5.126703914597416,4.952161207935223,5.006283036278199,276606655
8,1996-01-11,5.130763530731201,5.155118695974469,4.918334575879599,4.925099939715723,409645726
9,1996-01-12,5.0766425132751465,5.2078882072585975,5.0428160501210995,5.168649524456582,374687924
10,1996-01-15,5.023873329162598,5.087466456572696,4.995459447825169,5.061758504279169,199981539
11,1996-01-16,5.033344268798828,5.060405003001832,4.99004651580687,5.006283173178854,217247573
12,1996-01-17,4.833092212677002,5.013048215946346,4.791148330344127,5.00628285212098,299629901
13,1996-01-18,4.699141502380371,4.787089809886925,4.649079097828421,4.70996666565376,377502810
14,1996-01-19,4.616604804992676,4.69237587212254,4.585484997049833,4.634194607359207,324535340
15,1996-01-22,4.695082187652588,4.7559693862626045,4.627429262863241,4.631489059987836,338613971
16,1996-01-23,4.496184349060059,4.731614636350427,4.248576115916549,4.711318903234861,354919302
17,1996-01-24,4.341935634613037,4.484006118828815,4.27563658129611,4.4569450225852885,351185727
18,1996-01-25,4.159274101257324,4.35140660538461,4.133566152085888,4.3324640201268,360855771
19,1996-01-26,4.159274101257324,4.159274101257324,4.159274101257324,4.159274101257324,0
20,1996-01-29,4.486712455749512,4.525951503802912,4.114624577448167,4.140331810099823,652902286
21,1996-01-30,4.889921188354492,5.114527386919354,4.559777255021304,4.627429093077437,1061936020
22,1996-01-31,4.783030033111572,5.026578804598043,4.661255285951374,4.84391722598319,731560842
23,1996-02-01,4.975162506103516,5.006283036278199,4.7221428049978975,4.735672810312441,640422958
24,1996-02-02,5.515029430389404,5.574563838897232,5.1077613093199075,5.1077613093199075,818725675
25,1996-02-05,5.973714351654053,6.09413560908822,5.64357039126591,5.818113484997194,1222482548
26,1996-02-06,5.473085880279541,6.224029146415839,5.347252397760559,6.117137891771132,1242315590
27,1996-02-07,5.574564456939697,5.628686291075704,5.1158803856502155,5.170002219786223,895441820
28,1996-02-08,6.061661243438721,6.1604339602542275,5.574563384274687,5.6313911365449725,821653997
29,1996-02-09,6.413455009460449,6.54875940932832,6.0643681253933215,6.278149886758606,994440377
30,1996-02-12,6.011599063873291,6.359332801989084,5.926356699417974,6.251089137763292,971599188
31,1996-02-13,6.372862815856934,6.606940282706567,5.902001592076404,5.9534171280339745,1019034918
32,1996-02-14,6.376922130584717,6.628589061070215,6.3282132415237315,6.535229272785726,622459505
33,1996-02-15,6.275444030761719,6.426985443175495,6.169905938708402,6.2240281298683,699136437
34,1996-02-16,6.164494037628174,6.230793819460877,6.117137566914828,6.16990661875771,495646793
35,1996-02-19,6.226733207702637,6.364744603600274,6.1902011833133725,6.278149104553305,518231701
36,1996-02-20,5.897943019866943,6.249736205548584,5.81811323346117,6.224028614517062,639131752
37,1996-02-21,5.897943019866943,5.897943019866943,5.897943019866943,5.897943019866943,0
38,1996-02-22,6.2091450691223145,6.251089682408276,5.981832920742513,6.034601973677564,613558303
39,1996-02-23,6.142844200134277,6.210495663063124,6.040011692327556,6.196965659610883,546094871
40,1996-02-26,6.156375408172607,6.339036996022696,6.1171370893826715,6.210496878238882,544960514
41,1996-02-27,6.08601713180542,6.224028547822376,5.98183253930614,6.191554508111811,542491536
42,1996-02-28,6.115784645080566,6.272737938227301,6.102253914596382,6.203733308976694,427826248
43,1996-02-29,5.732872009277344,6.083311352581098,5.696339615075367,6.061662834261095,697898447
44,1996-03-01,5.765345096588135,5.850587477451197,5.643571041248878,5.777523044247642,723172202
45,1996-03-04,5.705810546875,5.81811329018319,5.639510766540922,5.79105219223224,673407539
46,1996-03-05,5.705810546875,5.705810546875,5.705810546875,5.705810546875,0
47,1996-03-06,5.9087677001953125,5.948006383798,5.753167195329454,5.804583102325793,543855566
48,1996-03-07,5.961536407470703,6.095488756505516,5.933122524723662,5.991304158349349,854410306
49,1996-03-08,5.930416107177734,5.953417405438552,5.8113480120608365,5.885765210091937,646827174
50,1996-03-11,5.949358940124512,5.9669483815352695,5.822172330518583,5.845173629734977,631091821
51,1996-03-12,6.255148410797119,6.440516307761135,5.912827222788677,5.939888321977553,803011329
52,1996-03-13,6.148256301879883,6.176671626670524,6.014304692764993,6.08872297621831,577715422
53,1996-03-14,6.1469035148620605,6.207790704869803,6.102252619722826,6.1428448025618785,597611484
54,1996-03-15,5.945300579071045,6.133374767841008,5.899296529453167,6.1144321789986025,622444100
55,1996-03-18,5.674690246582031,5.8992964652709965,5.653041728747818,5.884413312557046,667319823
56,1996-03-19,5.325603008270264,5.758579091792428,5.2092408394258936,5.655746928609793,1037292464
57,1996-03-20,5.325603008270264,5.325603008270264,5.325603008270264,5.325603008270264,0
58,1996-03-21,5.707162380218506,5.766696062961641,5.547502832440677,5.547502832440677,670459612
59,1996-03-22,5.475792407989502,5.60027274232592,5.37160708500345,5.60027274232592,674824785
60,1996-03-25,5.443317413330078,5.57726937117886,5.364840424766252,5.5461495661696345,457166882
61,1996-03-26,5.408138751983643,5.520442208983453,5.236301607172254,5.412198187408566,532380354
62,1996-03-27,5.6002726554870605,5.68145559096585,5.575917847126827,5.601625800789578,377229724
63,1996-03-28,5.673336982727051,5.701750863277712,5.596212766565004,5.615155353598778,359409115
64,1996-03-29,5.597565650939941,5.703103749549371,5.579976208783031,5.66657135860126,325958187
65,1996-04-01,5.65033483505249,5.6692781457126395,5.574564483747898,5.621920953313269,247509698
66,1996-04-02,5.665218353271484,5.736929987146237,5.608390593371018,5.66251242435969,367425238
67,1996-04-03,5.712574481964111,5.855998464064236,5.699044476788448,5.792404620686355,297032084
68,1996-04-04,5.644923210144043,5.663865797540122,5.58538879610109,5.655747287643951,241840713
69,1996-04-05,5.644923210144043,5.644923210144043,5.644923210144043,5.644923210144043,0
70,1996-04-08,5.739635944366455,5.769403331044867,5.68010225526057,5.716634283543341,228109392
71,1996-04-09,5.746400833129883,5.8776468684338985,5.716633810332501,5.811347820377791,320184170
72,1996-04-10,5.7436957359313965,5.843821256456993,5.720693712265407,5.818113303698123,285103129
73,1996-04-11,5.68416166305542,5.723400709312808,5.6516890663147565,5.6895742444015625,216484333
74,1996-04-12,5.8397626876831055,5.885766013316691,5.658453507223385,5.684161460616866,341108156
75,1996-04-15,5.989951133728027,6.109019241121064,5.94124079630906,5.9534180192468025,476612002
76,1996-04-16,6.003480434417725,6.081957066621253,5.953417319060526,6.007539869669871,388937409
77,1996-04-17,6.259206771850586,6.325505820998077,6.111724077661041,6.169905701988411,410008440
78,1996-04-18,6.602882385253906,6.636708124108412,6.403983773579826,6.4540465320917555,686239778
79,1996-04-19,6.644826412200928,6.778778393729074,6.590704216928446,6.657004719325479,657928468
80,1996-04-22,6.433751106262207,6.724656377578275,6.399925365795649,6.711126370525257,577856867
81,1996-04-23,6.390453338623047,6.460811824862979,6.291680250596624,6.37421632005449,570256675
82,1996-04-24,6.908672332763672,6.9844434134975675,6.662416501087029,6.68677167203144,534899747
83,1996-04-25,6.556878089904785,7.103510422770348,6.4405155576535265,6.954674575274508,620220200
84,1996-04-26,6.6150593757629395,6.6962423071350505,6.386393733553364,6.548759596297586,632532875
85,1996-04-29,6.560938358306885,6.582586515050963,6.433751371493938,6.548760050355894,421084526
86,1996-04-30,6.620471954345703,6.765248374663566,6.508168851131939,6.548759593969573,429361131
87,1996-05-01,7.199575901031494,7.3037608410366905,7.150866293637471,7.225284211188882,495470338
88,1996-05-02,7.204988479614258,7.241521230942241,7.035857620431108,7.144101283568248,506967956
89,1996-05-03,7.041270732879639,7.18469401299672,7.008797414636033,7.1427486777856295,493527926
90,1996-05-06,6.64617919921875,6.9113768575091985,6.611000316313217,6.873491684277408,591063023
91,1996-05-07,6.727362632751465,6.777424665173026,6.6110001036392285,6.636707692409808,548608662
92,1996-05-08,6.763894557952881,6.859961354494682,6.521698210366458,6.602881856484298,785659868
93,1996-05-09,6.5988240242004395,6.7760730642503155,6.562291266147633,6.636709204847116,609397594
94,1996-05-10,6.5298171043396,6.56634985769259,6.4012777020622,6.440516023088963,606288615
95,1996-05-13,6.667828559875488,6.708420026378227,6.578527478136265,6.616412654116419,398370778
96,1996-05-14,6.853195667266846,6.897846564455902,6.623177624289288,6.657004083457783,651015892
97,1996-05-15,6.868080139160156,6.927614921144417,6.60423630908572,6.744953307592378,917242481
98,1996-05-16,6.907317638397217,7.049387750433561,6.86131432039365,6.9479083761451275,688543503
99,1996-05-17,6.770660400390625,6.846431475509448,6.732775224248218,6.765248542156286,565289312
100,1996-05-20,6.558231830596924,6.694890106931386,6.537936097080302,6.684065667533587,326115037
101,1996-05-21,6.535229682922363,6.602882608587603,6.481107486956972,6.518993385549748,456241191
102,1996-05-22,6.570408821105957,6.635354728785623,6.550113089424696,6.602882136362766,319336904
103,1996-05-23,6.516287326812744,6.554172503919007,6.483814008078506,6.527111766390823,294687746
104,1996-05-24,6.874200344085693,6.895412635175908,6.838846273776241,6.875614597555344,236779521
105,1996-05-27,6.671976089477539,6.8162193588627495,6.660662817812303,6.8162193588627495,385864842
106,1996-05-28,6.455611228942871,6.533389122254087,6.379246078079514,6.533389122254087,545547298
107,1996-05-29,6.823290824890137,6.915210498809269,6.5913691267253105,6.5913691267253105,514643772
108,1996-05-30,6.698846817016602,6.892585974425947,6.655007218951876,6.872787933672457,528103408
109,1996-05-31,6.741269111633301,6.802078229183989,6.67763299829582,6.795006962330869,445949352
110,1996-06-03,6.9477362632751465,6.971776303307137,6.8303607923719625,6.872786125581996,488962489
111,1996-06-04,6.848745346069336,7.1117776065466005,6.72430010549554,7.069353779512158,719201952
112,1996-06-05,6.804905891418457,6.929351876155708,6.744097530140561,6.929351876155708,333800656
113,1996-06-06,6.916624546051025,7.042484032204017,6.872786468288056,6.899654260825361,331038987
114,1996-06-07,6.91096830368042,6.943493109859341,6.809148858526556,6.819047876815193,223961286
115,1996-06-10,6.848745346069336,6.915210726798322,6.816219782445191,6.886927923616264,181533533
116,1996-06-11,6.795007705688477,6.858644581464906,6.756825882413542,6.8162199976139535,245694726
117,1996-06-12,6.898240566253662,6.9703629622201335,6.84733197288433,6.901069828743914,200355457
118,1996-06-13,6.871370792388916,6.92510863867871,6.848744251269302,6.886926822712589,116946606
119,1996-06-14,6.943492412567139,6.957634945098146,6.878441295787497,6.901068592359943,122670207
120,1996-06-17,6.848745346069336,6.964705821236244,6.8317758152555585,6.964705821236244,107843741
121,1996-06-18,6.673390865325928,6.816219892500324,6.5927837039657815,6.816219892500324,191150360
122,1996-06-19,6.473995208740234,6.703087646375541,6.421670853173983,6.674804088424496,239238694
123,1996-06-20,6.483893871307373,6.512176672227958,6.349548867110835,6.420257002628137,284643785
124,1996-06-21,6.304296493530273,6.488136608977828,6.267528545988494,6.44571278054242,353062318
125,1996-06-24,6.250558376312256,6.307124353088084,6.154395195899143,6.253386127430086,307595608
126,1996-06-25,6.119041442871094,6.307124675686321,5.996010465421246,6.2788414969824755,349199902
127,1996-06-26,6.001667499542236,6.157223660863246,5.971970445105021,6.157223660863246,296123198
128,1996-06-27,6.109142780303955,6.165709141003738,5.872979452032924,5.946515720942642,538798574
129,1996-06-28,6.041264057159424,6.271771132983365,5.9832838192660365,6.165709298398443,759474427
130,1996-07-01,5.9040913581848145,6.157224620246093,5.840454101532053,5.969142490693972,553501802
131,1996-07-02,5.7796454429626465,5.964899421761499,5.7414632444569165,5.908333439588444,568077589
132,1996-07-03,5.3921661376953125,5.711765063906509,5.331357784939409,5.699037163259781,645479950
133,1996-07-04,5.372368812561035,5.537824743481209,5.209740632844282,5.296004420524461,806775714
134,1996-07-05,5.291761875152588,5.47277384468139,5.219640617950122,5.423277997671487,595286753
135,1996-07-08,5.332772731781006,5.854595195077854,5.276206375651594,5.400651603659091,347866683
136,1996-07-09,5.07115364074707,5.854594349164166,4.864686659575845,5.290347011427449,541834730
137,1996-07-10,4.984891414642334,5.089539379748196,4.867517056072826,4.89297135395479,479966058
138,1996-07-11,4.997619152069092,5.161660095679569,4.965093209670296,5.048528123870605,458245222
139,1996-07-12,4.81095027923584,4.976405454764366,4.767111069833618,4.963678307910759,688976239
140,1996-07-15,5.078225135803223,5.317217359003219,4.697817760244652,4.779838797920136,1448889005
141,1996-07-16,6.13318395614624,6.141668721382404,5.656614161480208,5.656614161480208,858611628
142,1996-07-17,6.242074012756348,6.476823091183239,5.814999682732852,5.911161741923191,1115459465
143,1996-07-18,6.543287754058838,6.554601025132069,6.333993372419874,6.333993372419874,848594275
144,1996-07-19,6.867129802703857,6.871371807617303,6.602682536470154,6.602682536470154,393554662
145,1996-07-22,6.765309810638428,7.005716259686446,6.346720282568417,6.646520839464694,405630663
146,1996-07-23,6.823290824890137,7.104707615861071,6.684703054078512,7.014201439898747,488003187
147,1996-07-24,6.158638000488281,6.647934893026863,6.141668094010794,6.647934893026863,447774126
148,1996-07-25,5.881464004516602,6.19399132174709,5.851766951434734,6.103486286929919,593621628
149,1996-07-26,5.884292125701904,5.979040298064239,5.7244928340202605,5.85459507265888,534079089
150,1996-07-29,6.001667499542236,6.172779692507823,5.928131234659323,5.963485302595378,442365624
151,1996-07-30,5.843282222747803,5.939444655348104,5.70186632519056,5.913989604918488,411938248
152,1996-07-31,6.046920299530029,6.130355583823191,5.594390942808215,5.8828782377359925,419615464
153,1996-08-01,5.936616897583008,6.2222753286918655,5.899848950787717,6.164295090370882,573738171
154,1996-08-02,5.856008529663086,5.980453746173568,5.812169702147543,5.916817640188238,363985756
155,1996-08-05,5.765504360198975,5.880051347284336,5.742878191241218,5.843283020033295,229500029
156,1996-08-06,5.824899196624756,5.925304024770065,5.689139917320665,5.741463900653785,330688876
157,1996-08-07,5.9549994468688965,5.981868746815847,5.812169694333597,5.847523758035375,305888471
158,1996-08-08,5.839039325714111,6.02995031077025,5.812170400242405,5.993182367136116,287014731
159,1996-08-09,5.885706424713135,5.92247436920437,5.798029512584542,5.848938480221898,237997904
160,1996-08-12,5.884292125701904,5.954999880515875,5.857423201536911,5.911161049866897,193398067
161,1996-08-13,5.918231964111328,5.966313177153346,5.848938084569192,5.868736120016318,196437024
162,1996-08-14,5.837625980377197,5.925303653903988,5.816413688748284,5.816413688748284,172025941
163,1996-08-15,5.837625980377197,5.837625980377197,5.837625980377197,5.837625980377197,0
164,1996-08-16,5.837625980377197,5.880050941373675,5.785302000319047,5.840453731911032,151178980
165,1996-08-19,5.578835964202881,5.826312962518233,5.546310776323477,5.812171182321623,224927590
166,1996-08-20,5.639644145965576,5.755604616592862,5.491158112987455,5.5222690441743305,352114219
167,1996-08-21,5.9224748611450195,5.9224748611450195,5.75560503253294,5.792372980078245,308818193
168,1996-08-22,5.964899063110352,6.150153408509057,5.92954537359523,6.109142327865668,469709230
169,1996-08-23,6.037021160125732,6.1020722821799005,5.93944447704448,5.967727277968247,350177410
170,1996-08-26,5.918231964111328,6.035606301218284,5.8941911687210204,5.981869208134486,279394933
171,1996-08-27,5.870151519775391,5.946515537759745,5.826312308279552,5.911161468976807,301803385
172,1996-08-28,6.03419303894043,6.0455063118364425,5.882878863868248,5.882878863868248,171898501
173,1996-08-29,5.977627277374268,6.0653053344905,5.964900128190822,6.051163553968437,174203626
174,1996-08-30,5.983283996582031,6.001668159258239,5.942272910639113,5.97055609254918,122273882
175,1996-09-02,6.015809059143066,6.037021728440736,5.970555969023208,5.99883915034812,118106171
176,1996-09-03,5.864494800567627,6.07803196643997,5.8291407300097395,6.0370216374410095,276108098
177,1996-09-04,5.871565818786621,5.885706842937569,5.80085767612267,5.833383618172186,135678901
178,1996-09-05,5.959242820739746,5.974798475372084,5.8956055710310125,5.8956055710310125,143526971
179,1996-09-06,5.9097466468811035,5.991767665364422,5.885705476001103,5.983282524010388,111851802
180,1996-09-09,5.864494800567627,5.911161765746304,5.840453624630529,5.908333636525767,108053807
181,1996-09-10,5.812170505523682,5.858837468165564,5.77681719236487,5.858837468165564,144573101
182,1996-09-11,5.749948501586914,5.880050754230801,5.716008684965386,5.8008574710419305,124726054
183,1996-09-12,5.707523345947266,5.747119419574035,5.614189042312434,5.713180359595232,271684106
184,1996-09-13,5.658027648925781,5.7513615648422025,5.643885871795232,5.740048671971781,181943862
185,1996-09-16,5.455803871154785,5.629744949330544,5.413378913907665,5.629744949330544,209209043
186,1996-09-17,5.537825107574463,5.600047348037386,5.45297594539466,5.460046079345259,177238381
187,1996-09-18,5.807928562164307,5.8687365485213645,5.508127990984345,5.515198124856744,203848156
188,1996-09-19,5.5986328125,5.87015093049982,5.571763511388614,5.824897847876752,245822166
189,1996-09-20,5.567521572113037,5.683482031081571,5.543480777254009,5.588733860405783,159067662
190,1996-09-23,5.495399475097656,5.571763485055291,5.434591495522119,5.544895317286648,163084127
191,1996-09-24,5.537825107574463,5.59721921890942,5.501057162479124,5.515198185857583,132116180
192,1996-09-25,5.577421188354492,5.684897272377522,5.557623151219565,5.597219225489419,148154028
193,1996-09-26,5.489744663238525,5.568936817383339,5.44449157202588,5.549138778847135,131553203
194,1996-09-27,5.321459770202637,5.485501079307427,5.293176212753549,5.485501079307427,258151647
195,1996-09-30,5.40347957611084,5.427520748942861,5.24368066345421,5.288933369308611,248744886
196,1996-10-01,5.389338970184326,5.454390094002285,5.332772989064453,5.430348919314145,186225010
197,1996-10-02,5.389338970184326,5.389338970184326,5.389338970184326,5.389338970184326,0
198,1996-10-03,5.365297794342041,5.512369561510803,5.325701723675958,5.444490691151402,152664847
199,1996-10-04,5.393580913543701,5.437420124464091,5.267721805297103,5.394995166933725,180091079
200,1996-10-07,5.288933753967285,5.406308853638537,5.105093655108135,5.406308853638537,272128046
201,1996-10-08,5.31156063079834,5.373783633594723,5.134791397533109,5.263479786154598,196707309
202,1996-10-09,5.380853652954102,5.430348743176595,5.296004495157128,5.373782763891484,175357589
203,1996-10-10,5.525097370147705,5.543481532116153,5.339843385680717,5.365298437289128,194458201
204,1996-10-11,5.518027305603027,5.614189366131087,5.461461320985585,5.550552491784471,218296503
205,1996-10-14,5.355400085449219,5.486916231605509,5.332773915712812,5.465703937782279,161673883
206,1996-10-15,5.339843273162842,5.416208048640322,5.253580234518453,5.321459867059042,162204650
207,1996-10-16,5.331359386444092,5.457218889225011,5.312975600874985,5.431763835762141,139300441
208,1996-10-17,5.468530654907227,5.5151976137172145,5.256407393724517,5.304489361298273,280674936
209,1996-10-18,5.509541988372803,5.600047025863094,5.4246928310744265,5.5010568459998,449426646
210,1996-10-21,5.509541988372803,5.509541988372803,5.509541988372803,5.509541988372803,0
211,1996-10-22,5.70611047744751,5.812171569556389,5.550553151352818,5.550553151352818,404608341
212,1996-10-23,6.038435459136963,6.072374518311132,5.911161343063515,6.001667515467252,321409556
213,1996-10-24,5.959242820739746,6.247730124766324,5.899848709091891,6.079445675214837,664698198
214,1996-10-25,6.051163196563721,6.087931143819813,5.9267179528473015,5.938030847762624,307185279
215,1996-10-28,5.983283996582031,6.109143117300525,5.953586938880453,6.080860313129114,198911602
216,1996-10-29,5.889949798583984,6.109142843161751,5.827726801174002,5.955000547450099,255387177
217,1996-10-30,5.889949798583984,5.889949798583984,5.889949798583984,5.889949798583984,0
218,1996-10-31,5.713179588317871,5.7853008365137315,5.645299588830919,5.7853008365137315,174959864
219,1996-11-01,5.564693927764893,6.109142582100573,5.52792598337224,5.75419028561461,176580174
220,1996-11-04,5.337014198303223,5.515197257802064,5.2832763542667935,5.515197257802064,219855194
221,1996-11-05,5.236610412597656,5.39216772874925,5.204085224630251,5.3214603385295565,171643620
222,1996-11-06,5.174386501312256,5.23943761179552,4.982061676094891,5.123476788775488,375113658
223,1996-11-07,5.246508598327637,5.27054977200169,5.175801597083585,5.243680847111925,197698821
224,1996-11-08,5.29317569732666,5.32004462100056,5.105093231609364,5.274791537870375,156443236
225,1996-11-11,5.188528537750244,5.259236291660992,5.1135784017073425,5.168730502641128,160514318
226,1996-11-12,5.188528537750244,5.188528537750244,5.188528537750244,5.188528537750244,0
227,1996-11-13,5.280448913574219,5.310145968113563,5.147518539359726,5.147518539359726,91577621
228,1996-11-14,5.211156368255615,5.2889342689999,5.185701315535145,5.260651464681734,79014267
229,1996-11-15,5.277620792388916,5.314388736142097,5.177215601585234,5.19418550894946,89604400
230,1996-11-18,5.421863555908203,5.436005332931219,5.30307534863266,5.30307534863266,160543727
231,1996-11-19,5.35398530960083,5.457218639083162,5.301661329233375,5.43459247155358,147561641
232,1996-11-20,5.171558856964111,5.359642101132033,5.1503469438291445,5.359642101132033,116320609
233,1996-11-21,5.081053733825684,5.221055002509112,5.030143632139156,5.163074011395163,209685193
234,1996-11-22,5.030143737792969,5.110750896838214,4.996203921114828,5.0259017328815,232072639
235,1996-11-25,5.270550727844238,5.382268829964755,4.914184128393203,5.013174325825886,357273443
236,1996-11-26,5.356812953948975,5.505298982786994,5.1772156170529,5.362469967492568,398213928
237,1996-11-27,5.136205673217773,5.17580174615028,5.013173561042814,5.17580174615028,222453012
238,1996-11-28,5.109337329864502,5.202671264761479,5.0768113869451374,5.147519153761389,130021121
239,1996-11-29,5.127720832824707,5.184286816521293,5.099438029845734,5.144689985777994,100735104
240,1996-12-02,5.114992618560791,5.174387483328491,5.0669117808700195,5.098022711161251,73168828
241,1996-12-03,5.156003475189209,5.271963559677098,5.082467213001546,5.090952355200192,200186004
242,1996-12-04,5.083881855010986,5.119235924354228,5.00893171150876,5.119235924354228,134967477
243,1996-12-05,5.171558856964111,5.229539848979992,4.999032778542135,5.03721497766235,189137926
244,1996-12-06,5.180043697357178,5.23095379686166,5.147518513957809,5.197013604612467,111482086
245,1996-12-09,5.171558856964111,5.219640830270795,5.143276054291731,5.147518814657361,81383813
246,1996-12-10,5.082467079162598,5.15883146824647,5.049941142286008,5.147518197438593,109884183
247,1996-12-11,5.437419891357422,5.438833766948212,5.103679525414024,5.103679525414024,204542775
248,1996-12-12,5.318630218505859,5.525096460148515,5.2974183085569155,5.486914644501836,242914851
249,1996-12-13,5.320044994354248,5.345500044270674,5.240852848796006,5.291761815413007,126536824
250,1996-12-16,5.509541988372803,5.5434810469103795,5.353984696340968,5.353984696340968,198617510
251,1996-12-17,5.436005592346191,5.546309796339848,5.379439614770455,5.501056712088379,168830135
252,1996-12-18,5.516613483428955,5.621260688196151,5.477016651656456,5.515198474444355,197738033
253,1996-12-19,5.519441604614258,5.585906608757478,5.451562346965811,5.5010574422622565,133691676
254,1996-12-20,5.769746780395508,5.812170986338822,5.588734795248638,5.588734795248638,359023994
255,1996-12-23,5.683483123779297,5.796615853409456,5.645300921963784,5.796615853409456,208125102
256,1996-12-24,5.672168731689453,5.713179810262171,5.614188502497575,5.667926727338604,152832900
257,1996-12-25,5.672168731689453,5.672168731689453,5.672168731689453,5.672168731689453,0
258,1996-12-26,5.932374000549316,5.960657182979738,5.769746929225043,5.769746929225043,144718746
259,1996-12-27,5.932374000549316,5.932374000549316,5.932374000549316,5.932374000549316,0
260,1996-12-30,5.932374000549316,5.932374000549316,5.932374000549316,5.932374000549316,0
261,1996-12-31,5.844696044921875,5.967727016807242,5.800856836609727,5.9606561280164305,104373449
262,1997-01-01,6.205306053161621,6.23641698534931,5.9253035083473735,5.9253035083473735,282841417
263,1997-01-02,6.058233261108398,6.22227455902812,6.041263354439206,6.220860305704371,208595650
264,1997-01-03,6.128941059112549,6.144497092221753,6.011567083687434,6.011567083687434,196512647
265,1997-01-06,6.089344501495361,6.19399169803291,6.066718335851175,6.1657088965430225,131549002
266,1997-01-07,6.131769180297852,6.178436518336834,6.0469200242103955,6.083688344404323,192860298
267,1997-01-08,6.232173442840576,6.362275286592422,6.179849476976909,6.277425765356156,270772419
268,1997-01-09,6.218033313751221,6.276013174241039,6.1473251717935415,6.186922003261668,201638261
269,1997-01-10,6.295810699462891,6.346720421540073,6.257628880078275,6.321265749370791,203125529
270,1997-01-13,6.2859110832214355,6.307124126444603,6.179850022229983,6.222274219983416,167282648
271,1997-01-14,6.536216735839844,6.660662722374304,6.267527859725592,6.335407488744388,215142711
272,1997-01-15,6.994403839111328,6.994403839111328,6.605511317663308,6.646521647900629,367418236
273,1997-01-16,6.820462703704834,7.485114260234443,6.717229751952805,7.485114260234443,426196135
274,1997-01-17,6.891171455383301,6.985919649899457,6.589955828166925,6.589955828166925,364585144
275,1997-01-20,6.645107269287109,6.915210800028162,6.598440681316395,6.901069776026028,215271551
276,1997-01-21,6.515005588531494,6.7030876996578295,6.451367960374428,6.604097512474113,227253722
277,1997-01-22,6.96046257019043,6.971775840533377,6.703086614234808,6.703086614234808,292349010
278,1997-01-23,6.96046257019043,6.96046257019043,6.96046257019043,6.96046257019043,0
279,1997-01-24,7.328143119812012,7.386122972415712,7.127332749223587,7.127332749223587,520318358
280,1997-01-27,7.588348865509033,7.777845241359405,7.452589591338033,7.495014175647142,516657606
281,1997-01-28,7.784914016723633,7.81036906382085,7.569962636053826,7.742489441879705,335030243
282,1997-01-29,7.756631851196289,8.145524322630719,7.588347791322325,8.145524322630719,503528474
283,1997-01-30,7.748148441314697,7.876836452065666,7.594005376940134,7.608147157339614,592714143
284,1997-01-31,7.574204921722412,7.721277441393693,7.466729227393527,7.595417209932661,512306436
285,1997-02-03,7.157029628753662,7.487942229571755,7.070766978590399,7.33945621292314,386045499
286,1997-02-04,7.461073398590088,7.577033863772539,7.116020509760587,7.144303310507431,487395396
287,1997-02-05,7.439861297607422,7.7467323442665865,7.390364700249088,7.678851965597788,367611497
288,1997-02-06,7.560064792633057,7.644913955493494,7.340870618258751,7.439862315565617,445404581
289,1997-02-07,7.73966121673584,7.790570557303478,7.523296330454085,7.594003705938183,454092915
290,1997-02-10,7.71137809753418,7.763700933729178,7.577033107570794,7.74248940189391,322994855
291,1997-02-11,7.775015830993652,7.832995686558888,7.636428821319486,7.663298124514873,253800477
292,1997-02-12,7.7453179359436035,7.869763921441798,7.681681823049572,7.7778442522868385,251775440
293,1997-02-13,7.71703577041626,7.776430639071739,7.6533996522837855,7.700066239644571,202465921
294,1997-02-14,7.74955940246582,7.777842954005645,7.68592254471686,7.692993810340364,144386842
295,1997-02-17,7.782087326049805,7.919260099686231,7.735419980641841,7.8485527102740775,233793781
296,1997-02-18,7.58693265914917,7.791985791585548,7.530366303838349,7.791985791585548,250776926
297,1997-02-19,7.71703577041626,7.738248817096798,7.536024168450014,7.639257117511903,290382791
298,1997-02-20,7.640671730041504,7.73541991816998,7.598247901118691,7.692996089247167,209330882
299,1997-02-21,7.531782150268555,7.618045568407261,7.506327098678441,7.5798629910220905,200382065
300,1997-02-24,7.248950958251953,7.480871903140606,7.213596888496478,7.475214889350641,239367535
301,1997-02-25,7.396022796630859,7.603903700932626,7.157030582678333,7.21218269016563,513271340
302,1997-02-26,7.462488174438477,7.509155516641566,7.308345124204308,7.350769706033562,257479435
303,1997-02-27,7.6279449462890625,7.657642004223803,7.492185672054843,7.497842686219928,279361322
304,1997-02-28,8.308152198791504,8.456638237681839,8.08895801868282,8.237444057573153,165116166
305,1997-03-03,8.63199234008789,8.8667417637722,8.583910750537592,8.685730187273835,335152081
306,1997-03-04,8.708357810974121,8.766338430230041,8.55421550327945,8.668761732737302,292860171
307,1997-03-05,8.596638679504395,9.049168019805053,8.43401163248507,8.994015916742992,627047348
308,1997-03-06,8.504719734191895,8.569770866497644,8.385930742828236,8.45946664120053,417566619
309,1997-03-07,8.504719734191895,8.504719734191895,8.504719734191895,8.504719734191895,0
310,1997-03-10,8.09461498260498,8.326535931661175,8.049361893381153,8.326535931661175,383942037
311,1997-03-11,7.663299560546875,8.117242493885502,7.579863884050249,8.03239256374755,567678463
312,1997-03-12,7.883905410766602,8.028149440899341,7.766531440601763,7.944714531493012,436392744
313,1997-03-13,7.7806715965271,7.9715829471315836,7.732590762162168,7.960269676314449,278082720
314,1997-03-14,7.937641620635986,8.060673334580045,7.659053392168699,7.692993956853727,679037311
315,1997-03-17,8.04794692993164,8.08895725511889,7.879662869138215,7.974411044168776,474945478
316,1997-03-18,8.154010772705078,8.284113041190029,8.021079996954619,8.046534295912087,463348428
317,1997-03-19,7.985724449157715,8.350576132860585,7.947541874550356,8.313808567102273,355162979
318,1997-03-20,8.03946304321289,8.144110247630488,7.841481906921001,7.933401585292718,430199995
319,1997-03-21,8.161079406738281,8.227544785466154,8.096029036925788,8.145524885350795,297467621
320,1997-03-24,8.161079406738281,8.161079406738281,8.161079406738281,8.161079406738281,0
321,1997-03-25,8.161079406738281,8.25865685015018,8.090372778650588,8.22330278062907,318629681
322,1997-03-26,8.250170707702637,8.368959666423674,8.217644395010486,8.251584205427516,417441980
323,1997-03-27,8.247343063354492,8.278454370619404,8.159665399481915,8.216231000612364,223496340
324,1997-03-28,8.247343063354492,8.247343063354492,8.247343063354492,8.247343063354492,0
325,1997-03-31,7.432790756225586,7.670367949611404,7.422891737979395,7.670367949611404,3646747
326,1997-04-01,7.384710788726807,7.521882806951161,6.787937339456853,6.854402723712744,479214021
327,1997-04-02,7.5091552734375,7.6887518581888665,7.417234845466356,7.63360050797888,369832596
328,1997-04-03,7.577034950256348,7.629358554653252,7.444104936660176,7.521882838736008,291468133
329,1997-04-04,7.544508457183838,7.572792013986114,7.411578459931192,7.4639020578949955,195533739
330,1997-04-07,7.468145847320557,7.521882950601023,7.418649993833658,7.516226691747363,177526872
331,1997-04-08,7.468145847320557,7.468145847320557,7.468145847320557,7.468145847320557,0
332,1997-04-09,7.756631851196289,7.782086144892119,7.640670632054399,7.6901664770600675,352918072
333,1997-04-10,7.526124477386475,7.685923773876892,7.247536209672093,7.650569706536713,344044880
334,1997-04-11,7.574204921722412,7.663297589873507,7.256021354045856,7.268748122590263,283048683
335,1997-04-14,7.574204921722412,7.574204921722412,7.574204921722412,7.574204921722412,0
336,1997-04-15,7.5105695724487305,7.619459542025252,7.4554174608789765,7.572792951833407,189804536
337,1997-04-16,7.5105695724487305,7.5105695724487305,7.5105695724487305,7.5105695724487305,0
338,1997-04-17,7.910775661468506,7.943301228150198,7.574206721219805,7.608147296992497,360463647
339,1997-04-18,7.910775661468506,7.910775661468506,7.910775661468506,7.910775661468506,0
340,1997-04-21,8.462294578552246,8.465122329813333,7.950371121824107,7.961684393300141,407274780
341,1997-04-22,8.56552791595459,8.99401648754137,8.401485849702423,8.654619083037671,726681706
342,1997-04-23,8.671588897705078,8.796034882937766,8.640477590266212,8.767751326737182,382890306
343,1997-04-24,8.61502456665039,8.732400068173021,8.572600733327763,8.706945012702047,280897606
344,1997-04-25,8.639062881469727,8.657447418674067,8.549970968445953,8.568355505650294,242518527
345,1997-04-28,8.63199234008789,8.699871209101541,8.583910750537592,8.626335326975065,173475397
346,1997-04-29,8.630579948425293,8.646135226886477,8.572600084375654,8.599467880548241,156500655
347,1997-04-30,8.759265899658203,8.902094901308711,8.73946786510133,8.838458037885694,339969597
348,1997-05-01,8.759265899658203,8.759265899658203,8.759265899658203,8.759265899658203,0
349,1997-05-02,8.636237144470215,8.709773050438367,8.619267610584266,8.682903740395286,163351611
350,1997-05-05,8.460881233215332,8.555629419822337,8.43684043431402,8.518861850187207,257829546
351,1997-05-06,8.564114570617676,8.598054390214587,8.458053106550665,8.484921658224883,198544687
352,1997-05-07,8.507548332214355,8.598053755649172,8.490578045929693,8.598053755649172,138215100
353,1997-05-08,8.53724479675293,8.552800073001285,8.467950913894667,8.510375493447976,99379477
354,1997-05-09,8.518860816955566,8.566941653449277,8.499062025541104,8.555628382131248,85274238
355,1997-05-12,8.284111022949219,8.534414968031443,8.261483725815165,8.513203435139959,273476670
356,1997-05-13,8.277042388916016,8.329365999834442,8.247345326850546,8.272799627702053,166270129
357,1997-05-14,8.37320327758789,8.397244075681984,8.149767093805654,8.281282845631871,357819615
358,1997-05-15,8.319464683532715,8.385929302536402,8.294010389704884,8.322293190228214,195812427
359,1997-05-16,8.668612480163574,8.690670006287444,8.62008639403929,8.63184967476366,116368224
360,1997-05-19,8.73919677734375,8.85536604698738,8.695081725604076,8.764195516150998,161148717
361,1997-05-20,8.737727165222168,8.787723862945876,8.711258602514487,8.74213898513035,64619137
362,1997-05-21,8.602439880371094,8.734785036784768,8.574499928374223,8.734785036784768,153425287
363,1997-05-22,8.524504661560059,8.63185109689386,8.455390858830398,8.620087814231443,246214290
364,1997-05-23,8.536266326904297,8.65978861589417,8.42891992178775,8.499504311376334,333323105
365,1997-05-26,8.474507331848145,8.564207265370957,8.455390231384174,8.506857535139961,142541061
366,1997-05-27,8.371569633483887,8.599497885024656,8.299515428067291,8.508326584408348,338209243
367,1997-05-28,8.309809684753418,8.465682174700143,8.289222766941215,8.41127366745923,145064655
368,1997-05-29,8.653907775878906,8.711257499521468,8.261283349080113,8.290693121336139,507298460
369,1997-05-30,8.853896141052246,8.89360016210762,8.653908571512071,8.70684648067213,479755992
370,1997-06-02,8.956830978393555,8.998004817909667,8.83919110024164,8.92595059875647,327784362
371,1997-06-03,8.921539306640625,9.14358518878291,8.852426296390453,8.970066181496254,361266100
372,1997-06-04,8.933303833007812,9.039180432758368,8.89801163309096,8.999475627678846,174758201
373,1997-06-05,9.139174461364746,9.2715204167239,8.978889336767642,9.011241111477533,594454891
374,1997-06-06,9.062707901000977,9.212698770667147,9.043591587051065,9.175936749314307,271443230
375,1997-06-09,9.084765434265137,9.171524935953054,8.955361485007256,8.999475753544786,324115207
376,1997-06-10,9.222992897033691,9.264166737494165,9.11123465671491,9.175936630461486,306291798
377,1997-06-11,9.331809997558594,9.42592253144186,9.295047190812891,9.33769163813609,283600456
378,1997-06-12,9.52885627746582,9.556795442465003,9.322986306459196,9.334749586557543,410819296
379,1997-06-13,9.496505737304688,9.661201878927312,9.425922125512354,9.587676268602301,309634650
380,1997-06-16,9.274460792541504,9.470037332854886,9.212699242308542,9.437686343906368,269447602
381,1997-06-17,9.406806945800781,9.499448102472444,9.356809457734338,9.38180820176756,271997805
382,1997-06-18,9.521504402160645,9.689142554842848,9.480330560073334,9.587676985049727,239045434
383,1997-06-19,10.0552978515625,10.117058615804886,9.397983045020615,9.440627494461374,579468774
384,1997-06-20,10.57879638671875,10.749374962054567,10.161173194849798,10.177348295667091,712670296
385,1997-06-23,10.736140251159668,10.931716794619145,10.683203125389214,10.690555373038366,374255188
386,1997-06-24,10.84789752960205,10.94053866307118,10.681730789224327,10.73466869200388,306394030
387,1997-06-25,10.83907413482666,11.290518888960388,10.76407870540464,11.146409670299478,703592639
388,1997-06-26,11.166996955871582,11.469919896384967,10.355279521230848,10.830251637268594,1176069141
389,1997-06-27,10.871424674987793,11.131703936024952,10.837603870552904,11.081706461402307,399355288
390,1997-06-30,10.833191871643066,10.878778315253207,10.633204318709803,10.734669094429567,403447375
391,1997-07-01,10.755256652832031,10.993477631215907,10.646439623911967,10.940539723306204,442137352
392,1997-07-02,10.886130332946777,11.084648060820722,10.822898184272443,10.894953971538795,352633783
393,1997-07-03,10.742021560668945,10.925834803007033,10.70819996807124,10.830251665605502,225940109
394,1997-07-04,10.55673885345459,10.800842256755741,10.490566272520438,10.77143169706473,309913338
395,1997-07-07,10.597912788391113,10.742022018298835,10.509682679695793,10.52879899375833,275138993
396,1997-07-08,10.469980239868164,10.63908743731875,10.41115990107899,10.574385457440902,308917624
397,1997-07-09,10.747902870178223,10.78760688752559,10.675848653302461,10.70525842551578,215082492
398,1997-07-10,10.794960021972656,10.940539859724908,10.719964586033749,10.822899190036,345238055
399,1997-07-11,10.550854682922363,10.67584757699318,10.508210242559215,10.658201086979963,242305660
400,1997-07-14,10.17881965637207,10.528798874063385,10.117058109639217,10.47291975348624,317003769
401,1997-07-15,10.224404335021973,10.334692753101875,10.161172968543697,10.256756107096868,270226247
402,1997-07-16,10.317046165466309,10.467037030051076,10.267049472464851,10.381748923439362,295184902
403,1997-07-17,10.293519020080566,10.367044638509144,10.221464793870684,10.322928796103715,195743805
404,1997-07-18,10.293519020080566,10.293519020080566,10.293519020080566,10.293519020080566,0
405,1997-07-21,10.15087890625,10.172936431441125,10.065590018332413,10.146467086979634,112578631
406,1997-07-22,10.12588119506836,10.217052517925369,10.080295533639855,10.205288450925096,163882378
407,1997-07-23,10.592029571533203,10.631732803250305,10.227345882689185,10.234697343757817,406262261
408,1997-07-24,10.440568923950195,10.731728597961387,10.38174937498785,10.67584947654086,328082656
409,1997-07-25,10.31851577758789,10.422921758601273,10.17734699442946,10.381747922970224,302769689
410,1997-07-28,10.342042922973633,10.41115749244409,10.264107072281705,10.352336381682772,154803320
411,1997-07-29,10.422924041748047,10.440569750717993,10.294990687764711,10.322929072316716,241113885
412,1997-07-30,10.393512725830078,10.550855833323567,10.368513201593773,10.49497671575286,136464549
413,1997-07-31,10.58761978149414,10.61408912946845,10.37292692678425,10.418511804059293,245046322
414,1997-08-01,10.697906494140625,10.725845660729632,10.572913583784647,10.615558815284276,302729077
415,1997-08-04,10.671439170837402,10.777314994660724,10.640558002106827,10.734670543799094,208057881
416,1997-08-05,10.911128997802734,10.969949331020713,10.653791709332447,10.705259009910423,265491357
417,1997-08-06,10.977302551269531,11.028770638307538,10.884661408645881,10.999359292825275,42514580
418,1997-08-07,10.959656715393066,11.11700141346789,10.650851316969632,10.650851316969632,486993470
419,1997-08-08,10.959656715393066,11.005242378952017,10.881720062466549,10.884662061329655,191725941
420,1997-08-11,11.122880935668945,11.156703313204304,10.889071790494539,10.940539088869349,281715463
421,1997-08-12,11.133174896240234,11.337575849211827,11.028770473908649,11.15670381515923,352814440
422,1997-08-13,11.014063835144043,11.075825378337282,10.940539011474385,10.996418128849044,170164755
423,1997-08-14,10.964067459106445,11.053768170778191,10.942009932812752,10.984654378903175,148990091
424,1997-08-15,10.964067459106445,10.964067459106445,10.964067459106445,10.964067459106445,0
425,1997-08-18,10.742021560668945,10.939068690283204,10.709670574564234,10.939068690283204,129472148
426,1997-08-19,10.649380683898926,10.81554745024832,10.587619918599703,10.762609539194635,173535616
427,1997-08-20,10.758197784423828,10.777314098272416,10.597912669778358,10.661144037480868,158563504
428,1997-08-21,10.562621116638184,10.82289963608864,10.537623160681909,10.792019253615267,133286949
429,1997-08-22,10.242053031921387,10.587621283321734,10.219995500674141,10.543506220827245,271782137
430,1997-08-25,9.997947692871094,10.167054876770415,9.881778416849652,10.167054876770415,288371758
431,1997-08-26,10.045004844665527,10.187642694395972,9.98030207869456,10.028828956777662,277091208
432,1997-08-27,10.215581893920898,10.584679004436872,10.190583938970855,10.349397664832892,178109455
433,1997-08-28,9.974419593811035,10.205288325685062,9.942068606352406,10.156761451706906,216221050
434,1997-08-29,9.714139938354492,9.96706697349779,9.643556325441818,9.943538840666767,294670941
435,1997-09-01,9.942069053649902,9.996477570713658,9.705317884906185,9.727375413055828,276420397
436,1997-09-02,9.96118450164795,10.078824379681166,9.778841865837054,9.999417913717469,305511752
437,1997-09-03,10.006770133972168,10.189112769297841,9.955302049185526,10.131763044136367,269645064
438,1997-09-04,10.12588119506836,10.161173396069179,9.911188347079133,9.972949109645242,267762872
439,1997-09-05,10.158231735229492,10.215581461130748,10.06117877593989,10.161172948245044,236878952
440,1997-09-08,10.139116287231445,10.161173815570042,9.999418869613825,10.058238421463104,132862615
441,1997-09-09,10.149408340454102,10.217051522721702,10.093530009621238,10.169996044884536,155177238
442,1997-09-10,10.06412124633789,10.117059159329731,10.000889086505488,10.06265142522688,139542717
443,1997-09-11,10.219993591308594,10.333222440045116,10.081766002340801,10.10235370849506,299061322
444,1997-09-12,10.158231735229492,10.199406360706014,10.111176254882666,10.158231735229492,140132303
445,1997-09-15,10.136174201965332,10.197935747348431,10.103824001137594,10.136174201965332,84919926
446,1997-09-16,10.334693908691406,10.417041597855986,10.150880643585277,10.150880643585277,236806129
447,1997-09-17,10.356749534606934,10.411158043687546,10.337632436923215,10.356749534606934,19456323
448,1997-09-18,10.20676040649414,10.264110142502657,10.13176496044325,10.234699578324653,160477906
449,1997-09-19,10.20676040649414,10.337634981786595,10.190585303218722,10.233229757138236,146973456
450,1997-09-22,9.917069435119629,10.184700962485437,9.88471844906688,10.184700962485437,170684319
451,1997-09-23,9.90971851348877,9.984713955477568,9.852368780586573,9.884719770965672,136332907
452,1997-09-24,10.005300521850586,10.172937095786379,9.986183422677573,10.08764820229899,109529872
453,1997-09-25,10.214110374450684,10.249402572236992,9.940597216372428,9.97000698840417,282614546
454,1997-09-26,10.344987869262695,10.43468859613352,10.264109997288232,10.264109997288232,254887219
455,1997-09-29,10.537623405456543,10.649380870492278,10.442040256977144,10.46998021242144,241050865
456,1997-09-30,10.630263328552246,10.674378381043544,10.492035745103303,10.524386731224896,198828976
457,1997-10-01,10.614089012145996,10.690555056406005,10.437628003568536,10.617029439770283,241237123
458,1997-10-02,10.614089012145996,10.614089012145996,10.614089012145996,10.614089012145996,0
459,1997-10-03,10.614089012145996,10.614089012145996,10.614089012145996,10.614089012145996,0
460,1997-10-06,10.614089012145996,10.614089012145996,10.614089012145996,10.614089012145996,0
461,1997-10-07,10.614089012145996,10.614089012145996,10.614089012145996,10.614089012145996,0
462,1997-10-08,10.614089012145996,10.614089012145996,10.614089012145996,10.614089012145996,0
463,1997-10-09,11.274343490600586,11.34933970884186,10.683202097179079,10.712611870525595,571827969
464,1997-10-10,12.396336555480957,12.402218981330352,11.3728667310808,11.3728667310808,842876276
465,1997-10-13,12.652205467224121,12.963951271921264,12.511036666326829,12.643381827982727,821158240
466,1997-10-14,11.74931526184082,12.738964278760312,11.49933023188525,12.587502025862056,829693927
467,1997-10-15,11.828723907470703,11.99047963910046,11.62432372577252,11.814019412290156,407386815
468,1997-10-16,11.89195442199707,12.155174119215326,11.752256238017509,11.90960012800821,453279259
469,1997-10-17,11.947835922241211,12.165470005841462,11.875780906228917,11.940482888619233,419364785
470,1997-10-20,12.06694507598877,12.094884243886082,11.76402133531556,11.912542385322528,262550431
471,1997-10-21,12.015477180480957,12.346340072700023,11.91107119010987,12.087531399293372,492254926
472,1997-10-22,12.12723445892334,12.316929338202414,12.08017819432504,12.175761329987886,327551889
473,1997-10-23,11.924306869506836,12.219878392776652,11.797844119561388,12.146352770846013,392390896
474,1997-10-24,11.644909858703613,11.911071573104808,11.478743889587856,11.911071573104808,450881704
475,1997-10-27,22.257526397705078,23.13100534990621,22.15459180246012,22.40457761509585,174379381
476,1997-10-28,20.06648063659668,22.181063683985336,20.034128862299415,22.181063683985336,207521512
477,1997-10-29,22.00754165649414,22.06342156174812,20.51939313093924,20.51939313093924,238464951
478,1997-10-30,21.32228660583496,21.88401898607936,21.034069740264545,21.88401898607936,85330255
479,1997-10-31,21.32228660583496,21.32228660583496,21.32228660583496,21.32228660583496,0
480,1997-11-03,21.339933395385742,21.869313993059468,20.766437747905876,21.35463788826756,138400658
481,1997-11-04,20.83114242553711,21.70461989684013,20.63115406899446,21.29287990215156,144830081
482,1997-11-05,10.743492126464844,11.014064080641157,10.684671794869825,10.822898592142634,95911986
483,1997-11-06,10.617030143737793,10.70526026108644,10.425864627622222,10.70526026108644,100382893
484,1997-11-07,10.50232982635498,10.581737082653566,10.417040929313748,10.472920051480868,51043964
485,1997-11-10,10.267049789428711,10.446450432753934,10.246462868993705,10.446450432753934,61176854
486,1997-11-11,10.319987297058105,10.431745534156764,10.208229059959447,10.240580045900597,61484950
487,1997-11-12,9.955301284790039,10.375865641821964,9.914127448586479,10.290575971082736,152259420
488,1997-11-13,9.646496772766113,9.911187874871118,9.514152400084207,9.893541382421239,154029577
489,1997-11-14,9.646496772766113,9.646496772766113,9.646496772766113,9.646496772766113,0
490,1997-11-17,9.834722518920898,9.896483282834375,9.611206026619929,9.725905485979755,118330241
491,1997-11-18,9.6112060546875,9.822958480349934,9.561209357884938,9.793548704911982,95344107
492,1997-11-19,9.252403259277344,9.575913934164985,9.211228630617871,9.575913934164985,161332175
493,1997-11-20,9.137702941894531,9.337691283214589,8.899481974322915,9.178876781113253,132565722
494,1997-11-21,9.140645027160645,9.287694691426397,8.999476218229658,9.064178981779923,100555147
495,1997-11-24,8.723021507263184,9.220051132877547,8.68478809656345,9.058295422599148,134209139
496,1997-11-25,9.264165878295898,9.434743650429416,8.652436040752491,8.67596495743683,221540624
497,1997-11-26,9.628850936889648,9.822957637755298,9.35239655762918,9.35239655762918,193414172
498,1997-11-27,9.820016860961914,9.852368636448206,9.35828014786635,9.587677504958105,180871125
499,1997-11-28,9.331809997558594,9.770019323106409,9.217110543283466,9.770019323106409,186496695
500,1997-12-01,9.45238971710205,9.525914534315286,9.131820319970291,9.240637332254787,104103164
501,1997-12-02,9.296517372131348,9.528856697552984,9.237697041144738,9.428862527665936,108302385
502,1997-12-03,9.331809997558594,9.484742079538485,9.246520317331779,9.346514491792542,105664655
503,1997-12-04,9.461212158203125,10.08764643314156,9.028883769348539,9.278869551051388,367892986
504,1997-12-05,9.605320930480957,10.025885236047769,9.417096692266123,9.417096692266123,260028938
505,1997-12-08,9.85530948638916,9.937657957573311,9.646497487995891,9.652379914442129,137464463
506,1997-12-09,9.172995567321777,9.972948969801422,8.946537869927305,9.88177843380327,246915210
507,1997-12-10,9.070058822631836,9.22887250903475,8.914185563058064,9.064176397813076,112307646
508,1997-12-11,9.181818008422852,9.261226045177946,8.802428244799474,9.06123691796511,153768395
509,1997-12-12,8.849485397338867,9.228875199002587,8.811252767194109,9.228875199002587,189119721
510,1997-12-15,9.096529006958008,9.140644848069934,8.68478901238448,8.831839459349567,177750242
511,1997-12-16,9.190642356872559,9.272990834415301,8.958302991495465,9.117117519680496,140796812
512,1997-12-17,9.24357795715332,9.405332858969379,9.12593809997621,9.29357464114001,74140734
513,1997-12-18,9.246520042419434,9.581795541620139,9.181818070088578,9.275930601173744,135859558
514,1997-12-19,9.455330848693848,9.487681830836754,9.146525519233187,9.196522205970298,127392493
515,1997-12-22,9.572972297668457,9.667084832637117,9.475919335167344,9.525916030184126,90738757
516,1997-12-23,9.678849220275879,9.725905489319706,9.581796254558324,9.61120602992049,84393360
517,1997-12-24,9.564148902893066,9.602382314456435,9.396511548648233,9.602382314456435,72745895
518,1997-12-25,9.564148902893066,9.564148902893066,9.564148902893066,9.564148902893066,0
519,1997-12-26,9.793547630310059,9.8376618958363,9.558266310300988,9.587676082511939,96386735
520,1997-12-29,9.967066764831543,10.01412224392806,9.793547770810964,9.793547770810964,81759832
521,1997-12-30,9.737667083740234,10.02882671602369,9.661201052583623,10.02882671602369,71475695
522,1997-12-31,9.864133834838867,9.967069243018079,9.705319294857293,9.705319294857293,61601187
523,1998-01-01,9.955301284790039,10.072942724638153,9.761195383618684,9.814134070829352,85954852
524,1998-01-02,9.958244323730469,10.067061351113995,9.925892551240912,9.999418164236578,45964566
525,1998-01-05,10.143528938293457,10.264110050719518,10.00824254390989,10.00824254390989,91759679
526,1998-01-06,10.061180114746094,10.146469018902987,9.928834938400362,10.075885396200233,68660809
527,1998-01-07,10.161174774169922,10.190585338449605,9.952363538570768,10.164115987713998,100660880
528,1998-01-08,9.899425506591797,10.158233441502565,9.837663950793159,10.128823663148305,112816006
529,1998-01-09,9.646496772766113,9.831780622797655,9.590618439152621,9.831780622797655,104302726
530,1998-01-12,9.199462890625,9.593557898207473,9.122996859275034,9.593557898207473,117221792
531,1998-01-13,9.287694931030273,9.464155946746347,9.190641961571794,9.190641961571794,85152399
532,1998-01-14,9.108293533325195,9.558266926505517,9.028885493517564,9.558266926505517,100106306
533,1998-01-15,9.199462890625,9.240637511798303,8.999474566915762,9.046530827925068,69335821
534,1998-01-16,9.246520042419434,9.293576307962017,9.14946708392315,9.252402468402453,48451749
535,1998-01-19,9.472979545593262,9.522977033703773,9.120059057586998,9.205347966033699,85051568
536,1998-01-20,9.317106246948242,9.655321453546097,9.237698979846332,9.517094628693588,75693822
537,1998-01-21,9.340633392333984,9.41121779683551,9.29945876358453,9.352397459750906,42754756
538,1998-01-22,9.172995567321777,9.317104796869055,9.134762153711902,9.317104796869055,48247284
539,1998-01-23,9.08182430267334,9.205346612428233,9.046532101946166,9.146527063463372,49873896
540,1998-01-26,9.08182430267334,9.08182430267334,9.08182430267334,9.08182430267334,0
541,1998-01-27,8.911246299743652,9.11123545008989,8.834780252695625,9.11123545008989,70613724
542,1998-01-28,8.717140197753906,8.940656693653285,8.62596887144014,8.828898445703595,87204745
543,1998-01-29,8.805370330810547,8.846544959756375,8.649497025978286,8.675966374187714,46620672
544,1998-01-30,9.070058822631836,9.090645738337015,8.808308986542551,8.84065996630501,83270907
545,1998-02-02,9.220051765441895,9.246520326437317,9.06417847022955,9.11711637780081,67724614
546,1998-02-03,9.36121940612793,9.414157311580267,9.155349424666445,9.249461169295003,86415597
547,1998-02-04,9.07594108581543,9.402392932128743,9.02006275484055,9.381806013226344,76480870
548,1998-02-05,9.184758186340332,9.258283003285822,9.058294684190578,9.058294684190578,58627351
549,1998-02-06,9.199462890625,9.264165642302956,9.134760924527361,9.199462890625,44069769
550,1998-02-09,9.296517372131348,9.364160556370855,9.178876710158127,9.225932974947415,54085722
551,1998-02-10,9.255343437194824,9.308280556162911,9.199463534152084,9.267106717689707,42983728
552,1998-02-11,8.970067024230957,9.234758165352417,8.878896477859229,9.199465175250344,58101486
553,1998-02-12,8.778900146484375,8.984770110861973,8.72596145984471,8.940655062382465,91721867
554,1998-02-13,8.87301254272461,8.925950447718176,8.770077945676114,8.820074637731043,44642550
555,1998-02-16,8.87301254272461,8.87301254272461,8.87301254272461,8.87301254272461,0
556,1998-02-17,8.899483680725098,9.05535621416615,8.840663338005479,8.931833887245217,69964619
557,1998-02-18,8.828897476196289,8.925950432785525,8.787722851865395,8.887717806968725,33233859
558,1998-02-19,8.987710952758789,9.140643808714776,8.825956029396174,8.864188654199904,87117918
559,1998-02-20,8.84360408782959,9.081825895329013,8.825958377161735,9.023006336049123,68251180
560,1998-02-23,8.981829643249512,9.014179840703036,8.855365352660309,8.887717121274468,49233895
561,1998-02-24,8.981829643249512,9.043590396610398,8.923008531434792,9.020062266116636,66949470
562,1998-02-25,9.24357795715332,9.29357464114001,9.017120309030588,9.087704694685005,83678435
563,1998-02-26,9.252403259277344,9.328869304529992,9.164172361053023,9.255344472520262,65605047
564,1998-02-27,9.422982215881348,9.48474377366897,9.264168464957224,9.272991320189583,95131240
565,1998-03-02,9.828841209411621,9.896484407430478,9.458274227079695,9.458274227079695,123609903
566,1998-03-03,9.437686920166016,9.881779509569087,9.328869879278468,9.7935493914894,99408886
567,1998-03-04,9.775900840759277,9.88177743153851,9.528856247854746,9.534738673465986,86848333
568,1998-03-05,9.80825138092041,10.1111750755185,9.646495682057807,9.734726563170332,118509498
569,1998-03-06,9.749433517456055,9.846486489934811,9.646498118146795,9.770020440201806,82727536
570,1998-03-09,10.634675979614258,10.71408323742394,9.805311985229089,9.805311985229089,264698007
571,1998-03-10,10.37880802154541,10.78760839005765,10.29351912034122,10.646440363958876,178525386
572,1998-03-11,10.117058753967285,10.575855814534995,9.978831943050263,10.478802847008517,198546087
573,1998-03-12,10.017065048217773,10.143528583232357,9.937658570936145,10.117059233751478,152676751
574,1998-03-13,10.017065048217773,10.017065048217773,10.017065048217773,10.017065048217773,0
575,1998-03-16,10.372926712036133,10.625852976852594,10.05235647206569,10.05235647206569,168154422
576,1998-03-17,10.281755447387695,10.381750418955917,10.158233125216928,10.337634574427316,117781969
577,1998-03-18,10.514094352722168,10.611147321068831,10.446451160534364,10.499389857432975,91482392
578,1998-03-19,10.364104270935059,10.596443641543908,10.314107569057967,10.54938736760274,89757749
579,1998-03-20,10.431745529174805,10.484683434727733,10.219993121382704,10.314105651770475,106067282
580,1998-03-23,10.599382400512695,10.646438663556829,10.499388234334088,10.499388234334088,24629551
581,1998-03-24,10.511151313781738,10.875835746992921,10.440566925838821,10.822897063245595,123780056
582,1998-03-25,10.814077377319336,10.85819322188521,10.5288001006247,10.675850559102757,125146887
583,1998-03-26,10.555268287658691,10.837605105415903,10.51409366104841,10.814076186224012,96842579
584,1998-03-27,10.611146926879883,10.631733847984357,10.48468418707227,10.534680883243073,85253931
585,1998-03-30,10.428804397583008,10.746432618959478,10.384689345014598,10.667026152800656,80663987
586,1998-03-31,10.293519020080566,10.467038034103947,10.234698682453796,10.372927065062056,112466596
587,1998-04-01,10.755256652832031,10.793489280818875,10.411159073048324,10.440568847313623,120689984
588,1998-04-02,10.696434020996094,10.940537373144895,10.667024253048375,10.793486962245794,82061627
589,1998-04-03,10.878779411315918,10.911129614438545,10.675849839430757,10.675849839430757,99024465
590,1998-04-06,10.872896194458008,10.98171400554555,10.82289871563665,10.925834886287772,78792998
591,1998-04-07,10.902305603027344,11.02876990235365,10.769961234622151,10.852308911459193,120966571
592,1998-04-08,10.902305603027344,10.902305603027344,10.902305603027344,10.902305603027344,0
593,1998-04-09,11.731669425964355,11.919893695978562,11.111117498937187,11.111117498937187,152860209
594,1998-04-10,11.466978073120117,11.758137697438453,11.42580423875762,11.7051997981752,99406085
595,1998-04-13,11.128763198852539,11.305223402792882,11.084648147867453,11.29934176259904,123310209
596,1998-04-14,11.128763198852539,11.128763198852539,11.128763198852539,11.128763198852539,0
597,1998-04-15,11.690497398376465,11.758140591811726,11.411101770183109,11.499331885867276,90094555
598,1998-04-16,11.466978073120117,11.7051997981752,11.419921813517094,11.68755330803392,61606789
599,1998-04-17,11.699317932128906,11.731668915757195,11.387571375728719,11.464037408448343,94924675
600,1998-04-20,11.634613990783691,11.89342261895232,11.558147965875284,11.746372994056287,101989899
601,1998-04-21,11.719905853271484,11.808135959004794,11.616970468055824,11.675791585985229,77515096
602,1998-04-22,11.649321556091309,12.161056453532268,11.587560014355827,11.881660873253542,162416817
603,1998-04-23,11.228758811950684,11.634617176132043,11.158175192638536,11.581680050833283,130202478
604,1998-04-24,11.269932746887207,11.340516361852572,11.002301210126632,11.24934504087604,142516553
605,1998-04-27,11.06700325012207,11.381690270198598,11.028770622118394,11.284637308058011,172497889
606,1998-04-28,10.881719589233398,11.084649156461534,10.82878168035054,11.058180594810322,149273680
607,1998-04-29,11.202288627624512,11.646379557649425,11.155232364508109,11.46403771644389,118086565
608,1998-04-30,11.290519714355469,11.343457622195142,11.093471791739336,11.149350912675777,100386394
609,1998-05-01,11.290519714355469,11.290519714355469,11.290519714355469,11.290519714355469,0
610,1998-05-04,11.455215454101562,11.499330506652544,11.299342163677375,11.322870296448619,76239994
611,1998-05-05,11.458155632019043,11.49050582968165,11.39345287995286,11.440509141244513,38495315
612,1998-05-06,11.589864730834961,11.838782476873714,11.553438376463605,11.832711688093145,68254681
613,1998-05-07,11.589864730834961,11.589864730834961,11.589864730834961,11.589864730834961,0
614,1998-05-08,11.535225868225098,11.608080208001828,11.480584707970515,11.544333268830242,52942962
615,1998-05-11,11.58076000213623,11.611115572602184,11.483621690138722,11.507905660005028,25085395
616,1998-05-12,11.252913475036621,11.55950814712898,11.070778475845696,11.55950814712898,98744377
617,1998-05-13,10.612406730651855,11.231666142820643,10.460628083020614,11.231666142820643,127637571
618,1998-05-14,10.849180221557617,10.928105325783266,10.327060051805226,10.472767063313087,173089576
619,1998-05-15,10.758115768432617,11.104172653703964,10.709546210322104,10.955428990123547,116201571
620,1998-05-18,10.876503944396973,11.016141019579777,10.834005175312608,10.834005175312608,57525204
621,1998-05-19,10.982749938964844,11.01917711146329,10.837042059815186,10.873468421469504,62047227
622,1998-05-20,11.122384071350098,11.15881123416476,10.934177468896287,11.000960195301216,84168590
623,1998-05-21,10.98882007598877,11.258986817052929,10.909894140667083,11.170954292530746,119844818
624,1998-05-22,11.040421485900879,11.079884442351954,10.928105025696437,11.019172513520989,62333618
625,1998-05-25,11.082921028137207,11.192201704940715,10.873465451612594,10.897751037489261,80383198
626,1998-05-26,11.040421485900879,11.085955229813154,10.97667456876121,11.049528072514576,48970612
627,1998-05-27,10.539551734924316,10.988818447629852,10.48187559740912,10.988818447629852,126653761
628,1998-05-28,10.096357345581055,10.569908905118663,10.05993098863849,10.478841391074202,165941026
629,1998-05-29,10.129749298095703,10.3817020452638,9.622806382112698,10.069037353139773,217219564
630,1998-06-01,10.032608985900879,10.806683556238468,9.932434896841066,10.260277738693137,244277480
631,1998-06-02,9.443705558776855,10.07814310077801,9.337459866685116,10.07814310077801,307202785
632,1998-06-03,10.066001892089844,10.13278462836785,9.625841695316751,9.71387422117779,146787197
633,1998-06-04,9.920293807983398,10.169211568843284,9.871724251471026,10.13885600144506,83354233
634,1998-06-05,9.592449188232422,9.889937287788696,9.495310084566057,9.844402724812134,112378368
635,1998-06-08,9.446741104125977,9.744228385297768,9.137111435303668,9.683516447045184,112073072
636,1998-06-09,9.398171424865723,9.607626189992914,9.307103924155491,9.501381313060246,101251866
637,1998-06-10,9.085505485534668,9.471025254443626,9.046043336407493,9.440669692742425,95872073
638,1998-06-11,9.209967613220215,9.261572978366434,8.863911492235838,8.991406194006567,98932036
639,1998-06-12,9.213001251220703,9.395136265043615,9.088542379164645,9.25549920488766,73049090
640,1998-06-15,8.845695495605469,9.185681560233395,8.803197541593466,9.185681560233395,60800835
641,1998-06-16,8.80319881439209,8.842661785140342,8.396429960120614,8.80319881439209,106880238
642,1998-06-17,9.325316429138184,9.513523016184001,9.000508600853504,9.000508600853504,81553967
643,1998-06-18,9.039972305297852,9.622805288977908,8.98533196646657,9.440670285644359,81733923
644,1998-06-19,8.624096870422363,8.93372650634087,8.56034913932053,8.93372650634087,70692848
645,1998-06-22,8.44803237915039,8.636238144906978,7.922875606355172,8.50570850963982,71736877
646,1998-06-23,8.454105377197266,8.57856343467926,8.196080241452043,8.408570814262282,89682825
647,1998-06-24,8.748557090759277,8.78498506975722,8.533031503581052,8.62106240764261,56495880
648,1998-06-25,8.94283390045166,9.058185365017463,8.772841286912065,8.772841286912065,69064836
649,1998-06-26,8.721236228942871,8.985332151380264,8.633204525078384,8.924620212071687,63260709
650,1998-06-29,8.8790864944458,8.906407069950705,8.621061359525063,8.712129674260096,39429409
651,1998-06-30,8.715165138244629,8.918549114321317,8.681772964649804,8.918549114321317,79295756
652,1998-07-01,8.636239051818848,8.736413949029007,8.484460427934394,8.56034973987662,56259906
653,1998-07-02,8.645347595214844,8.830517605742395,8.514817118111164,8.614991217742922,67963389
654,1998-07-03,8.47535514831543,8.678739151952065,8.411607402902566,8.648382773814888,48541377
655,1998-07-06,8.715165138244629,8.739449102282109,8.50874455175289,8.557314101515653,42251997
656,1998-07-07,8.70909595489502,8.845697243361325,8.669632982055273,8.733380736512691,67696605
657,1998-07-08,8.857836723327637,8.96711739385146,8.80926717605311,8.863908322158883,48881684
658,1998-07-09,8.860871315002441,9.015686537294531,8.815338380026915,8.89426348539087,63350338
659,1998-07-10,9.09461498260498,9.131042151559184,8.91247994867802,8.918550738081695,87972187
660,1998-07-13,8.967118263244629,9.373887044840638,8.879086558407467,9.112826919195166,83065042
661,1998-07-14,8.967118263244629,9.030866813777914,8.848730993839743,8.924620310681025,50045450
662,1998-07-15,8.979259490966797,9.252462780149553,8.933726555420812,9.167466075161432,60575364
663,1998-07-16,9.161396980285645,9.194788346418912,8.970154561434038,9.0339023046659,48055424
664,1998-07-17,9.067294120788574,9.22514437049668,8.991404795963836,9.167468224159792,57168792
665,1998-07-20,8.857836723327637,9.191751144574214,8.818373763456119,9.191751144574214,44508107
666,1998-07-21,8.563385963439941,8.945869152449081,8.52999378882042,8.876051436077512,79669674
667,1998-07-22,8.551243782043457,8.733379620909941,8.505710835881866,8.65141869613103,67297480
668,1998-07-23,8.238578796386719,8.587671461845476,8.20518742980075,8.578564062086034,76766560
669,1998-07-24,8.132332801818848,8.347859993116277,8.089834847858889,8.223401120202135,70514993
670,1998-07-27,7.938055515289307,8.256792607216553,7.89859336055769,8.196080664347939,55063930
671,1998-07-28,8.156618118286133,8.1960810858914,7.925914345207721,7.947163323593626,73167427
672,1998-07-29,8.408573150634766,8.490534089340775,8.09287178713177,8.19608251878273,78314047
673,1998-07-30,8.290183067321777,8.529994225352144,8.226436136172579,8.432856739562482,47829253
674,1998-07-31,8.253756523132324,8.408570958561066,8.226435947071275,8.314468463910238,32756309
675,1998-08-03,8.041265487670898,8.199115729756137,8.004839132454293,8.199115729756137,31122695
676,1998-08-04,8.089834213256836,8.165724337482427,8.026087287317486,8.026087287317486,44467495
677,1998-08-05,8.035194396972656,8.101977126820262,7.898593137508748,8.01394460943573,60496940
678,1998-08-06,7.910732746124268,8.120188282845254,7.880377188523854,8.105010909466923,69610308
679,1998-08-07,7.904664516448975,7.968411444748884,7.871272341613099,7.953232446329001,63951127
680,1998-08-10,7.6891374588012695,7.877344068757744,7.676995070712337,7.877344068757744,57364854
681,1998-08-11,7.543429851531982,7.683066928565628,7.503967692884075,7.683066928565628,86423299
682,1998-08-12,7.406827926635742,7.5161086022763515,7.2914756518796,7.406827926635742,69926107
683,1998-08-13,7.467540740966797,7.558607440804544,7.337010263929103,7.406828796897638,57538508
684,1998-08-14,7.312724590301514,7.503966177132279,7.28843981564937,7.467539825997958,75680518
685,1998-08-17,7.279333591461182,7.46754019899408,7.248977216207783,7.400756659942966,57642841
686,1998-08-18,6.948455810546875,7.273262904072095,6.927206020867398,7.270227103997308,105618441
687,1998-08-19,6.647931098937988,7.103269434135507,6.408119948722176,6.975774765147718,210072415
688,1998-08-20,7.179159164428711,7.182194153137399,6.64793073070164,6.726856248583529,156903281
689,1998-08-21,7.042557716369629,7.449326512258267,6.984881574073627,7.182194777806684,207838712
690,1998-08-24,6.945418834686279,7.18826661102831,6.690430291215136,7.027380567334711,85819709
691,1998-08-25,7.006130695343018,7.133625370982385,6.939348773910188,6.981846728841981,111176090
692,1998-08-26,7.006130695343018,7.006130695343018,7.006130695343018,7.006130695343018,0
693,1998-08-27,6.902921199798584,7.154874765898387,6.8634590424435,7.097199429893885,102959004
694,1998-08-28,6.544722080230713,6.8634587755304235,6.5143661079588355,6.8634587755304235,123102243
695,1998-08-31,6.502223491668701,6.641860545107708,6.423297971442937,6.556863425596462,66178528
696,1998-09-01,6.253305912017822,6.490081682975934,6.192594373387998,6.490081682975934,101085214
697,1998-09-02,6.371694564819336,6.453655088419023,6.314018010148246,6.435441503589526,63243904
698,1998-09-03,6.450618267059326,6.641860257341497,6.32615900096048,6.344372581761917,121776726
699,1998-09-04,6.963633060455322,6.966668049629947,6.493117302169908,6.493117302169908,205755556
700,1998-09-07,7.115411758422852,7.215586672973792,6.997024476167055,7.0971993907179955,155376101
701,1998-09-08,7.085055351257324,7.145767290634985,6.945418296110671,7.145767290634985,99037769
702,1998-09-09,7.163980007171631,7.388613763027805,7.103268882534938,7.218621154526084,165801682
703,1998-09-10,7.2671918869018555,7.370401788612134,7.060772083481298,7.136661407063205,190962701
704,1998-09-11,7.1427321434021,7.22469306633761,7.063807020423757,7.22469306633761,118251817
705,1998-09-14,7.458432674407959,7.4978956372357555,7.182194367145152,7.182194367145152,175759516
706,1998-09-15,7.324866771697998,7.437184066450711,7.291476217348654,7.434148266657512,124121764
707,1998-09-16,7.273261547088623,7.449325755917193,7.242905984536339,7.437183368727502,85479402
708,1998-09-17,7.300583362579346,7.431113033512713,7.230764827075628,7.267191994839832,128005886
709,1998-09-18,7.282369136810303,7.327903703170027,7.194337425704961,7.285404936736417,77779779
710,1998-09-21,7.440219402313232,7.573784854758055,7.3400445021357035,7.3400445021357035,138668842
711,1998-09-22,7.349152565002441,7.49485960734086,7.288440621658114,7.4584332521782475,126544527
712,1998-09-23,7.464503288269043,7.540393412506661,7.40379135104773,7.437183524652379,84826797
713,1998-09-24,7.631461143493652,7.664852507263286,7.522179653193457,7.522179653193457,109968210
714,1998-09-25,7.686103343963623,7.783240838033512,7.607177406988257,7.607177406988257,124609117
715,1998-09-28,7.607176303863525,7.76199073359793,7.588963127722038,7.731635169747477,79287353
716,1998-09-29,7.330938816070557,7.70128046630362,7.258085292521306,7.616284553688826,120818124
717,1998-09-30,7.239870548248291,7.358258626576267,7.209514984173085,7.3157598638582675,111993247
718,1998-10-01,7.239870548248291,7.23987054824829,7.23987054824829,7.23987054824829,0
719,1998-10-02,7.239870548248291,7.23987054824829,7.23987054824829,7.23987054824829,0
720,1998-10-05,6.663109302520752,7.197372317889072,6.663109302520752,7.197372317889072,82924998
721,1998-10-06,6.638824939727783,6.72685623439394,6.438475548604066,6.556863217044249,107058094
722,1998-10-07,6.954525470733643,6.9818460452829605,6.738999106452715,6.738999106452715,100016677
723,1998-10-08,6.593291282653809,7.057735809133581,6.556863712457032,7.012202055876072,165968334
724,1998-10-09,6.711678981781006,6.915062972210866,6.57204232720256,6.617575675185592,169606679
725,1998-10-12,6.508295059204102,6.8664939183431635,6.447583113301203,6.769356021164554,104322333
726,1998-10-13,6.28062629699707,6.456689713083509,6.241163737284251,6.456689713083509,135456932
727,1998-10-14,6.657038688659668,6.708644450578564,6.356515571343945,6.411156727833361,123857781
728,1998-10-15,6.459726333618164,6.611505388008184,6.423298760539983,6.562935831133291,83863294
729,1998-10-16,6.505258560180664,6.614539638830525,6.414191062209437,6.502223166111862,79749499
730,1998-10-19,6.405084609985352,6.538650068729318,6.389907232937869,6.538650068729318,29780372
731,1998-10-20,6.1500959396362305,6.411156062488537,6.04688523735358,6.411156062488537,109856174
732,1998-10-21,6.1500959396362305,6.1500959396362305,6.1500959396362305,6.1500959396362305,0
733,1998-10-22,6.4354400634765625,6.511329780572631,6.229019887023356,6.229019887023356,105235420
734,1998-10-23,6.477939128875732,6.544722269808335,6.362587241745261,6.4688321342193715,147341072
735,1998-10-26,6.997024059295654,6.997024059295654,6.550793508415446,6.550793508415446,97624725
736,1998-10-27,7.000060081481934,7.151839538261928,6.902920969672656,7.103269982357289,114369095
737,1998-10-28,6.9180989265441895,7.170051635418613,6.875599355268435,7.170051635418613,92564932
738,1998-10-29,6.863459587097168,6.896850146989484,6.754178073996465,6.8482822072995875,84179793
739,1998-10-30,6.720786094665527,6.936312071785574,6.678287329449765,6.830067185856104,102306398
740,1998-11-02,6.708643436431885,6.775425350263928,6.562934788945597,6.684358256428891,102622198
741,1998-11-03,6.5963263511657715,6.708643639717536,6.57507737547444,6.708643639717536,99157507
742,1998-11-04,6.5963263511657715,6.5963263511657715,6.5963263511657715,6.5963263511657715,0
743,1998-11-05,6.754177093505859,6.772391081800603,6.638825618244387,6.67828736758038,98155492
744,1998-11-06,7.1913018226623535,7.279334347021846,6.766319822599069,6.766319822599069,245471356
745,1998-11-09,7.440219402313232,7.607176217869261,7.285404163484995,7.285404163484995,200914933
746,1998-11-10,7.425039768218994,7.494858288064225,7.327902297654587,7.431111366906671,125555115
747,1998-11-11,7.297547340393066,7.543429296338936,7.239871195899936,7.528251918365586,113206729
748,1998-11-12,7.582891941070557,7.740742179032642,7.088092250248322,7.224692700430466,277402106
749,1998-11-13,7.455397129058838,7.670923505031715,7.382542800204366,7.604140775670424,260143774
750,1998-11-16,7.176122665405273,7.355222679128977,7.1336247143851015,7.355222679128977,133786206
751,1998-11-17,7.306654930114746,7.3552236760735346,7.133625681293738,7.160946259706322,149670005
752,1998-11-18,7.382542610168457,7.422005573326458,7.315759882526237,7.315759882526237,91709263
753,1998-11-19,7.2550482749938965,7.555572184808224,7.236835908682552,7.355223181879994,265329606
754,1998-11-20,7.2671918869018555,7.376473388571333,7.18826676334035,7.227728919699097,150923399
755,1998-11-23,7.124518394470215,7.236835686289585,7.0971986295768055,7.224692487433927,94873559
756,1998-11-24,7.094162464141846,7.215586351877755,7.094162464141846,7.163980996878996,99721885
757,1998-11-25,7.094162464141846,7.094162464141846,7.094162464141846,7.094162464141846,0
758,1998-11-26,6.88774299621582,7.176122885073333,6.869529819747912,7.042557428724845,125298834
759,1998-11-27,6.7966742515563965,6.93327630980341,6.738998926107144,6.881670961667711,123057429
760,1998-11-30,6.814888954162598,6.814888954162598,6.650967521130246,6.690430080833924,79217331
761,1998-12-01,6.808818340301514,6.854351284548712,6.751142196463076,6.781497762909205,96679427
762,1998-12-02,6.863459587097168,7.003096670637128,6.808819235968865,6.872566177144535,141104909
763,1998-12-03,6.799711227416992,6.875600142208521,6.7875684334595645,6.872565153207643,70440769
764,1998-12-04,6.890778064727783,6.9059554398925895,6.7754249862433875,6.796673960149196,73264758
765,1998-12-07,7.033451080322266,7.0547000572073655,6.866493443349687,6.887743231078749,94619379
766,1998-12-08,7.0486297607421875,7.066842939103167,6.954526447241081,7.012202593176209,75845770
767,1998-12-09,7.176122665405273,7.29754654095421,7.1032691509198225,7.151838701139397,162705307
768,1998-12-10,7.252013683319092,7.309689828595875,7.1943375380423085,7.230764705192489,111169087
769,1998-12-11,7.276297092437744,7.303617668415723,7.218621762429029,7.291476091141008,79072386
770,1998-12-14,7.173088550567627,7.315760608164889,7.148803772499155,7.267191862871954,67080412
771,1998-12-15,6.997024059295654,7.191301465899795,6.997024059295654,7.133625322805879,138273918
772,1998-12-16,7.075948238372803,7.078984037827562,6.960596778374575,7.006129715976592,60307180
773,1998-12-17,6.799711227416992,6.990953238717185,6.778462250190967,6.830067198755591,85716077
774,1998-12-18,6.839173793792725,6.8907791478272244,6.781497650906858,6.79667502845726,64542113
775,1998-12-21,7.078985214233398,7.0911276032264166,6.921134968168168,6.936312346276436,83915810
776,1998-12-22,7.176122665405273,7.200408251358971,6.951489711905607,7.091126763364929,127633369
777,1998-12-23,7.078985214233398,7.285405016270702,7.078985214233398,7.285405016270702,91144885
778,1998-12-24,7.063806056976318,7.109340617591275,7.021308106748366,7.0486286809485605,62204777
779,1998-12-25,7.063806056976318,7.063806056976318,7.063806056976318,7.063806056976318,0
780,1998-12-28,7.315761089324951,7.370402248994785,7.133626052676337,7.1639816218364185,120220136
781,1998-12-29,7.24290657043457,7.3400448649659875,7.197372817500854,7.312725099712129,80851646
782,1998-12-30,7.458432674407959,7.561642564676132,7.352186984496743,7.3643293722249945,121616376
783,1998-12-31,7.261119842529297,7.4553972449848125,7.261119842529297,7.4553972449848125,73801127
784,1999-01-01,7.418971061706543,7.434148439337154,7.261120009765142,7.285404786986896,92105588
785,1999-01-04,7.497896671295166,7.6041415650150395,7.428078134939801,7.467541103210063,126563432
786,1999-01-05,7.467540740966797,7.5282518741919615,7.425041163852394,7.513073685463674,86519930
787,1999-01-06,7.5282511711120605,7.628425261337699,7.510037995014279,7.604140485978045,99531425
788,1999-01-07,7.892521858215332,7.99876755683512,7.546465806705031,7.555572395536673,237430025
789,1999-01-08,8.523923873901367,8.523923873901367,7.977518039970087,8.074657143191269,249879243
790,1999-01-11,8.8092679977417,9.206930189589183,8.8092679977417,8.86390914894415,233185289
791,1999-01-12,8.596778869628906,8.794092098863553,8.448035200361693,8.666597409371075,138880309
792,1999-01-13,8.414643287658691,8.791054920586953,8.332681552368992,8.7121306069984,175433913
793,1999-01-14,8.265898704528809,8.438926312440923,8.1201900503065,8.159653013536024,119214620
794,1999-01-15,8.199114799499512,8.390357196908601,8.105012311407998,8.378214809599392,108959192
795,1999-01-18,8.22643756866455,8.311433491664054,7.831811092085367,8.311433491664054,201381280
796,1999-01-19,7.895557403564453,8.105012994159571,7.862166038362271,8.105012994159571,139560923
797,1999-01-20,7.895557403564453,7.895557403564453,7.895557403564453,7.895557403564453,0
798,1999-01-21,8.089834213256836,8.089834213256836,7.695208648490589,7.922876588635656,120108101
799,1999-01-22,8.20215129852295,8.423749277681148,8.111083791359519,8.135368568048962,124151173
800,1999-01-25,8.086799621582031,8.183938735630067,7.898593804379998,8.07465804317005,114612071
801,1999-01-26,8.086799621582031,8.086799621582031,8.086799621582031,8.086799621582031,0
802,1999-01-27,8.271970748901367,8.408572024840938,8.165725852622181,8.241614369240983,96001614
803,1999-01-28,8.04733657836914,8.317503290584378,8.04430077867847,8.226435786615742,66867545
804,1999-01-29,8.05340576171875,8.165723030291304,7.983587247813016,8.165723030291304,50308033
805,1999-02-01,7.80145263671875,8.059477732354663,7.80145263671875,7.983587616770542,46323079
806,1999-02-02,7.613247394561768,7.819667993809609,7.56467784179757,7.77109844104541,78162799
807,1999-02-03,7.846988201141357,7.846988201141357,7.66788897878934,7.740742501195653,66360585
808,1999-02-04,7.625390529632568,7.892521445906972,7.588963365364982,7.859130081372672,65990168
809,1999-02-05,7.4371843338012695,7.667888909498497,7.425041134191952,7.625390954241847,57560915
810,1999-02-08,7.194336891174316,7.467540214813999,7.185229492072642,7.406828275022521,48882384
811,1999-02-09,7.303617477416992,7.303617477416992,7.078984519362079,7.17005202244855,75249182
812,1999-02-10,7.467540740966797,7.485753918765547,7.230764564519072,7.315760475371901,73022482
813,1999-02-11,7.412898540496826,7.558606374870727,7.397721164752884,7.497895250207198,62590598
814,1999-02-12,7.412898540496826,7.5221792135662815,7.400756153395345,7.43718331469979,45684478
815,1999-02-15,7.233799457550049,7.437184264770496,7.227728668645729,7.41289948746525,41364118
816,1999-02-16,7.273261547088623,7.31879529633899,7.170051661398196,7.191300636269183,66955772
817,1999-02-17,7.397722244262695,7.5525366888429755,7.279334155458482,7.3339744999665815,94623580
818,1999-02-18,7.989660739898682,7.989660739898682,7.412899319108071,7.467540472225893,155099514
819,1999-02-19,8.584634780883789,8.630168531631886,8.141438850147999,8.159652836953585,228103090
820,1999-02-22,7.95323371887207,8.675703886932197,7.95323371887207,8.675703886932197,180761890
821,1999-02-23,8.366070747375488,8.375177333323254,7.892519358810607,7.925911525358635,161297864
822,1999-02-24,8.554279327392578,8.65748921780576,8.30536159487959,8.438926238390165,236486828
823,1999-02-25,8.481424331665039,8.727307079479388,8.39339343801882,8.505709918405005,196071509
824,1999-02-26,8.493566513061523,8.614989567153167,8.39339243262263,8.526957873207822,120762807
825,1999-03-01,8.80319881439209,8.89426633520981,8.602850592930741,8.80319881439209,176989803
826,1999-03-02,8.80319881439209,8.80319881439209,8.80319881439209,8.80319881439209,0
827,1999-03-03,9.137110710144043,9.425491380401821,8.954975720685205,9.100683550083506,232731546
828,1999-03-04,9.203895568847656,9.410315379615426,9.07943587369423,9.379959811271004,131536398
829,1999-03-05,9.270676612854004,9.559057272198121,9.197821484646251,9.325316134611219,175151024
830,1999-03-08,9.276747703552246,9.525666245677847,9.109790886435,9.410313968089962,132261126
831,1999-03-09,9.106755256652832,9.319245828841936,9.046044127938194,9.267641288350099,133489312
832,1999-03-10,8.742486000061035,9.213000893610845,8.636239498329763,9.213000893610845,111106068
833,1999-03-11,8.47535514831543,8.80319803195126,8.47535514831543,8.748556875641944,69427550
834,1999-03-12,8.353930473327637,8.542136270230074,8.271969557400794,8.478389341644716,95054916
835,1999-03-15,8.454105377197266,8.663560150309719,8.31750331008019,8.414642413657855,81838256
836,1999-03-16,8.105011940002441,8.484460107050548,8.105011940002441,8.402498388336287,88734027
837,1999-03-17,8.013945579528809,8.429821007799907,7.989661610971508,8.226436993868631,80436415
838,1999-03-18,8.086799621582031,8.089835421607038,7.935020972148012,8.013945286046004,59986479
839,1999-03-19,8.044300079345703,8.4389256252883,8.004837930173375,8.105012013661435,108058709
840,1999-03-22,7.795382499694824,8.013943845322535,7.692171804151693,7.959303508915608,52939461
841,1999-03-23,7.768062114715576,7.831809040264429,7.680030414430808,7.795382689004454,81858563
842,1999-03-24,7.749850273132324,8.244650819151987,7.473611115670904,7.865202567562529,114405506
843,1999-03-25,7.561643123626709,7.7893118968056045,7.534322546507648,7.7103867761598535,47087719
844,1999-03-26,7.403791904449463,7.6011051070341225,7.330938385182301,7.500931011264297,58422187
845,1999-03-29,7.403791904449463,7.403791904449463,7.403791904449463,7.403791904449463,0
846,1999-03-30,7.500929832458496,7.500929832458496,7.127553273715748,7.276296088673406,103332921
847,1999-03-31,7.91680383682251,8.041262669105459,7.7771676321338346,7.831807145806893,65478279
848,1999-04-01,7.971445083618164,8.141437674473469,7.862164421941109,7.947161122790659,66402262
849,1999-04-02,7.971445083618164,7.971445083618164,7.971445083618164,7.971445083618164,0
850,1999-04-05,7.337009429931641,7.743777381847732,7.333973630362264,7.64967408194825,64547616
851,1999-04-06,7.6527099609375,7.825738375529168,7.148802904323,7.224692218437699,82499964
852,1999-04-07,7.6162824630737305,7.752882883588237,7.500929393192654,7.604139266497396,56447173
853,1999-04-08,7.5464653968811035,7.761990960620089,7.500930833507752,7.631461302485893,59092634
854,1999-04-09,7.321831226348877,7.5707489519083175,7.2550476901933125,7.534321789689983,46079668
855,1999-04-12,7.321831226348877,7.400756339066653,7.167016800475828,7.285404064130542,34040093
856,1999-04-13,7.315761089324951,7.434149187484175,7.2429075611719425,7.2429075611719425,53060123
857,1999-04-14,7.315761089324951,7.315761089324951,7.315761089324951,7.315761089324951,0
858,1999-04-15,7.121483325958252,7.203444250741739,7.045594001225998,7.045594001225998,38340552
859,1999-04-16,7.692172527313232,7.692172527313232,7.1639806670871655,7.1639806670871655,37784143
860,1999-04-19,7.840916633605957,8.001801851249201,7.379507523855013,7.464503426697186,107966896
861,1999-04-20,8.05644416809082,8.074658157655083,7.7862774222912545,7.904665516504835,85774769
862,1999-04-21,7.913771152496338,8.114120169030787,7.853059206448926,8.053408222983375,55643110
863,1999-04-22,7.649674892425537,8.056443698282377,7.528251816068682,7.904665055547307,110777552
864,1999-04-23,7.680030822753906,7.771098327433411,7.497895813394896,7.725564575093658,81511561
865,1999-04-26,7.233799457550049,7.467540641824047,7.233799457550049,7.40682869856093,92581990
866,1999-04-27,7.233799457550049,7.233799457550049,7.233799457550049,7.233799457550049,0
867,1999-04-28,7.5282511711120605,7.543428547578906,7.261119452999771,7.261119452999771,55481527
868,1999-04-29,8.132332801818848,8.132332801818848,7.543428991778992,7.543428991778992,151664428
869,1999-04-30,8.235543251037598,8.375179496945314,8.09590619428594,8.2203642524638,117325887
870,1999-05-03,8.162689208984375,8.36910983297932,8.150547630181663,8.28411391629604,69425240
871,1999-05-04,8.818373680114746,8.818373680114746,8.180901216114776,8.193043602818651,104142236
872,1999-05-05,8.936762809753418,9.219071915189557,8.681773469514612,8.681773469514612,160732044
873,1999-05-06,9.131040573120117,9.158360336980095,8.803196920049103,8.973189534938857,129847312
874,1999-05-07,9.65156078338623,9.96249285558734,9.584933027013541,9.746743776768529,133303166
875,1999-05-10,9.78798770904541,9.889516662138105,9.648386246030043,9.829234058111089,89925115
876,1999-05-11,10.571661949157715,10.571661949157715,9.787988852725144,9.835580343176412,200446331
877,1999-05-12,10.089402198791504,10.75251093967635,9.730879514063318,10.723955705587935,239199608
878,1999-05-13,10.755682945251465,10.809620420612868,10.295632146077006,10.406678393902482,200207976
879,1999-05-14,11.618675231933594,11.618675231933594,10.644634579500709,10.80327314708712,304092056
880,1999-05-17,11.355335235595703,11.675784529580852,10.742991879237673,11.428308963060708,274513038
881,1999-05-18,11.704340934753418,12.110455964295344,11.361682358484519,11.548875336193614,248775430
882,1999-05-19,11.64405632019043,11.958160455494841,11.421963009335913,11.54887335161177,223301315
883,1999-05-20,11.142762184143066,11.796352865434796,11.142762184143066,11.618678000298024,189930100
884,1999-05-21,10.60339069366455,11.396582805017236,10.470134344378422,11.358509441294451,168277829
885,1999-05-24,10.600215911865234,10.850864454697934,10.260729535344389,10.422541091976026,148619296
886,1999-05-25,10.787408828735352,11.057093604523052,10.53993245020335,10.66049849556826,186176190
887,1999-05-26,10.403505325317383,10.99364027236646,10.187756290520886,10.850864963938173,208450172
888,1999-05-27,9.784817695617676,10.597046107281674,9.784817695617676,10.295633021510907,138774268
889,1999-05-28,9.835579872131348,9.95297209662404,9.270827150329401,9.930762848475384,187063271
890,1999-05-31,10.622424125671387,10.622424125671387,10.162373433674771,10.197273795930224,141729030
891,1999-06-01,10.536763191223145,11.133243361150132,10.501862818859445,10.666845703907365,189259247
892,1999-06-02,11.050751686096191,11.066615800167735,10.476480757055977,10.692228979485028,185597626
893,1999-06-03,11.295055389404297,11.475902395301997,11.123724818186554,11.228426786848104,196463436
894,1999-06-04,11.675785064697266,11.767795899949803,11.460037711744356,11.612330309852894,173599910
895,1999-06-07,11.47272777557373,11.663093717548517,11.304571080497725,11.612329240358681,127590586
896,1999-06-08,12.373795509338379,12.373795509338379,11.247462893333717,11.421965607073746,157396699
897,1999-06-09,11.926434516906738,12.183428223998371,11.812214432375985,12.05651786645138,174542687
898,1999-06-10,11.999406814575195,12.215155852599407,11.904224686677573,11.9803705584931,221248927
899,1999-06-11,11.59012222290039,12.021617819553873,11.52666661420697,12.005754552995963,148956326
900,1999-06-14,11.244290351867676,12.446768809146555,10.806447934279987,11.415619219739726,127806576
901,1999-06-15,10.990467071533203,11.485419920861021,10.86355671470884,11.171315749548937,161321448
902,1999-06-16,11.561566352844238,11.707513821088739,10.987295456263482,11.225252916450291,168935448
903,1999-06-17,11.707513809204102,11.929608003477812,11.580603446395704,11.688476703916152,173672817
904,1999-06-18,11.621849060058594,11.802696900762841,11.580603551951981,11.73606915036575,121421742
905,1999-06-21,11.94229793548584,12.08824538905109,11.678958259700586,11.707512643558703,152864186
906,1999-06-22,11.831250190734863,12.15487245552003,11.710684983413698,12.034307248198866,141189650
907,1999-06-23,11.533012390136719,11.954989849722562,11.447346684335225,11.935953591202617,157938837
908,1999-06-24,11.463211059570312,11.666267298360124,10.888940171233193,11.428309841589185,164589040
909,1999-06-25,11.276017189025879,11.701168464738982,11.231598689954444,11.542529030941688,135100505
910,1999-06-28,11.28870964050293,11.501284879673491,11.253809266048984,11.345820114597837,107781645
911,1999-06-29,11.10785961151123,11.342644056929991,11.0539229878963,11.29505341696807,138767069
912,1999-06-30,11.260152816772461,11.323608419332247,10.952394627460064,11.199871053699638,145817168
913,1999-07-01,11.066615104675293,11.263326208358531,11.00633249197666,11.24428995065884,109978237
914,1999-07-02,11.447345733642578,11.571083946207606,11.130069417240463,11.133242409226021,203595419
915,1999-07-05,11.862977981567383,11.951815818105711,11.529837577651097,11.529837577651097,126089467
916,1999-07-06,11.878841400146484,11.989887629985219,11.767794322820688,11.780485441586123,106616002
917,1999-07-07,11.755105972290039,11.980372324066145,11.694823355829904,11.929608684537028,109173053
918,1999-07-08,11.498112678527832,11.859808417746793,11.441003895477289,11.739243171340473,170700480
919,1999-07-09,11.428309440612793,11.574256901641476,11.142760502506507,11.428309440612793,181030733
920,1999-07-12,11.8820161819458,11.929608523496643,11.60281320209926,11.60281320209926,137290038
921,1999-07-13,12.13583755493164,12.678381086307844,11.901053080966799,11.92960831590295,275183051
922,1999-07-14,12.316685676574707,12.405522674512342,12.059691116496843,12.243711943990395,179650402
923,1999-07-15,11.780488014221191,12.589544257867301,11.561566803324483,12.405523419325354,184973954
924,1999-07-16,11.758278846740723,12.07555603992559,11.675786132422346,11.875671086173968,135255086
925,1999-07-19,11.761449813842773,11.986716988291871,11.685303939193304,11.856633640257156,104692777
926,1999-07-20,11.307744979858398,11.701168891658513,11.231599099741626,11.615503187488589,129188601
927,1999-07-21,11.513973236083984,11.672610943821992,11.136412678010574,11.295052080722648,115196503
928,1999-07-22,11.456864356994629,11.688475815068653,11.396581748560195,11.539356213670095,82375703
929,1999-07-23,11.272845268249512,11.510801881208211,11.231598912944854,11.4378281470065,89314215
930,1999-07-26,10.968257904052734,11.26332582065156,10.898458012394121,11.260152828648428,64150914
931,1999-07-27,10.838177680969238,11.072962188830966,10.796931318716238,10.901632449452897,100172687
932,1999-07-28,11.10785961151123,11.272844169156798,10.920666653541524,10.942875901352798,115161394
933,1999-07-29,11.409274101257324,11.501284096049908,11.012678039497862,11.225253264184914,141625103
934,1999-07-30,11.364852905273438,11.479072979628677,11.13641360405006,11.291879180751588,107800803
935,1999-08-02,11.187178611755371,11.30139869152405,11.104686755666009,11.30139869152405,78074026
936,1999-08-03,11.012677192687988,11.187179039650113,10.91749336549653,11.104687180405547,107603327
937,1999-08-04,11.380717277526855,11.441000731546394,10.980949126827362,11.187178338265568,94065897
938,1999-08-05,11.371199607849121,11.75510451005322,11.32043512714742,11.421964088550824,119487145
939,1999-08-06,11.21890640258789,11.358508727464736,11.180833888745017,11.355335735482104,59233574
940,1999-08-09,11.203043937683105,11.326782158970389,11.11737992793201,11.218907203754743,65957538
941,1999-08-10,11.003159523010254,11.16814240089145,10.92066766032605,11.16814240089145,78264233
942,1999-08-11,10.901630401611328,11.038059738449297,10.755682936037502,10.850865918370484,60507737
943,1999-08-12,10.739819526672363,11.003160088862751,10.682710750516263,10.82548523336828,50864470
944,1999-08-13,10.622424125671387,10.876245635473142,10.597042737429513,10.844518264555548,48798050
945,1999-08-16,10.825484275817871,10.974603882556908,10.647809436039335,10.654154572555235,75207505
946,1999-08-17,10.835000038146973,10.946046259078376,10.758853331662301,10.873072543902314,63876679
947,1999-08-18,11.142762184143066,11.250636300206889,10.993642556121275,11.072961435070118,103898923
948,1999-08-19,11.063441276550293,11.383891445562718,11.012677640136063,11.199871462650817,79410634
949,1999-08-20,11.082477569580078,11.18400652994243,10.936530112802773,11.041231217561085,42206455
950,1999-08-23,11.875670433044434,11.970854263754845,11.295054404880327,11.295054404880327,198189647
951,1999-08-24,11.755105972290039,11.86615222827929,11.653576998257279,11.85028896170212,123695204
952,1999-08-25,11.368027687072754,12.018444430782633,10.920667175190253,12.018444430782633,79790924
953,1999-08-26,11.485421180725098,11.61233155147057,11.361682954819992,11.61233155147057,47683453
954,1999-08-27,11.745586395263672,11.828078252754963,11.548874456062558,11.548874456062558,62784924
955,1999-08-30,11.964507102966309,12.151700058900277,11.79000441922609,11.796350402810088,127964069
956,1999-08-31,12.278610229492188,12.364275074219345,11.809041350596399,11.913742450824207,134150194
957,1999-09-01,12.037482261657715,12.462632702839848,11.897880776043383,12.402350089054163,107843531
958,1999-09-02,11.659919738769531,11.88201303644287,11.61232825730474,11.88201303644287,61382886
959,1999-09-03,11.628193855285645,11.802695693829254,11.580602367729467,11.634538991465805,71706361
960,1999-09-06,11.774142265319824,11.850288143097057,11.650404048636917,11.739241047291555,59369739
961,1999-09-07,11.65040397644043,11.834423956791657,11.62184874277142,11.802696578538354,63516500
962,1999-09-08,12.069210052490234,12.231021641322613,11.790006224252606,11.815388467500323,151640369
963,1999-09-09,12.649825096130371,12.716452839223361,12.056517154478366,12.113626769627661,259053405
964,1999-09-10,12.548295021057129,12.706933580116269,12.449939911078292,12.646650131035965,146987376
965,1999-09-13,12.548295021057129,12.548295021057129,12.548295021057129,12.548295021057129,0
966,1999-09-14,12.310338973999023,12.684725743780405,12.262747485742153,12.62761612736959,120661751
967,1999-09-15,12.069210052490234,12.481670234034747,12.027963695340882,12.481670234034747,92616006
968,1999-09-16,11.837597846984863,12.119974670565886,11.777315230488894,12.091419434730383,56556561
969,1999-09-17,12.034308433532715,12.100936179542058,11.73924052195291,11.783659866779638,82183661
970,1999-09-20,11.847116470336914,12.196120189647598,11.818561235353659,12.053345709705798,68195400
971,1999-09-21,11.653575897216797,11.805869343877111,11.580603013384374,11.805869343877111,78449610
972,1999-09-22,11.859807014465332,12.043828702453531,11.707514401888115,11.802697390684783,54897095
973,1999-09-23,12.281785011291504,12.488015097546176,11.770968860223613,11.92326231637384,170993774
974,1999-09-24,13.26216983795166,13.265342830094918,12.478496712723539,12.51974222063701,239673195
975,1999-09-27,13.671457290649414,14.271109559020328,13.265342280224827,13.50964571538449,199690808
976,1999-09-28,14.286972999572754,14.689914127643194,13.37321495891653,13.462052793386286,240419896
977,1999-09-29,15.165830612182617,15.254667608730236,14.404366767547337,14.531276278336971,271076847
978,1999-09-30,15.213421821594238,15.863839408536649,15.08968361013065,15.207075837679609,224485681
979,1999-10-01,15.124584197998047,15.337159395532911,14.6581866041721,15.21024819738737,210565566
980,1999-10-04,14.651843070983887,15.172178222917463,14.57252504197978,15.16583223820528,106171236
981,1999-10-05,15.076993942260742,15.229285697502403,14.388503814152621,14.56617781109696,153512212
982,1999-10-06,15.102376937866211,15.762311865130629,14.594733773445782,15.089684968894094,301253502
983,1999-10-07,15.74644660949707,16.085933006967938,15.143620533844258,15.143620533844258,275415244
984,1999-10-08,15.353025436401367,15.927296381281751,15.261015436720466,15.844803663824125,181652318
985,1999-10-11,15.219768524169922,15.505317474119511,15.042092830991004,15.349851030716158,154564783
986,1999-10-12,15.080168724060059,15.387926958127172,14.978639745199887,15.1658327406142,168513663
987,1999-10-13,15.362540245056152,15.781344618578805,14.08708748028423,14.08708748028423,201468961
988,1999-10-14,15.425996780395508,15.844801202501644,15.35936903528421,15.419652491557034,94761916
989,1999-10-15,14.864415168762207,15.483106173337703,14.753368934594395,15.365712260822056,82773765
990,1999-10-18,14.810481071472168,15.115066273219924,14.724815371153673,14.975464793042802,123515821
991,1999-10-19,14.810481071472168,14.810481071472168,14.810481071472168,14.810481071472168,0
992,1999-10-20,15.9050874710083,15.997097472665033,15.17535005274008,15.483109982384468,235407187
993,1999-10-21,16.822011947631836,17.069488322996264,16.0668942460966,16.555499319156457,299256824
994,1999-10-22,16.647512435913086,16.863260633568487,16.19063379999728,16.549156465440472,151540433
995,1999-10-25,16.361967086791992,16.73635479403603,16.27947605797488,16.73635479403603,101586207
996,1999-10-26,16.206499099731445,16.447627848076177,16.15573461745644,16.34610057850053,111997266
997,1999-10-27,15.949503898620605,16.428591799320806,15.775002895433339,16.403209557861395,93603485
998,1999-10-28,15.448206901550293,15.990749563786437,15.330814669252986,15.990749563786437,76168166
999,1999-10-29,14.940564155578613,15.476760786927068,14.807306974463108,15.419652019284072,109439529
1000,1999-11-01,13.823750495910645,14.97546620598563,13.747604612032898,14.91835573371823,114373142
1001,1999-11-02,14.867591857910156,14.931046615270619,13.48426390966695,13.642902498042526,129022957
1002,1999-11-03,14.306012153625488,15.254669057499726,14.10612804492273,15.254669057499726,175844467
1003,1999-11-04,14.347257614135742,14.623287605085947,14.0299804181787,14.204483130201252,122838876
1004,1999-11-05,14.753371238708496,14.962775162948963,14.34091106956675,14.34091106956675,131084769
1005,1999-11-08,14.753371238708496,14.753371238708496,14.753371238708496,14.753371238708496,0
1006,1999-11-09,14.534449577331543,14.807308251743539,14.391675103446921,14.721644245402528,86587669
1007,1999-11-10,14.943737030029297,15.019883756566387,14.550314818715991,14.651842092457674,102012011
1008,1999-11-11,14.984981536865234,15.353021439782603,14.785096627540021,14.975462562145317,149253920
1009,1999-11-12,14.658186912536621,14.905663330383025,14.601076448426127,14.902490338490853,79148388
1010,1999-11-15,14.629631996154785,14.829516929880263,14.534449017233003,14.816826657012049,61299406
1011,1999-11-16,14.442439079284668,14.563004299326373,14.385328613748051,14.531276074586659,80545607
1012,1999-11-17,14.417058944702148,14.905665880193258,14.413885952267195,14.556660441992582,123075999
1013,1999-11-18,14.191792488098145,14.48685959537091,14.026808747418475,14.467823335864521,76528247
1014,1999-11-19,14.207653999328613,14.490030797024254,14.175926621576584,14.21399998337133,55197504
1015,1999-11-22,14.213998794555664,14.306009623069256,14.15054404435877,14.160062172139593,73807401
1016,1999-11-23,14.213998794555664,14.213998794555664,14.213998794555664,14.213998794555664,0
1017,1999-11-24,14.613768577575684,14.708951555496053,14.293318427589087,14.391674397436713,88599794
1018,1999-11-25,14.575695991516113,14.75019698684804,14.512239543236946,14.58838626418736,55765985
1019,1999-11-26,14.318699836730957,14.74702321250542,14.252072095049773,14.655013231854134,70838662
1020,1999-11-29,14.080743789672852,14.401193952550534,14.036325290853052,14.340910493456242,52377520
1021,1999-11-30,13.95383358001709,14.17910076356986,13.842786484285227,14.115644311737707,63924098
1022,1999-12-01,14.156890869140625,14.331393571716072,13.947487795547532,14.13785461130817,59220354
1023,1999-12-02,13.98238754272461,14.299663840631803,13.877686440689077,14.150544243336432,59243181
1024,1999-12-03,13.76981258392334,14.20130984074118,13.719048101063924,14.023634998220418,98030600
1025,1999-12-06,13.81105899810791,13.979214865207535,13.725394144782351,13.833268247583574,54260959
1026,1999-12-07,14.194962501525879,14.306009585308002,13.8078846279058,13.858649105919012,115597337
1027,1999-12-08,14.753371238708496,15.330815136512049,14.385329570170954,14.531277040713025,280267701
1028,1999-12-09,15.01671028137207,15.102375981586057,14.689915830675465,14.848553567960593,100346313
1029,1999-12-10,14.981810569763184,15.47676172762419,14.912009830640773,15.019883083839277,124489198
1030,1999-12-13,14.467822074890137,15.00084746445952,14.363120114268655,14.969119238064494,60152095
1031,1999-12-14,14.185443878173828,14.515412145957946,14.106125862413029,14.347255443983139,98386088
1032,1999-12-15,14.13785457611084,14.277456059833876,13.963351873969831,14.277456059833876,61810931
1033,1999-12-16,14.204483032226562,14.3440845228919,14.090263784861696,14.214001161592424,30255514
1034,1999-12-17,14.153717041015625,14.461476920189261,14.099780415351296,14.24255573061054,57563436
1035,1999-12-20,13.985560417175293,14.25841908155477,13.960178176419658,14.153717126565988,32392782
1036,1999-12-21,13.931625366210938,14.115645361262724,13.871342749472909,13.979216013649102,54545416
1037,1999-12-22,15.038918495178223,15.048437470649136,14.277454696681671,14.325046184087705,139424142
1038,1999-12-23,14.743853569030762,15.273705960100346,14.601077399454923,14.699433374621384,48251696
1039,1999-12-24,14.356775283813477,14.715297957157926,14.293318833415315,14.59473273537066,42032730
1040,1999-12-27,14.128334999084473,14.401192801797064,14.023633897023906,14.318700099884602,38946173
1041,1999-12-28,14.191792488098145,14.366294358531007,14.087091365838425,14.271111366024483,56899221
1042,1999-12-29,15.032574653625488,15.229286614927737,14.277456731174286,14.356776453145242,62403290
1043,1999-12-30,14.7882719039917,15.38792502964328,14.731161436796542,15.099203091552727,50106719
1044,1999-12-31,14.7882719039917,14.7882719039917,14.7882719039917,14.7882719039917,0
1045,2000-01-03,15.97171401977539,15.97171401977539,15.070647036871271,15.070647036871271,62409578
1046,2000-01-04,17.250335693359375,17.250335693359375,15.946327746133678,16.396860324028346,132872110
1047,2000-01-05,17.926137924194336,18.268797316600082,16.285816385245294,16.285816385245294,375789847
1048,2000-01-06,18.678083419799805,19.081026282070567,18.338598702217745,18.338598702217745,219621124
1049,2000-01-07,19.959880828857422,20.172457715761542,18.592418001689655,18.719329196488932,278281260
1050,2000-01-10,19.57597541809082,20.223219951595485,19.372919206879608,20.1407289484383,187897934
1051,2000-01-11,18.30687141418457,19.73144488403357,18.01180348434398,19.541078915097557,175675797
1052,2000-01-12,19.14448356628418,19.35388581007046,17.903931675629288,18.338601125213774,169586471
1053,2000-01-13,19.78855323791504,20.07727687231374,19.29677506025491,19.417340284354886,239139851
1054,2000-01-14,20.0709285736084,20.410414957186205,19.63943221027056,19.63943221027056,188507616
1055,2000-01-17,19.591842651367188,20.489734985236385,19.48396770243626,20.194668761637264,150255809
1056,2000-01-18,19.937673568725586,20.239087474542476,19.388784927103334,19.607706124335515,141210936
1057,2000-01-19,20.280330657958984,20.616644047935758,20.0645824775017,20.48655986333281,160790093
1058,2000-01-20,19.852012634277344,20.6166495993675,19.70606514687698,20.305718364248165,216069957
1059,2000-01-21,20.708656311035156,20.83874050998445,19.798072003313244,19.842490501986354,239994540
1060,2000-01-24,20.695964813232422,21.05766046027866,20.43262513384585,20.654717614069984,184344232
1061,2000-01-25,20.302541732788086,20.642028145025048,20.194668480334162,20.626163185124216,136584272
1062,2000-01-26,20.302541732788086,20.302541732788086,20.302541732788086,20.302541732788086,0
1063,2000-01-27,21.254375457763672,21.37176600352752,20.477046580064833,20.876814797038065,210269961
1064,2000-01-28,21.470121383666992,21.69538857686382,21.041797942847563,21.31465662946877,164331247
1065,2000-01-31,20.822874069213867,21.320999885282355,20.72134511090888,21.22264391879618,142723553
1066,2000-02-01,21.197261810302734,21.41301000054787,20.813356917440437,20.991030900598627,149956451
1067,2000-02-02,21.58433723449707,22.01266230293177,21.482809974139375,21.758839914602007,139355731
1068,2000-02-03,21.67952537536621,21.79691931731752,21.34638489435607,21.701736322743198,94831223
1069,2000-02-04,21.838165283203125,22.041221551524202,21.682700513157656,21.828648000532795,99528064
1070,2000-02-07,21.803260803222656,22.17447545130593,21.451084107585498,21.644623064325817,114747088
1071,2000-02-08,21.727115631103516,22.012664576233178,21.641449930579984,21.923825883656065,90057597
1072,2000-02-09,22.234760284423828,22.504444287711976,21.87940887978446,22.145921585776733,160165902
1073,2000-02-10,22.574243545532227,23.085059672945757,21.885753422478782,22.133229853519392,151143675
1074,2000-02-11,23.053329467773438,23.73230225131551,22.847100256264255,23.097749657843554,114214724
1075,2000-02-14,22.34263038635254,22.901037962538197,22.20937320471854,22.780472748190416,71806185
1076,2000-02-15,21.850854873657227,22.48858054210179,21.704907402176975,22.33628708621601,113776526
1077,2000-02-16,22.09197998046875,22.450502615433933,21.771531550661557,22.209372197672025,110304203
1078,2000-02-17,22.498098373413086,22.640872845422443,22.0507370051376,22.063427278328163,107425289
1079,2000-02-18,22.174474716186523,22.71384606150867,22.082464728978174,22.647216620104935,70451511
1080,2000-02-21,21.93334197998047,22.336283103314738,21.679519598764593,22.10784465519461,41234633
1081,2000-02-22,21.216299057006836,22.01900840048639,21.09890682837473,21.955553645677625,100723088
1082,2000-02-23,20.927579879760742,21.873065512180737,20.768942124376657,21.873065512180737,67665446
1083,2000-02-24,21.368593215942383,21.619240946533484,20.895849598669695,21.124289774561927,79319185
1084,2000-02-25,20.851430892944336,21.75884221339821,20.692793154709,21.66365923146213,54786600
1085,2000-02-28,21.136980056762695,21.400319755833603,19.671161102843755,20.613473650714734,70386208
1086,2000-02-29,19.72509765625,21.75567012352378,19.4458947047383,21.44156595558596,139625441
1087,2000-03-01,20.102659225463867,20.93075260316151,18.973155302892415,19.988439975256295,150769883
1088,2000-03-02,18.513103485107422,20.432628253526236,18.497238523401787,20.232743295831536,175562684
1089,2000-03-03,17.034589767456055,18.154576223857816,17.034589767456055,18.154576223857816,64935300
1090,2000-03-06,16.11448860168457,18.011804062644735,15.673474883811357,17.034591944399793,146075956
1091,2000-03-07,15.375232696533203,16.434937441739514,15.229285234919498,16.308026237081,133888438
1092,2000-03-08,14.781926155090332,15.89556672332219,14.59473318015707,15.66712824085519,101621246
1093,2000-03-09,14.677223205566406,15.381578253132728,14.223517568364567,14.969118120683518,77665531
1094,2000-03-10,13.760294914245605,14.899318587089107,13.617520437056527,14.848554102536397,92389443
1095,2000-03-13,12.894128799438477,14.563004837335265,12.710108818093337,13.95383357816616,150763063
1096,2000-03-14,13.909414291381836,13.928450547861441,12.510223168029004,13.04007552739484,141532996
1097,2000-03-15,15.023056030273438,15.023056030273438,13.70635672951176,14.213999853841255,79982280
1098,2000-03-16,14.90248966217041,15.724236895823323,14.601075785784765,15.197555860085487,147946692
1099,2000-03-17,14.90248966217041,14.90248966217041,14.90248966217041,14.90248966217041,0
1100,2000-03-20,14.90248966217041,14.90248966217041,14.90248966217041,14.90248966217041,0
1101,2000-03-21,15.096030235290527,15.40696142564864,14.442439628627751,15.153139008025033,95762643
1102,2000-03-22,15.445035934448242,15.76865913494798,15.305434434222718,15.546564914603032,69064318
1103,2000-03-23,15.289569854736328,15.597328066319918,15.137276397571993,15.562426846770995,60024739
1104,2000-03-24,15.267362594604492,15.416481384006474,15.080169588460217,15.178523885522276,36941526
1105,2000-03-27,16.488872528076172,16.488872528076172,15.41965065669799,15.41965065669799,58001578
1106,2000-03-28,17.808748245239258,17.808748245239258,16.695105908235547,16.695105908235547,98405624
1107,2000-03-29,17.21544075012207,18.395709125139042,17.069493275635384,18.072087643433438,143934962
1108,2000-03-30,18.592418670654297,18.592418670654297,16.390518260276014,17.069491058164154,240432206
1109,2000-03-31,20.0804500579834,20.0804500579834,17.77384901270584,18.846242467176957,275945423
1110,2000-04-03,20.851430892944336,21.17505404851164,20.18515001939178,20.791149128706202,299036394
1111,2000-04-04,19.185726165771484,20.686446255913765,19.185726165771484,20.686446255913765,189486468
1112,2000-04-05,19.179384231567383,19.798073662752728,17.656454705982778,19.252356274807894,352720260
1113,2000-04-06,20.695964813232422,20.715001069398163,19.198417745289298,19.226972977025053,227418526
1114,2000-04-07,22.352148056030273,22.352148056030273,20.927574814855465,20.927574814855465,163657523
1115,2000-04-10,23.132652282714844,24.11303738313465,22.81220210368819,23.47213872005582,309647520
1116,2000-04-11,22.44733428955078,22.780474730158588,21.98728263991044,22.717018278155113,136676715
1117,2000-04-12,21.444740295410156,22.843931633397894,21.219474785059692,22.653565649451217,241770257
1118,2000-04-13,19.731443405151367,21.01006761534483,19.731443405151367,21.01006761534483,3153974
1119,2000-04-14,19.731443405151367,19.731443405151367,19.731443405151367,19.731443405151367,0
1120,2000-04-17,18.935083389282227,19.087376871372282,18.154581412289144,18.154581412289144,223113571
1121,2000-04-18,19.039783477783203,19.601362459098933,18.655876817964693,18.8525887890367,122899571
1122,2000-04-19,19.978919982910156,20.56270986870986,19.23332105459895,19.525215997498798,228183965
1123,2000-04-20,21.432048797607422,21.57799626963347,19.623570358354964,19.86152782470733,271517327
1124,2000-04-21,21.432048797607422,21.432048797607422,21.432048797607422,21.432048797607422,0
1125,2000-04-24,21.38128662109375,22.88200701225868,20.496084411674804,21.955557594569747,246733265
1126,2000-04-25,21.07035255432129,21.543094482349442,19.775863293498663,20.45166315811441,221403241
1127,2000-04-26,22.71384620666504,22.758264704568496,21.57482174625057,21.57482174625057,238053151
1128,2000-04-27,21.93334197998047,23.224658047621975,21.46694441385515,22.8946906470155,413796521
1129,2000-04-28,21.895273208618164,22.329942627562104,21.593859291333576,22.050737960554077,188028343
1130,2000-05-01,21.895273208618164,21.895273208618164,21.895273208618164,21.895273208618164,0
1131,2000-05-02,20.886327743530273,22.504439924401325,20.638853039142315,22.0824625437978,230017702
1132,2000-05-03,20.813358306884766,21.184571257174508,19.620396349733532,20.749901855828423,192704191
1133,2000-05-04,21.39714813232422,21.762016821838024,21.00372590208828,21.00372590208828,158631859
1134,2000-05-05,21.27975082397461,21.673174655482523,20.81969925502639,21.479635731269646,156073814
1135,2000-05-08,20.559537887573242,21.38445827155556,20.45166462226915,21.003726308171274,82504670
1136,2000-05-09,20.835569381713867,21.057663589920473,20.204187977730257,20.400899942285406,85940035
1137,2000-05-10,20.63885498046875,21.25119835818763,20.515116769148655,20.940267181397736,93165917
1138,2000-05-11,20.099485397338867,20.56270832457121,19.92498270414861,20.56270832457121,90033846
1139,2000-05-12,20.04554557800293,20.4643499586783,19.880561880011953,20.28033000610647,57913070
1140,2000-05-15,20.273990631103516,20.60395813463634,19.44907017729676,19.8012486292166,81188494
1141,2000-05-16,20.140731811523438,20.426280761457928,19.988438360235275,20.305715536265073,43882418
1142,2000-05-17,20.23274040222168,20.8387394783458,20.067756688900186,20.36282289975675,109270328
1143,2000-05-18,19.677505493164062,20.289848848342658,19.48713954274798,20.1788026089247,75382294
1144,2000-05-19,20.026514053344727,20.245433575190845,19.496661621686293,19.544251421891264,111574963
1145,2000-05-22,19.82662582397461,20.10900175611442,19.607704643278517,19.861525344027662,43662227
1146,2000-05-23,19.972572326660156,20.051890338444046,19.57597548784398,19.81710590481124,58389850
1147,2000-05-24,19.84566307067871,20.172459209615678,19.671160376778836,19.902773536311205,56605367
1148,2000-05-25,19.848838806152344,20.166116013013017,19.74096384393039,19.817110576973903,36653287
1149,2000-05-26,20.0804500579834,20.17880604176068,19.734619313549146,19.975749784427414,49082689
1150,2000-05-29,21.539920806884766,22.04756393727482,20.1788038394149,20.21053206474377,165326988
1151,2000-05-30,21.81595230102539,21.946034803422027,21.390801881770344,21.622413348459038,79692753
1152,2000-05-31,21.822296142578125,22.640870370612127,21.708075221476307,22.27282875867401,118366163
1153,2000-06-01,21.524057388305664,21.949207807800363,21.330518435630218,21.70807736495798,75363108
1154,2000-06-02,21.413009643554688,21.955552254473677,21.20043275371775,21.765186307135487,81875438
1155,2000-06-05,21.524057388305664,22.326768432102487,21.34638170069441,21.428874407971797,151857297
1156,2000-06-06,21.498674392700195,21.75566978656161,21.32734469511735,21.447909912307182,54887782
1157,2000-06-07,21.444740295410156,21.854027499890428,21.336867028828507,21.568478523970413,52545769
1158,2000-06-08,21.628759384155273,21.892099076558107,21.46377566427361,21.568475925847423,64426688
1159,2000-06-09,21.650968551635742,22.380705862759125,21.514540065415684,21.695387049708582,172161391
1160,2000-06-12,21.5367488861084,21.936517055787334,21.4828114131037,21.727114842619734,57726882
1161,2000-06-13,21.47964096069336,21.984111144086537,21.387630963497827,21.511367493880044,95747252
1162,2000-06-14,21.406665802001953,21.98728267747148,21.327346084349312,21.98728267747148,62793550
1163,2000-06-15,21.032276153564453,21.638275213117165,20.781628446036137,21.638275213117165,85105386
1164,2000-06-16,21.08304214477539,21.311482316034922,20.876812917713117,20.91171413504871,63843153
1165,2000-06-19,21.02593421936035,21.321002150163253,20.952960484698593,21.178225978021167,43452959
1166,2000-06-20,20.959304809570312,21.194090974733008,20.848258558798694,21.162362748094925,58093559
1167,2000-06-21,20.886327743530273,21.19408759439244,20.829218978659593,21.19408759439244,29007035
1168,2000-06-22,21.892099380493164,22.196684583351477,20.511944448996505,20.962478811630447,268082760
1169,2000-06-23,21.432048797607422,22.504443892300387,21.257546090624196,21.961901208011884,224036672
1170,2000-06-26,21.013240814208984,21.295616734307266,20.8292191614133,21.257542529085246,48525944
1171,2000-06-27,21.225818634033203,21.568476353673034,20.94661397602463,21.0259336930125,106940541
1172,2000-06-28,21.178224563598633,21.381282488217423,21.098906544896955,21.25754427727464,24433854
1173,2000-06-29,21.71759605407715,21.936517244947822,21.251198439617998,21.279753672335797,106685828
1174,2000-06-30,21.625587463378906,21.873063902947486,21.32100224966143,21.828645402506858,88865990
1175,2000-07-03,22.09197998046875,22.33311039823066,21.447908434202493,21.447908434202493,137988774
1176,2000-07-04,21.91748046875,22.183993142843356,21.831814772626615,22.120536694979894,75354482
1177,2000-07-05,22.472715377807617,22.86613756315207,21.99362749514811,22.14591924319544,189904178
1178,2000-07-06,22.9930477142334,23.154858430685596,22.209372981366826,22.272829427211246,200669996
1179,2000-07-07,22.920076370239258,23.21831559479884,22.84392964429604,23.123132611113423,111604092
1180,2000-07-10,23.38330078125,23.54193852081397,22.758265409308393,23.034295381245098,131908677
1181,2000-07-11,23.85604476928711,23.967091027103496,23.25956457949205,23.47213981301174,170025705
1182,2000-07-12,23.481653213500977,23.843348858423138,23.351570717987084,23.73864860263927,70757129
1183,2000-07-13,23.208797454833984,23.71961187772909,23.03429475954142,23.529247612374967,83264045
1184,2000-07-14,22.920076370239258,23.50703923294896,22.818547402314966,23.240524844660477,89678274
1185,2000-07-17,23.053329467773438,23.154858425120707,22.685289539850945,23.027948923410865,86145914
1186,2000-07-18,22.72653579711914,23.034293976185584,22.60914357190717,22.939110999258347,52104364
1187,2000-07-19,22.469541549682617,23.00256519047361,22.368012591446522,22.748744489857625,58511199
1188,2000-07-20,22.691635131835938,22.894691348052064,22.01900664850503,22.39339424851867,124658147
1189,2000-07-21,21.822296142578125,22.653560642415556,21.71759419655952,22.653560642415556,143754403
1190,2000-07-24,20.718175888061523,21.641450495764637,20.569055427495123,21.641450495764637,84256775
1191,2000-07-25,21.187746047973633,21.34955679145301,20.318407171478317,20.46752764065371,92498453
1192,2000-07-26,20.66106605529785,21.511366954949853,20.55953708370523,21.511366954949853,54349425
1193,2000-07-27,21.831815719604492,22.26013913387748,20.438970527723033,20.68644695618162,120640983
1194,2000-07-28,21.603376388549805,22.20937377263189,21.524056675905438,22.082464266370074,83819180
1195,2000-07-31,21.371763229370117,21.631931615586247,21.289272219816866,21.44790995009379,28100305
1196,2000-08-01,21.47964096069336,21.695389183245638,21.29562096630229,21.321003209836356,52276716
1197,2000-08-02,21.51136589050293,21.555786084607522,21.321001620648286,21.409838618908665,20395290
1198,2000-08-03,21.425701141357422,21.81277904174726,21.340037138144613,21.56212962609424,46686143
1199,2000-08-04,20.946613311767578,21.49550193917469,20.886329854175667,21.47963867426993,45818822
1200,2000-08-07,20.956130981445312,21.067177218805526,20.569053104112225,20.876811271917024,34608868
1201,2000-08-08,20.994205474853516,21.152844908886923,20.90853977368162,21.044969958146254,31546244
1202,2000-08-09,21.1750545501709,21.447911534198916,21.013243816040976,21.13063605021166,33540780
1203,2000-08-10,20.911714553833008,21.305136758641652,20.822875860188006,21.06717930150655,23807997
1204,2000-08-11,20.89267921447754,21.067181936527703,20.794323227229697,20.908542481945872,27325498
1205,2000-08-14,20.89902114868164,21.05766057251503,20.451661499018012,20.876811900540854,37143638
1206,2000-08-15,20.89902114868164,20.89902114868164,20.89902114868164,20.89902114868164,0
1207,2000-08-16,21.40983772277832,21.625585920219173,20.95613207926111,21.06083233855011,67496889
1208,2000-08-17,21.432048797607422,21.91748270695604,21.289274317796004,21.511366823075228,86149527
1209,2000-08-18,21.38128662109375,21.56530662961876,21.298795594503083,21.38763260620831,25684195
1210,2000-08-21,21.35272789001465,21.505021338002873,21.26389089284204,21.333691632759713,20282583
1211,2000-08-22,21.466947555541992,21.717596981803432,21.365420283171296,21.479639523947338,39891989
1212,2000-08-23,21.546266555786133,21.955553708666606,21.48281180079532,21.682696736729195,75956629
1213,2000-08-24,21.295618057250977,21.622412491264516,21.194089096983912,21.51136455535705,46216771
1214,2000-08-25,21.1687068939209,21.47329208028023,21.019586445139765,21.35272686349591,23180851
1215,2000-08-28,21.079872131347656,21.257546135949877,21.041797919665413,21.16236314920598,16676686
1216,2000-08-29,20.96565055847168,21.225818963028544,20.89584981663124,21.02276102678405,30320186
1217,2000-08-30,21.378110885620117,21.498676112454383,21.041797447344248,21.241682393009444,42939124
1218,2000-08-31,21.355899810791016,21.625585475793375,21.260716834316572,21.479638019202653,38384652
1219,2000-09-01,21.355899810791016,21.355899810791016,21.355899810791016,21.355899810791016,0
1220,2000-09-04,22.456851959228516,22.637698952124765,21.463776604426503,21.505022112459958,110294526
1221,2000-09-05,22.574243545532227,22.818546984511496,22.352151050982336,22.65356326214255,50895798
1222,2000-09-06,23.072370529174805,23.218316306320432,22.336287184140943,22.590109611730025,136969141
1223,2000-09-07,22.96131706237793,23.535587836173374,22.850270836358447,22.916898571970137,105721037
1224,2000-09-08,23.535593032836914,23.79576143976905,22.910559342692196,22.97084110870612,83416875
1225,2000-09-11,24.31292152404785,24.557224966715424,23.7386506316608,23.783069131241376,98805506
1226,2000-09-12,24.331954956054688,24.734896092569887,24.18918049756566,24.43031092012147,60658354
1227,2000-09-13,23.82748794555664,24.49059584586376,23.605393749745737,24.49059584586376,82885772
1228,2000-09-14,23.840177536010742,24.154281692974276,23.649811585726695,23.86238678387893,58814450
1229,2000-09-15,23.221487045288086,23.93218807860163,23.04381305819043,23.859214349622434,53200335
1230,2000-09-18,21.968244552612305,23.03429531199963,21.774707290614295,23.03429531199963,73399060
1231,2000-09-19,21.422527313232422,22.33311156320725,21.194088850265054,21.841333421971633,68148598
1232,2000-09-20,22.050737380981445,22.256968307381875,21.422529015443025,21.654142183631592,53619277
1233,2000-09-21,22.076120376586914,22.209375879294015,21.723943666597176,22.076120376586914,48372162
1234,2000-09-22,21.470121383666992,22.019010054159818,21.31782962169366,22.019010054159818,58990275
1235,2000-09-25,21.69856071472168,21.955554430099475,21.447911288569376,21.704906698921587,48547973
1236,2000-09-26,21.657310485839844,21.82864186544778,21.45108128293253,21.82864186544778,40011530
1237,2000-09-27,22.329944610595703,22.5076186285867,21.21947521825356,21.64145270595678,92628316
1238,2000-09-28,21.9301700592041,22.52665014172657,21.79691457378946,22.52665014172657,68963290
1239,2000-09-29,21.73345947265625,22.203028350806907,21.641447797096365,22.069771172565357,37998621
1240,2000-10-02,21.73345947265625,21.73345947265625,21.73345947265625,21.73345947265625,0
1241,2000-10-03,21.77470588684082,21.923824640080024,21.463774717893717,21.577993950471893,41961280
1242,2000-10-04,21.99679946899414,22.114191699320354,21.8222984670082,21.95555396252194,25417691
1243,2000-10-05,21.58433723449707,22.038044541764748,21.49232725434286,21.90161437242217,24047388
1244,2000-10-06,21.600204467773438,21.689041465556883,21.35590102889457,21.451084010798088,29197467
1245,2000-10-09,21.603376388549805,21.98728128918656,21.51453939517167,21.638275909530797,34534659
1246,2000-10-10,21.270235061645508,21.670003209779075,21.156014137915147,21.641447978846482,30007286
1247,2000-10-11,20.959304809570312,21.219473217048584,20.787976792658228,21.130636216431288,27186770
1248,2000-10-12,20.772111892700195,21.225819263548377,20.467526678995494,20.78163086921184,69082160
1249,2000-10-13,20.19784164428711,20.63885706075639,19.360231008202422,20.63885706075639,53499189
1250,2000-10-16,19.69019889831543,21.219472596987327,19.36974873406067,20.369170046724157,68052387
1251,2000-10-17,19.16034507751465,19.779034415214845,18.862104185098534,19.363401299925695,82261245
1252,2000-10-18,18.931907653808594,19.195247369079237,18.67174093082699,19.004881391532965,37969127
1253,2000-10-19,19.236492156982422,19.569634300160786,18.211688569985423,18.833550965962655,70267297
1254,2000-10-20,18.916040420532227,19.893252346674267,18.79230222208088,19.62356670338022,88156261
1255,2000-10-23,18.138713836669922,18.90969665235493,17.980076101724077,18.90969665235493,49541306
1256,2000-10-24,18.57338523864746,18.700294762335865,18.05305008961666,18.148233079870234,69908756
1257,2000-10-25,19.357057571411133,19.614051272436566,18.611455318793897,18.65587381576379,76804722
1258,2000-10-26,19.388784408569336,19.671160354486386,19.293601429272606,19.54107785343384,18928903
1259,2000-10-27,19.223800659179688,19.575977343003686,19.04295198182864,19.47762137189553,48728952
1260,2000-10-30,19.10006332397461,19.63308870961494,19.042952855879424,19.322157517153816,40934463
1261,2000-10-31,19.173036575317383,19.27456554049931,18.67491242048332,19.039781079746884,42509931
1262,2000-11-01,19.57914924621582,19.848834903774602,19.32532685264017,19.69971445942069,72480301
1263,2000-11-02,20.032854080200195,20.17880152702402,19.601357723062154,19.601357723062154,74858151
1264,2000-11-03,20.02968406677246,20.35330723023302,19.975748285341062,20.20418676956957,58610896
1265,2000-11-06,19.842487335205078,20.29936591217226,19.798068843620978,20.1121729712218,55849367
1266,2000-11-07,19.874216079711914,20.004300261330734,19.680677150581616,19.680677150581616,36376364
1267,2000-11-08,20.207359313964844,20.45800704263479,19.988438116028167,20.096311371475206,78714125
1268,2000-11-09,20.25177764892578,20.47704482917414,20.051892710043074,20.14707569142067,53307147
1269,2000-11-10,19.7441349029541,20.28985056053298,19.687026129994628,20.207359545711157,49235533
1270,2000-11-13,19.18889808654785,19.674331923850215,19.109580072852125,19.674331923850215,32680643
1271,2000-11-14,19.7377872467041,19.791724717964208,19.166689395642106,19.166689395642106,51493926
1272,2000-11-15,19.867874145507812,20.14073283586622,19.677508169202945,20.048722839982137,42863682
1273,2000-11-16,19.775863647460938,20.013821111799636,19.62991617666994,19.988438869271878,45646036
1274,2000-11-17,19.72509765625,19.763171864621622,19.51252245067073,19.73461663208649,47502852
1275,2000-11-20,19.683855056762695,19.836148522783056,19.610881316166427,19.70606430868551,23524883
1276,2000-11-21,19.614051818847656,19.845663285917656,19.51886883841074,19.845663285917656,52537002
1277,2000-11-22,19.553770065307617,19.76634529381769,19.518870540091157,19.671162305082596,16058756
1278,2000-11-23,19.7441349029541,19.829800604854935,19.369748954202475,19.480795202991242,35718227
1279,2000-11-24,19.88373374938965,20.109000904178746,19.798069753821146,19.829797975685942,47203872
1280,2000-11-27,20.223222732543945,20.299369457834604,19.893255284592176,19.924983510540216,43128757
1281,2000-11-28,20.908536911010742,20.956130090684113,20.131209892581825,20.302539576493785,94755530
1282,2000-11-29,20.76259422302246,21.09256167294861,20.55953628769904,20.813358706853318,72628314
1283,2000-11-30,20.822874069213867,20.956131250732724,20.654717367636582,20.749900342303942,43866453
1284,2000-12-01,20.8197021484375,20.956132328793647,20.591263675473826,20.74990140975558,50742057
1285,2000-12-04,21.10525131225586,21.28292700032512,20.870466852823686,20.870466852823686,68788347
1286,2000-12-05,21.492328643798828,21.562129381358503,21.21312569356013,21.225817661284246,52905486
1287,2000-12-06,21.400318145751953,21.873061727654072,21.359072641583904,21.873061727654072,43719127
1288,2000-12-07,21.419355392456055,21.59703107973972,21.305136155260882,21.346381661336345,30523740
1289,2000-12-08,21.5367488861084,21.695386618209735,21.393972723750572,21.44791019675527,59695425
1290,2000-12-11,21.95237922668457,22.015835672342725,21.574820324412954,21.631930786510445,84918820
1291,2000-12-12,21.847681045532227,22.03170102645583,21.796916562179288,22.019009058130397,33331820
1292,2000-12-13,22.044389724731445,22.180819899609915,21.8540237732468,21.955552732698422,57066266
1293,2000-12-14,21.974592208862305,22.38705239584296,21.89210118845089,22.0761211831913,88461585
1294,2000-12-15,21.444740295410156,21.892101713664506,21.340040021224226,21.892101713664506,56209434
1295,2000-12-18,21.657310485839844,21.75883943895232,20.943438212344326,21.257542351677188,53342732
1296,2000-12-19,21.5367488861084,21.8667163180648,21.454256180632136,21.781050620650106,49308314
1297,2000-12-20,21.692216873168945,21.89210183541442,21.409840888074257,21.89210183541442,29325971
1298,2000-12-21,21.720767974853516,21.8889246759273,21.355899341396388,21.58116650508929,59473245
1299,2000-12-22,21.460601806640625,22.019007699109142,21.400318350764326,21.860369969653185,49839151
1300,2000-12-25,21.460601806640625,21.460601806640625,21.460601806640625,21.460601806640625,0
1301,2000-12-26,20.813358306884766,21.69538738280357,20.72134662235051,21.387629188595785,53423649
1302,2000-12-27,21.133806228637695,21.25754444053078,20.55953536175453,20.68644656561594,56125604
1303,2000-12-28,21.498674392700195,21.58751308087512,21.1179424847269,21.308308438713546,56613447
1304,2000-12-29,21.50819206237793,21.619238297135805,21.38762685250901,21.476463840315308,37622350
1305,2001-01-01,21.685869216918945,21.806436139435956,21.511366512455503,21.574822965882817,42128577
1306,2001-01-02,22.48223114013672,22.78047202216668,21.59068318074148,21.59702916418234,92764775
1307,2001-01-03,22.847103118896484,22.951805081151292,22.399743425122637,22.526652942733634,123856212
1308,2001-01-04,22.704328536987305,23.281772432904123,22.602799567381172,22.7868212485359,83784183
1309,2001-01-05,23.11678695678711,23.275424688570336,22.62183411487069,22.62183411487069,104474953
1310,2001-01-08,22.856618881225586,23.3166722081404,22.6694259144636,23.00256634225427,95828393
1311,2001-01-09,22.71384620666504,22.95814794513406,22.659908732793262,22.805856194461395,63211442
1312,2001-01-10,22.317249298095703,22.93593866588615,22.155438571668455,22.75191869053651,66251757
1313,2001-01-11,22.57741928100586,22.672602274514308,22.27283404077374,22.36801703428219,57008778
1314,2001-01-12,22.498098373413086,22.742400115870108,22.463197155933866,22.65039012657177,33646611
1315,2001-01-15,22.561552047729492,22.62183380869998,22.336284878370282,22.46636907095293,27697623
1316,2001-01-16,23.376956939697266,23.503868159965176,22.56155552755325,22.56155552755325,145605043
1317,2001-01-17,22.97401237487793,23.570492480768074,22.923247894167154,23.5482832323289,58317336
1318,2001-01-18,23.145339965820312,23.256387901010243,22.929591774133996,23.034293725604666,38235547
1319,2001-01-19,23.42137336730957,23.719612589789268,23.167550949268964,23.167550949268964,91923124
1320,2001-01-22,23.764034271240234,23.852871275626324,23.35792007193659,23.41502884833857,106260122
1321,2001-01-23,24.217735290527344,24.382718993245444,23.779892947751883,23.779892947751883,115872538
1322,2001-01-24,24.135244369506836,24.39858405391181,24.01785214344431,24.39223976505185,76479540
1323,2001-01-25,24.220911026000977,24.335130264671832,23.90046086433962,24.208219057829556,62876484
1324,2001-01-26,24.220911026000977,24.220911026000977,24.220911026000977,24.220911026000977,0
1325,2001-01-29,23.963918685913086,24.113037455635734,22.907385159110326,24.113037455635734,71061907
1326,2001-01-30,24.72538185119629,24.811045858828557,24.021026752430412,24.021026752430412,147232440
1327,2001-01-31,24.404930114746094,25.699419292409573,24.17649164573457,25.699419292409573,82628245
1328,2001-02-01,24.503286361694336,24.65875110306252,23.64981254271499,24.335129652474023,178438559
1329,2001-02-02,25.033138275146484,25.121975268599545,24.36368444239456,24.398583963404988,141852072
1330,2001-02-05,25.328205108642578,25.413869106557794,24.763451557843922,24.94430022396105,149430501
1331,2001-02-06,25.24571418762207,25.54078210342307,25.144185223693853,25.38214267354164,84708376
1332,2001-02-07,24.966510772705078,25.252059707271695,24.874499091478086,25.10611224805218,50935108
1333,2001-02-08,25.125150680541992,25.220333666973744,24.779318259186905,24.823736760191792,66988585
1334,2001-02-09,25.31234359741211,25.509055554201915,25.01727735720187,25.191780063545195,97611280
1335,2001-02-12,25.41704559326172,25.78826025687752,25.08073214894975,25.14418690816871,92278010
1336,2001-02-13,26.01987075805664,26.137262990425384,25.223505678227344,25.50905462641743,119497901
1337,2001-02-14,26.368877410888672,26.486269656380856,25.988145437406,26.32445890664564,125432815
1338,2001-02-15,26.82257843017578,26.993908127245664,26.207062073458374,26.333973274060938,205960791
1339,2001-02-16,26.806716918945312,27.244559318429467,26.65125217114188,26.8987269097845,177636541
1340,2001-02-19,26.990734100341797,27.098609040460857,26.556066433023087,26.841615352198147,89147661
1341,2001-02-20,26.82892417907715,27.06688161876483,26.714704947021918,26.905070898772063,100213930
1342,2001-02-21,26.276866912841797,26.959012815742813,26.14995738739824,26.844791869879224,110495812
1343,2001-02-22,26.311763763427734,26.587793715139455,25.927858868536067,26.207061812102996,109056397
1344,2001-02-23,26.09918975830078,26.689323896019342,25.991314810184047,26.337147208588455,108219311
1345,2001-02-26,25.77873992919922,26.20071736108978,25.588373966544903,26.02938765570602,87129836
1346,2001-02-27,25.515399932861328,25.969105584821587,25.210813040236044,25.858059339577594,78573731
1347,2001-02-28,26.276866912841797,26.651254589331614,25.423392981094523,25.50905699551765,154742009
1348,2001-03-01,27.806140899658203,28.30109208909378,26.397430669386736,26.397430669386736,223194307
1349,2001-03-02,26.594141006469727,28.618367531782955,26.343491587326806,27.920356748596248,187886955
1350,2001-03-05,25.931032180786133,26.96852595138969,25.540781297362244,26.6829770205842,132200024
1351,2001-03-06,25.931032180786133,25.931032180786133,25.931032180786133,25.931032180786133,0
1352,2001-03-07,26.14360809326172,26.949490427211916,25.293305566557155,26.14360809326172,105663297
1353,2001-03-08,26.232446670532227,26.660770104204126,25.95641499629233,26.235619662704167,62047073
1354,2001-03-09,25.984970092773438,26.086499061838186,25.29647994938019,26.086499061838186,54988278
1355,2001-03-12,25.889787673950195,26.143610102160434,25.509055726609315,25.95958841796439,51412616
1356,2001-03-13,24.62702178955078,26.556065087068593,23.821137856190738,25.448767290984318,73733177
1357,2001-03-14,25.344070434570312,25.693075828117113,24.439830420362245,24.684135551824504,47229178
1358,2001-03-15,25.2076416015625,25.47415428362488,24.62702474760426,24.937955927514643,34790561
1359,2001-03-16,24.366857528686523,25.3345523319132,24.05592802876796,25.001411887026016,44860430
1360,2001-03-19,24.27167510986328,24.620680523572723,23.83383438908204,24.1764938183669,31633267
1361,2001-03-20,23.691059112548828,24.4144504633865,23.510210427352202,24.366857276777353,25515540
1362,2001-03-21,25.464637756347656,25.588375980808248,23.17707133740825,23.89094544853098,46522683
1363,2001-03-22,24.96333885192871,25.94055091626426,24.811045402301975,25.72162971804123,40167819
1364,2001-03-23,24.0844783782959,25.42338765976954,23.75133797753011,25.001408575818456,49623609
1365,2001-03-26,24.379545211791992,24.531838637817124,23.865556170187773,24.11303256373508,24811230
1366,2001-03-27,24.792009353637695,25.02679381922544,24.220911455189317,24.30340246986773,41114839
1367,2001-03-28,25.509056091308594,25.69942206770067,24.976030679420983,25.064867683077416,37356183
1368,2001-03-29,25.156875610351562,25.753355693474532,25.001409182237055,25.461460788016126,53399898
1369,2001-03-30,24.719038009643555,25.17274371915361,24.53501800990474,25.007759978874912,34400048
1370,2001-04-02,24.81421661376953,24.988719300406498,23.767203883896286,24.525494695595793,39069902
1371,2001-04-03,24.80152702331543,25.064866726943983,24.4937705145275,24.747591241709763,21535935
1372,2001-04-04,24.30974769592285,24.601642620241932,24.00198950657751,24.12255472771042,20329316
1373,2001-04-05,24.30974769592285,24.30974769592285,24.30974769592285,24.30974769592285,0
1374,2001-04-06,24.287538528442383,24.934783134333085,24.176492282937005,24.303401793521903,16347064
1375,2001-04-09,22.6694278717041,24.347823818443842,22.320424148877688,24.12572961575004,68517838
1376,2001-04-10,20.851430892944336,22.539344021253573,20.705483427979097,22.539344021253573,51180311
1377,2001-04-11,20.575397491455078,21.419353984366378,19.45858404401348,20.940266123067477,79577889
1378,2001-04-12,18.868453979492188,20.178806646724052,18.5353134996023,20.178806646724052,91028313
1379,2001-04-13,18.868453979492188,18.868453979492188,18.868453979492188,18.868453979492188,0
1380,2001-04-16,19.553770065307617,19.861528282552783,18.40205522362319,18.567038957765714,63144487
1381,2001-04-17,20.001127243041992,20.4199333574783,19.417339110309403,19.480793863113686,55346202
1382,2001-04-18,20.76259422302246,20.933923932207996,19.226974519549533,19.924983629762174,92069344
1383,2001-04-19,23.462621688842773,24.02420063746972,20.937096136247888,20.937096136247888,148974490
1384,2001-04-20,22.77095603942871,23.789415326609976,22.406087368243472,23.472138147536967,80686282
1385,2001-04-23,22.469541549682617,23.05967565322498,22.2569663527347,22.526650317459726,45602314
1386,2001-04-24,22.174474716186523,22.399741891228004,21.860370545905855,22.285522655209853,37334378
1387,2001-04-25,22.75826644897461,23.03429643352119,22.082466562706095,22.20937608216512,69473779
1388,2001-04-26,22.517135620117188,23.218316042809768,22.323596656892466,22.87248531973447,71457307
1389,2001-04-27,21.914306640625,22.272829285967674,21.10524967354616,22.272829285967674,72373573
1390,2001-04-30,21.73345947265625,22.42512251789335,21.194088166156927,22.12688163395091,46574990
1391,2001-05-01,21.73345947265625,21.73345947265625,21.73345947265625,21.73345947265625,0
1392,2001-05-02,21.720767974853516,21.98728064211897,21.333690093705453,21.701731718971896,31688179
1393,2001-05-03,21.825469970703125,22.13322986106534,21.55261299302755,21.638276998815375,32772960
1394,2001-05-04,21.809606552124023,21.9555540161236,21.638276846777806,21.774707029631383,17594955
1395,2001-05-07,21.631933212280273,22.044391680439478,21.546267509527627,21.76518871215181,15749006
1396,2001-05-08,21.961896896362305,22.095152373368578,21.577992033353667,21.606545567730624,30808142
1397,2001-05-09,22.32042121887207,22.704326111073108,21.99045379788298,22.01900733443117,62306141
1398,2001-05-10,22.53617286682129,22.634528848838563,22.247450905409167,22.329943620801714,30532185
1399,2001-05-11,22.548860549926758,22.9264211679838,22.47271552289864,22.61866298299309,31238931
1400,2001-05-14,22.831239700317383,22.974014177906184,22.504443541966197,22.52665279214838,24879040
1401,2001-05-15,23.529245376586914,23.63077263613362,22.091980139714092,22.65356068630542,65107625
1402,2001-05-16,23.284944534301758,23.78306869178605,23.170725295351584,23.64346721140535,46455448
1403,2001-05-17,24.274850845336914,24.4334885979808,23.408683258083247,23.408683258083247,81220452
1404,2001-05-18,23.786237716674805,24.42079195163013,23.66884550525315,24.4112729770659,42258187
1405,2001-05-21,23.900463104248047,24.20822132658053,23.58001460752922,23.605395156301913,40671474
1406,2001-05-22,23.95122528076172,24.208218990803193,23.840179034441174,23.976607522059897,29510899
1407,2001-05-23,24.17966079711914,24.319263954654488,23.91314983857917,23.92584011018738,26407985
1408,2001-05-24,24.931612014770508,25.02679500234493,24.176494098673302,24.176494098673302,94556989
1409,2001-05-25,24.972858428955078,25.23619813257786,24.814218991367007,24.998238976195754,59731991
1410,2001-05-28,25.305997848510742,25.502708098981234,25.001410954283465,25.001410954283465,36493007
1411,2001-05-29,25.59789276123047,25.8231582447884,25.191778597448163,25.318688108335255,42811487
1412,2001-05-30,24.845945358276367,25.807294108400665,24.74441639701488,25.76287391661803,54700207
1413,2001-05-31,24.893535614013672,24.988718586738308,24.303399827141565,24.722205924114487,42893875
1414,2001-06-01,24.1289005279541,25.017275567171954,23.992470347859573,24.953819117601455,43078103
1415,2001-06-04,23.779897689819336,24.300231140229027,23.557805177433814,24.23994937114568,31130355
1416,2001-06-05,23.66567611694336,23.973434306714438,23.510209678568383,23.652984148925306,28362650
1417,2001-06-06,23.196104049682617,23.859213572720847,23.08823080316793,23.789412837923287,39624813
1418,2001-06-07,23.110441207885742,23.31667212577243,22.66308154542776,23.288116893067805,52703851
1419,2001-06-08,23.503864288330078,23.697401536768517,23.11995939336049,23.161204897538003,50362650
1420,2001-06-11,23.52290153503418,23.63394777979372,23.231006611695552,23.478483037130363,37387314
1421,2001-06-12,23.481653213500977,23.56097292452909,23.319842494580985,23.472135932961137,19314752
1422,2001-06-13,23.821142196655273,23.916325182232768,23.481655762769016,23.54193922428781,32180868
1423,2001-06-14,23.091405868530273,24.00516318153716,22.977186628148015,23.722787225184707,65138602
1424,2001-06-15,22.691635131835938,22.977184048216696,22.40608452048096,22.977184048216696,47495514
1425,2001-06-18,21.612895965576172,22.653564536331068,21.517712978279807,22.532999306090705,55464526
1426,2001-06-19,22.009489059448242,22.082462783386557,21.55261046065493,21.574819707507963,36523999
1427,2001-06-20,21.882577896118164,22.272828754876386,21.25754260175591,21.25754260175591,26094230
1428,2001-06-21,21.644622802734375,22.237929939107783,21.574822062865408,21.87623427161893,47233211
1429,2001-06-22,21.727115631103516,21.81595262870624,21.333691736049644,21.701733389649252,31187017
1430,2001-06-25,21.66683006286621,21.77153201054458,21.292444156578604,21.619238576644083,24725145
1431,2001-06-26,22.006319046020508,22.136401553054046,21.511366174940864,21.606549158613962,28403417
1432,2001-06-27,22.723365783691406,22.83758672695505,21.7524979357976,21.955555883844497,44329523
1433,2001-06-28,22.9898738861084,23.25321355035239,22.62183227651198,22.717015246841758,38544176
1434,2001-06-29,23.38330078125,23.69740326829025,22.85027539995396,23.00256715534254,26944326
1435,2001-07-02,22.75826644897461,25.064867389584894,22.355323555020032,23.52924932232463,14112521
1436,2001-07-03,20.902193069458008,22.336283624372395,20.559533694310147,22.183991887064394,65799036
1437,2001-07-04,20.699134826660156,21.035449907948298,20.43262386691627,20.496078615192314,39504767
1438,2001-07-05,21.05131721496582,21.346383461353387,20.816532736773734,21.06718048133842,28086259
1439,2001-07-06,20.667409896850586,20.895848364273693,20.369168997464204,20.559534951974896,17151702
1440,2001-07-09,20.76259422302246,20.94026822145604,20.058239128587356,20.55953628769904,35909821
1441,2001-07-10,21.1750545501709,21.251199581544203,20.74990241847297,21.035453066020594,24974270
1442,2001-07-11,21.359073638916016,21.622413330470486,20.883158737910872,21.067178714306365,16015356
1443,2001-07-12,21.58751106262207,21.7461487777882,21.39714343145891,21.479636128128753,17476842
1444,2001-07-13,21.828643798828125,22.256967200862384,21.086216229640552,21.685867636509048,28580447
1445,2001-07-16,21.06717872619629,21.70173305787752,20.94026752086517,21.505021113357877,21472159
1446,2001-07-17,21.13063621520996,21.346382732418224,20.629339048224356,20.876813792068866,16188394
1447,2001-07-18,20.734037399291992,21.286098999907296,20.622991158785055,21.197262007501745,20781490
1448,2001-07-19,20.565879821777344,20.715000263393016,20.369167894111925,20.62299028302673,16907479
1449,2001-07-20,19.918636322021484,20.692792106540683,19.70288812756321,20.686446122739888,25611498
1450,2001-07-23,19.861528396606445,20.051894375169795,19.036609721156765,19.671162418043092,1948391
1451,2001-07-24,19.947193145751953,20.08362163850894,19.112755533467734,19.112755533467734,13896909
1452,2001-07-25,19.715578079223633,20.016991965162745,19.588668575119637,19.956708509985212,17154376
1453,2001-07-26,19.3443660736084,19.82345396609501,19.21428187648731,19.54424931482823,30470005
1454,2001-07-27,19.420509338378906,19.541074538030898,19.036604494353412,19.258696945048616,17946522
1455,2001-07-30,19.852012634277344,19.924986377977525,19.246013431808407,19.382441941562146,21004692
1456,2001-07-31,20.23274040222168,20.353305619069037,19.268218667442824,19.972573712177237,55492156
1457,2001-08-01,20.020166397094727,20.448489817947838,19.81393547188622,20.365997108869554,26261387
1458,2001-08-02,20.166114807128906,20.36282507034363,19.642608379349216,19.924984347730756,22788924
1459,2001-08-03,20.128040313720703,20.375516754106748,19.690199597235065,20.147076571833217,48046979
1460,2001-08-06,20.508773803710938,20.60078549898558,20.00430529827093,20.11535155812021,25558407
1461,2001-08-07,20.886327743530273,20.94026521171995,20.37234038482329,20.37234038482329,32886578
1462,2001-08-08,20.8419132232666,21.0037256586809,20.4675272561756,20.616647722549796,24997699
1463,2001-08-09,21.30830955505371,21.558958978253923,20.622992423792944,20.686447180121448,32633546
1464,2001-08-10,21.562129974365234,21.666831931071446,21.200434308895304,21.44791073657851,35529952
1465,2001-08-13,20.721343994140625,21.63192988301677,20.5976074897212,21.5430912018007,27804630
1466,2001-08-14,20.372343063354492,20.92123170746148,20.283506065226028,20.92123170746148,41322595
1467,2001-08-15,20.372343063354492,20.372343063354492,20.372343063354492,20.372343063354492,0
1468,2001-08-16,20.743558883666992,21.032279143903484,20.369171222583528,20.49608243777915,40314418
1469,2001-08-17,20.150251388549805,20.864123844716165,20.06776036426815,20.74990459072447,37882790
1470,2001-08-20,20.16928482055664,20.426280224724245,19.959882601768616,19.98843783500661,27714988
1471,2001-08-21,20.235916137695312,20.477046604082503,20.17880566592878,20.17880566592878,25945335
1472,2001-08-22,20.235916137695312,20.235916137695312,20.235916137695312,20.235916137695312,0
1473,2001-08-23,20.1153507232666,21.447912566050586,20.058240252014624,20.299370716229284,24387653
1474,2001-08-24,19.99795913696289,20.194671105509713,19.937675671451963,20.178806143546538,20928018
1475,2001-08-27,20.00747299194336,20.299367902370197,19.867871520428164,20.178802686975384,18360044
1476,2001-08-28,19.852012634277344,20.1597708768478,19.810765426116614,19.918640392879777,14452184
1477,2001-08-29,20.204181671142578,20.321573875771993,19.791721611783714,19.79806759445936,48566417
1478,2001-08-30,20.24860382080078,20.394551278883384,19.988437128776148,20.131211594947263,27727662
1479,2001-08-31,19.7441349029541,20.242259068912876,19.64260763047912,20.20418655360656,39395546
1480,2001-09-03,19.842487335205078,19.98843477610946,19.734614097782856,19.734614097782856,16171687
1481,2001-09-04,19.947193145751953,20.077277349176235,19.585497464861266,19.855181458221665,22366089
1482,2001-09-05,19.7441349029541,20.051893102432466,19.658470896027683,19.86152713595206,11804371
1483,2001-09-06,19.772693634033203,20.17880788068407,19.639438111918345,20.17880788068407,16967446
1484,2001-09-07,19.525217056274414,19.90594732660631,19.420515087825315,19.90594732660631,20467497
1485,2001-09-10,19.29994773864746,19.633088171803305,19.24283727211671,19.480794724370885,12647198
1486,2001-09-11,19.357057571411133,19.480794086552564,19.22697337744988,19.385611108767268,14673580
1487,2001-09-12,18.903350830078125,19.1317910009267,17.516851624771796,18.719330852569772,34785814
1488,2001-09-13,18.421092987060547,19.226975390696325,18.278316810458268,19.036609415192615,20201511
1489,2001-09-14,16.580886840820312,18.50993059713999,16.580886840820312,18.50993059713999,31589350
1490,2001-09-17,16.666547775268555,16.847396441496812,15.29273895119045,16.006612945810936,100059643
1491,2001-09-18,16.063724517822266,17.67231975920781,15.863841256002535,16.498393957056898,87037267
1492,2001-09-19,15.66712474822998,16.593572134998436,15.429167342467979,16.498389172693635,54005126
1493,2001-09-20,15.222941398620605,15.578291087257565,14.708952275699257,15.349850912078832,61146786
1494,2001-09-21,13.747603416442871,14.848553695707388,13.703184917419865,14.826344446195883,73484375
1495,2001-09-24,14.033153533935547,14.394848366082353,13.617520377827065,13.801540362299408,101903813
1496,2001-09-25,13.109874725341797,14.53127408272069,12.919508792946495,14.283799387591262,99719112
1497,2001-09-26,14.413883209228516,14.423402184721866,13.319278996309551,13.319278996309551,91794116
1498,2001-09-27,15.337162017822266,15.533873984837347,13.639730596687027,13.639730596687027,134391056
1499,2001-09-28,16.7902889251709,16.872781640812484,15.134103882451173,15.483109309045021,145786541
1500,2001-10-01,16.469839096069336,17.22813173523662,16.073243860752637,16.752216774866753,204260754
1501,2001-10-02,16.469839096069336,16.469839096069336,16.469839096069336,16.469839096069336,0
1502,2001-10-03,15.648092269897461,16.618960075609465,15.362543314093802,16.561849606458953,99945731
1503,2001-10-04,15.828938484191895,16.231881350620025,15.454552545906774,15.803556243039143,149091469
1504,2001-10-05,15.9050874710083,16.30802869980223,15.45772773761972,15.800385499481893,71438233
1505,2001-10-08,16.012958526611328,16.241396978762932,15.261012039578432,15.356195010470632,103922801
1506,2001-10-09,16.0605525970459,16.358791829522563,15.813076154904513,16.181117825912924,103584608
1507,2001-10-10,16.380998611450195,16.73952125182028,15.99074774879917,15.99074774879917,90542542
1508,2001-10-11,16.841053009033203,17.05045524298816,16.498393575307276,16.498393575307276,79497826
1509,2001-10-12,16.94575309753418,17.310621741667077,16.82201488822178,16.952099081338485,87830406
1510,2001-10-15,17.361385345458984,17.558095578690427,16.688756860474573,16.853742261209415,66342603
1511,2001-10-16,17.361385345458984,17.57078754565813,17.237647142394962,17.443876350852186,45376787
1512,2001-10-17,18.05622100830078,18.192649480529504,17.323310780339,17.4502219725135,59714247
1513,2001-10-18,17.5105037689209,17.799225672410042,17.393111551510106,17.74846119542578,42306432
1514,2001-10-19,17.5454044342041,17.672315622699045,17.355038498948755,17.4819496874437,38912730
1515,2001-10-22,17.310623168945312,17.983250048379745,17.132947472595397,17.561270905164115,42206273
1516,2001-10-23,17.443878173828125,17.618380873050963,17.33917791027394,17.55809741360287,26546026
1517,2001-10-24,16.875953674316406,17.640590543080332,16.79028797121258,17.640590543080332,47907075
1518,2001-10-25,16.745866775512695,17.10121641440112,16.609438304906448,17.069489887965442,27738810
1519,2001-10-26,16.745866775512695,16.745866775512695,16.745866775512695,16.745866775512695,0
1520,2001-10-29,16.526947021484375,17.158328342226806,16.31437181828839,16.879125393845385,30511794
1521,2001-10-30,16.025650024414062,16.35244446415148,15.936813030111528,16.244571213209017,34700611
1522,2001-10-31,16.14303970336914,16.40003505985767,15.752790571432065,16.117659161837835,107369902
1523,2001-11-01,16.54281234741211,16.682415533972684,16.19698161075228,16.30802786656516,54707587
1524,2001-11-02,16.68558692932129,17.06949184192713,16.501565258048046,16.530120491088237,44285269
1525,2001-11-05,16.59357452392578,16.71414143484183,16.32389055521928,16.71414143484183,34339311
1526,2001-11-06,16.65703582763672,16.942584838913085,16.419078318239748,16.815673602243105,33712838
1527,2001-11-07,16.4412841796875,16.910853115996172,16.263608485017652,16.847398358244156,22285087
1528,2001-11-08,16.54281234741211,16.65386029819951,15.981233388762604,16.43493908390453,41576201
1529,2001-11-09,16.755388259887695,16.907680016520565,16.517430801110315,16.720487041612284,34613167
1530,2001-11-12,16.891817092895508,17.094873337508275,16.707797106375427,16.80932607616904,27757758
1531,2001-11-13,17.034589767456055,17.10121751121325,16.707795337379626,16.879125032022603,32125312
1532,2001-11-14,17.33600616455078,17.434360451028983,17.205921955056194,17.253513449631733,12335502
1533,2001-11-15,17.643762588500977,17.748462848932842,17.259857678643996,17.323312433298895,31320535
1534,2001-11-16,17.643762588500977,17.643762588500977,17.643762588500977,17.643762588500977,0
1535,2001-11-19,19.369747161865234,19.410992665459585,18.027666544375087,18.027666544375087,71040018
1536,2001-11-20,18.468679428100586,19.73461496900507,18.27514219050412,19.671158525391427,44342547
1537,2001-11-21,18.681257247924805,19.179381371918154,18.243414883916973,18.528963809580965,40602096
1538,2001-11-22,18.52261734008789,18.935077453553582,18.408398111812936,18.719329269045677,31503531
1539,2001-11-23,18.52261734008789,18.81451224177051,18.068911723767897,18.528963323596006,36048423
1540,2001-11-26,18.947769165039062,19.144481108940862,18.671739201157006,18.763749189117693,36689979
1541,2001-11-27,18.60511016845703,19.347537699800846,18.45281673306242,19.163516041622128,27767645
1542,2001-11-28,18.436952590942383,18.671737021428143,18.103810505013588,18.60510928223205,32388329
1543,2001-11-29,18.398883819580078,18.516274363699576,18.148232685070745,18.40205511687494,24401629
1544,2001-11-30,18.398883819580078,18.398883819580078,18.398883819580078,18.398883819580078,0
1545,2001-12-03,18.43060874938965,18.63683797419183,18.148231106694436,18.47185425535521,26789941
1546,2001-12-04,18.941423416137695,19.100061138845767,18.46550855303925,18.528963303127632,34449596
1547,2001-12-05,19.880565643310547,20.03920338814591,19.29042977477508,19.363403510293733,45707249
1548,2001-12-06,19.667987823486328,20.591264100283585,19.423686080546695,20.305715155700774,48654406
1549,2001-12-07,19.798070907592773,20.039201339879526,19.671159707711777,19.671159707711777,30398723
1550,2001-12-10,19.991609573364258,20.302540737511517,19.734615880287,19.734615880287,20566620
1551,2001-12-11,19.69971466064453,20.169283551094548,19.61087766947275,19.988436576927093,23066337
1552,2001-12-12,19.734617233276367,20.299369137395196,19.6140520105463,19.861526745116368,25557637
1553,2001-12-13,19.734617233276367,20.24225867058513,18.760576475309357,19.845663479879963,57676438
1554,2001-12-14,19.69019889831543,19.798072153773596,19.36974873406067,19.734617397326108,18745655
1555,2001-12-17,19.69019889831543,19.69019889831543,19.69019889831543,19.69019889831543,0
1556,2001-12-18,19.617225646972656,19.959883374165493,19.20159249036188,19.67116142853786,21648727
1557,2001-12-19,19.58867073059082,19.918638189528558,19.480795775760523,19.918638189528558,35696394
1558,2001-12-20,19.69019889831543,19.798072153773596,19.20159201924916,19.5759779637458,24662041
1559,2001-12-21,19.693370819091797,19.766344554055937,19.35388438664882,19.35388438664882,14107101
1560,2001-12-24,19.715578079223633,19.823453022183735,19.353882433081264,19.41733888010754,13869867
1561,2001-12-25,19.715578079223633,19.715578079223633,19.715578079223633,19.715578079223633,0
1562,2001-12-26,19.468103408813477,19.861525584486433,19.252353522349416,19.664815344137097,9321039
1563,2001-12-27,19.179384231567383,19.445896940919052,18.922390499146836,19.35388524884177,35795461
1564,2001-12-28,19.15717124938965,19.347537191140944,18.351287293664864,19.036606039948882,29663225
1565,2001-12-31,19.43003273010254,19.59818775458437,18.94777012687808,19.290429550102974,16250994
1566,2002-01-01,19.353883743286133,19.60136017449867,19.201591989056748,19.347539454133436,9645367
1567,2002-01-02,19.265047073364258,19.41734052516061,19.100063348072084,19.293602307447877,9579602
1568,2002-01-03,18.81134033203125,19.47762117942909,18.73519361047663,19.353882968774627,22102484
1569,2002-01-04,20.372343063354492,20.67058397846348,18.909697111435182,19.10006307598155,62707885
1570,2002-01-07,20.305715560913086,20.97516943701315,20.134385851749542,20.242259108645452,42526568
1571,2002-01-08,20.16928482055664,20.622992170392255,20.0265120443154,20.372342750271844,23035569
1572,2002-01-09,20.835569381713867,21.28927508013729,20.058240500478018,20.30571695233608,87376887
1573,2002-01-10,20.60078239440918,21.23533501859401,20.407241750739512,20.946613091522227,34331917
1574,2002-01-11,20.737211227416992,21.25754462531022,20.18197661254312,20.749901500426272,42278396
1575,2002-01-14,20.667409896850586,21.828643575345254,20.448488710168427,21.003723309149382,65636529
1576,2002-01-15,20.480215072631836,20.870465954193172,20.327923327247,20.616645248568915,23187797
1577,2002-01-16,20.321582794189453,20.718179765885466,20.058243042293807,20.629342749335056,18179387
1578,2002-01-17,20.223222732543945,20.492908415666285,20.023337790527773,20.115349476279654,27352232
1579,2002-01-18,19.772693634033203,20.933927590925734,19.57598164855199,20.933927590925734,32497955
1580,2002-01-21,19.823453903198242,20.032856119753156,19.734616907382403,19.861526417126644,14862513
1581,2002-01-22,19.836145401000977,20.22956758384219,19.61087822983655,19.79807119300066,27447966
1582,2002-01-23,19.96622657775879,20.109001034615194,19.718750174551342,19.798069882240743,16462461
1583,2002-01-24,19.896427154541016,20.11534834178926,19.76634296096766,20.02016536428779,11791529
1584,2002-01-25,19.97574806213379,19.9884383355716,19.7980723691835,19.985265343468544,8558065
1585,2002-01-28,19.95353889465332,20.559536319500893,19.839317958370007,20.05189317538152,32907556
1586,2002-01-29,20.0899658203125,20.207358044589874,19.918636124212625,20.051891612860146,21020125
1587,2002-01-30,19.92815589904785,20.178805338318252,19.620397683912632,19.982095072595655,19921605
1588,2002-01-31,19.04295539855957,20.36917305551437,18.88431763652081,20.36917305551437,94887745
1589,2002-02-01,19.077850341796875,19.379264193923667,18.916039640482772,19.077850341796875,62540337
1590,2002-02-04,19.21428108215332,19.449065530690707,18.824030201897703,19.449065530690707,26850286
1591,2002-02-05,18.6495304107666,19.163517837177338,18.535311171005816,18.909697116045102,45867165
1592,2002-02-06,18.509929656982422,18.877971327316803,18.42426395256369,18.71933188727077,61498409
1593,2002-02-07,19.541078567504883,20.17245992389814,18.525792287922897,18.52896528001198,113657573
1594,2002-02-08,19.74730682373047,19.956709036503575,19.43003136012552,19.54424889984795,59848718
1595,2002-02-11,19.58232307434082,20.1153484286402,19.487140096428384,19.924982472815323,34021971
1596,2002-02-12,19.62039566040039,19.956709076270222,19.5252143771087,19.671160141472175,40477289
1597,2002-02-13,19.671159744262695,19.861525696950768,19.623568256090678,19.671159744262695,47407776
1598,2002-02-14,19.769519805908203,20.077279741787255,19.677509802387515,19.823457288997794,28104451
1599,2002-02-15,20.026514053344727,20.293025070370355,19.744136379635027,19.86152862141285,69678425
1600,2002-02-18,20.226396560668945,20.41993552650032,20.070931806543854,20.178805067266953,49775515
1601,2002-02-19,20.359651565551758,20.496080046611617,20.210531116965793,20.31840436606621,40018084
1602,2002-02-20,20.118520736694336,20.207357727733026,19.87104432454454,20.14707427311801,25876728
1603,2002-02-21,19.950363159179688,20.369169281936774,19.8297996349485,20.204185565388325,19779727
1604,2002-02-22,19.982091903686523,20.01064543960345,19.83614445244214,19.86152499659625,11669172
1605,2002-02-25,19.969402313232422,20.099486516118503,19.861527360355026,20.001128844688004,12099948
1606,2002-02-26,20.391376495361328,20.559533187075594,20.026509577186776,20.140728801093367,40451157
1607,2002-02-27,20.670583724975586,20.95613266829339,20.194668819445916,20.55953578370241,101030821
1608,2002-02-28,19.534730911254883,20.899020779243923,19.357056929269373,20.737210061371616,83680802
1609,2002-03-01,20.451662063598633,20.60395381291467,19.369748078683138,19.54424907675306,63239227
1610,2002-03-04,19.902774810791016,21.574823041394996,19.798072848751602,21.19409109939633,158828803
1611,2002-03-05,19.909116744995117,20.267637668799658,19.804413109281338,20.24225543149835,61248668
1612,2002-03-06,19.52203941345215,20.400897148959093,19.442721396004426,19.544248661734425,46666285
1613,2002-03-07,19.75364875793457,19.82344948121588,19.458580908399497,19.6711560695254,30686653
1614,2002-03-08,19.477624893188477,19.956712867470237,19.395133867006653,19.79172912013194,25543031
1615,2002-03-11,18.93825340270996,19.63626254335144,18.849416399620434,19.63626254335144,55717669
1616,2002-03-12,18.544828414916992,19.001707068014763,18.49723692386461,18.966807545229358,36594497
1617,2002-03-13,18.633665084838867,18.947769259249615,18.528964823351526,18.59241957864611,38789212
1618,2002-03-14,18.87796974182129,18.935078511662944,18.674911818008326,18.8494145094133,22150267
1619,2002-03-15,19.547422409057617,19.63625939791679,18.925558402120753,18.925558402120753,58963177
1620,2002-03-18,19.461755752563477,19.8488336062319,19.36022680177029,19.715576434572306,28846110
1621,2002-03-19,19.011228561401367,19.52521774980662,18.925562849179848,19.480797549965118,22878230
1622,2002-03-20,19.274564743041992,19.344365479973067,18.94142432292458,19.10006205322715,33074349
1623,2002-03-21,19.261873245239258,19.331673983872808,19.106408503047273,19.163517273761446,16132181
1624,2002-03-22,19.277742385864258,19.32850687860228,18.852590182926992,19.030265907510074,26800906
1625,2002-03-25,19.277742385864258,19.277742385864258,19.277742385864258,19.277742385864258,0
1626,2002-03-26,19.03660774230957,19.1952454762972,18.960461019804743,19.188899492344877,17638257
1627,2002-03-27,19.04295539855957,19.25235765124465,18.709814911795917,19.220631115821686,32848472
1628,2002-03-28,19.055644989013672,19.242837965535905,18.881142286080916,19.100063489038497,42148435
1629,2002-03-29,19.055644989013672,19.055644989013672,19.055644989013672,19.055644989013672,0
1630,2002-04-01,19.173036575317383,19.56328747587643,18.992189589189653,19.141308349954436,35258574
1631,2002-04-02,19.261873245239258,19.306293437982742,19.06833429426348,19.06833429426348,21033737
1632,2002-04-03,18.96997833251953,19.2555289661343,18.881141336935674,19.2555289661343,14761709
1633,2002-04-04,19.37609100341797,20.29936719008993,19.06833283951872,19.06833283951872,138320973
1634,2002-04-05,19.398303985595703,19.7346191398897,19.35388548266288,19.43320520645695,46535736
1635,2002-04-08,19.22697639465332,19.556943876759423,19.16669292860965,19.496662105690337,24111052
1636,2002-04-09,19.046123504638672,19.299945892749797,18.985841746821162,19.258698695322856,19790832
1637,2002-04-10,18.79865074157715,19.17620967614327,18.68125851053494,19.036608195713306,37386600
1638,2002-04-11,18.817684173583984,19.06516056671868,18.73836446912304,18.91921312409813,11311359
1639,2002-04-12,18.925556182861328,19.02391213541089,18.75422820871592,18.83671920441941,14316453
1640,2002-04-15,18.684429168701172,19.02708856892981,18.61462843087302,18.909696341901807,9075948
1641,2002-04-16,18.34177017211914,18.74153831425786,18.2338952335413,18.655872622744713,21118198
1642,2002-04-17,18.405229568481445,18.55435004711825,18.316392557793407,18.519448824362442,13138234
1643,2002-04-18,18.55117416381836,18.766922366851738,18.46551015900006,18.528964914607158,27042174
1644,2002-04-19,18.06574058532715,18.973153606030305,17.910275838249202,18.563864747356654,26920238
1645,2002-04-22,18.227548599243164,18.367151755060366,17.78336197883581,18.08477414679357,24606472
1646,2002-04-23,18.47820281982422,18.693951050735873,18.157752618405958,18.28783683343009,51300609
1647,2002-04-24,18.379844665527344,20.293023281039595,18.338599158668455,18.59241987892044,16814924
1648,2002-04-25,18.211685180664062,18.45916157411967,18.097465958674604,18.43377933645822,23665824
1649,2002-04-26,18.30687141418457,18.459164867323153,18.122851429539608,18.24341665619738,15820877
1650,2002-04-29,17.469263076782227,18.33860201828722,17.30110633608873,18.33860201828722,66095201
1651,2002-04-30,17.662799835205078,17.74846384353843,17.35821462282884,17.45022461547561,23646232
1652,2002-05-01,17.662799835205078,17.662799835205078,17.662799835205078,17.662799835205078,0
1653,2002-05-02,18.043533325195312,18.148233600493082,17.862686316515337,18.018151080734576,18346250
1654,2002-05-03,18.265626907348633,18.398884109892098,18.0657419510207,18.08477820996276,24265829
1655,2002-05-06,18.38301658630371,18.46550929018855,18.252934089183455,18.278314634252627,19012565
1656,2002-05-07,18.601938247680664,18.67491197780357,18.22120633224788,18.338598559841365,16862118
1657,2002-05-08,18.398883819580078,18.74471455232335,18.313218113230725,18.655875853704632,24711295
1658,2002-05-09,18.49406623840332,18.703470181130477,18.35446473990162,18.560693995191684,16979041
1659,2002-05-10,18.278316497802734,18.54800219014478,18.091123517756003,18.503583689283634,18418596
1660,2002-05-13,18.14823341369629,18.402055855691092,18.103814910090843,18.402055855691092,11945493
1661,2002-05-14,18.002283096313477,18.332250492865068,17.957864603890087,18.262449762632006,12623769
1662,2002-05-15,17.951520919799805,18.211687619438674,17.78019121638534,18.06574015708466,15197303
1663,2002-05-16,17.63424301147461,18.04035715636651,17.459740323403892,18.021320900116354,18686347
1664,2002-05-17,17.81826400756836,18.240241401029632,17.48829490003989,17.704043084398315,40395769
1665,2002-05-20,17.526371002197266,18.389363832994775,17.291584841927087,18.383017848804506,34081238
1666,2002-05-21,16.64116668701172,17.345519988313352,15.775000980434088,17.2979285032261,79381407
1667,2002-05-22,16.41907501220703,16.657032473690517,16.18111755072355,16.59040472347003,29677090
1668,2002-05-23,16.120830535888672,16.485699128050566,15.908255363491934,16.37147991071373,28533504
1669,2002-05-24,17.1710205078125,17.386767010431203,16.51742993114039,16.51742993114039,44689282
1670,2002-05-27,17.09170150756836,17.431187930375152,16.822015825575416,17.431187930375152,25100939
1671,2002-05-28,16.498395919799805,16.99334888217763,16.377832366884395,16.99334888217763,33161820
1672,2002-05-29,16.834707260131836,17.450225391546354,16.323892789621894,17.450225391546354,24699489
1673,2002-05-30,16.590402603149414,17.110735959762664,16.520600174725814,16.520600174725814,30406943
1674,2002-05-31,16.72048568725586,16.879125110240626,16.22553455208475,16.682413174925113,30189483
1675,2002-06-03,17.155155181884766,17.256684142108202,16.63799479507986,16.97747950149375,37182360
1676,2002-06-04,17.323312759399414,17.44387798199533,17.012381574280937,17.164675022288737,29704678
1677,2002-06-05,17.412147521972656,17.608859443327187,17.259855788483794,17.323310536189638,26497907
1678,2002-06-06,17.466089248657227,17.577137202937887,17.158331020030726,17.450225981606234,25395900
1679,2002-06-07,17.43436050415039,17.510507234698174,17.212267992104174,17.38676900942984,22927609
1680,2002-06-10,18.01497459411621,18.084775329101017,17.58347821695144,17.58347821695144,26647796
1681,2002-06-11,18.351289749145508,18.49089123244584,18.18947901600078,18.27514471823582,31196526
1682,2002-06-12,18.167268753051758,18.303697236627126,18.046703534202216,18.303697236627126,15428095
1683,2002-06-13,18.05622100830078,18.335423936110498,18.021319794837474,18.211685735612132,11627649
1684,2002-06-14,17.8848934173584,18.021321905566165,17.729426976864016,18.014975921470626,18098386
1685,2002-06-17,18.07843017578125,18.14188492410314,17.926136745839692,18.14188492410314,11055527
1686,2002-06-18,17.98007583618164,18.33859850174331,17.91344809018685,18.14823084965568,11623742
1687,2002-06-19,18.18947982788086,18.32591002012814,17.70087461452101,17.957868342748082,34474440
1688,2002-06-20,18.183130264282227,18.294178191577064,17.983247046105014,18.205339510746363,17168227
1689,2002-06-21,18.01497459411621,18.211686526788966,17.891238083216503,18.211686526788966,11569671
1690,2002-06-24,18.008628845214844,18.08477556482012,17.840473836676164,18.08477556482012,10577837
1691,2002-06-25,17.310623168945312,17.869030805356307,17.00603626091689,17.57713586598296,142002298
1692,2002-06-26,16.94575309753418,17.221784748304046,16.815668904417475,17.132946059966702,43979035
1693,2002-06-27,17.243993759155273,17.34234803189589,16.882296416931627,17.101217600396318,40186683
1694,2002-06-28,17.094873428344727,17.25985885262325,16.9774811920125,17.25985885262325,25290083
1695,2002-07-01,17.24081802368164,17.386765470447784,17.040934803525193,17.136117773592314,12190220
1696,2002-07-02,16.948925018310547,17.256684904455515,16.90133522294952,17.202747430082237,13464775
1697,2002-07-03,17.01555633544922,17.323314560527095,16.8854721232124,16.94258259589677,33192882
1698,2002-07-04,16.942577362060547,17.193226731998962,16.910849143151193,17.069488542723924,14491018
1699,2002-07-05,16.70779800415039,17.05680173785119,16.641170249758584,17.00603725022661,29980061
1700,2002-07-08,17.250335693359375,17.374073884078303,16.498389269743775,16.498389269743775,64437136
1701,2002-07-09,17.570789337158203,17.67866259251124,17.13929292579726,17.263031141477505,51260501
1702,2002-07-10,17.599346160888672,17.70087513625845,17.386769233092743,17.386769233092743,38031783
1703,2002-07-11,16.856916427612305,17.551750818286525,16.796632970263342,17.5136783046788,35976076
1704,2002-07-12,16.834707260131836,17.09170268651024,16.774425491396773,17.0377652073963,21813909
1705,2002-07-15,16.86960792541504,16.94258166094052,16.49839326340078,16.94258166094052,14793471
1706,2002-07-16,16.365137100219727,16.961617234134057,16.25091786074132,16.87912622033414,31603760
1707,2002-07-17,16.11132049560547,16.4032138055136,15.97806326969268,16.323895763515928,52119237
1708,2002-07-18,16.45714569091797,16.52377512867495,16.12717827382557,16.181115744400554,24984143
1709,2002-07-19,16.485702514648438,16.647513247030314,16.244572064639424,16.244572064639424,31751913
1710,2002-07-22,16.295339584350586,16.36514033867644,16.11766555333013,16.308029860148594,19612164
1711,2002-07-23,16.292163848876953,16.485702810781106,16.0351701287159,16.15573535588612,32536594
1712,2002-07-24,15.962194442749023,16.301680832621926,15.870184461282847,16.276298593427025,30787149
1713,2002-07-25,15.978060722351074,16.47618492997806,15.867014464273261,16.181118674235712,84576776
1714,2002-07-26,15.571944236755371,15.984404369983611,15.476761259469955,15.984404369983611,40847663
1715,2002-07-29,15.721067428588867,15.898743141500132,15.15314076274949,15.518009470975995,60666477
1716,2002-07-30,15.660782814025879,16.041514761671507,15.565601522088953,15.952677759214057,43537882
1717,2002-07-31,15.505315780639648,15.721063965591544,15.295913579208928,15.54338829181824,47786651
1718,2002-08-01,15.549736022949219,15.800383755489014,15.403788555404763,15.641746014450197,27319742
1719,2002-08-02,15.410133361816406,15.514835313783617,15.169002929083785,15.362541873644817,27827682
1720,2002-08-05,15.479933738708496,15.584633993270385,15.343503566136562,15.546561481606835,30377086
1721,2002-08-06,15.327642440795898,15.47993589864835,15.267360673088358,15.41965413094081,23542179
1722,2002-08-07,15.308605194091797,15.663954877834144,15.210249220783071,15.48310789141125,34574487
1723,2002-08-08,14.794618606567383,15.400616050799808,14.68039766663033,15.34033428358812,51285484
1724,2002-08-09,14.889800071716309,14.953254824661647,14.5693499251476,14.854898855863077,47182515
1725,2002-08-12,15.289569854736328,15.438688624696782,14.867592397766728,15.086511911850549,62182944
1726,2002-08-13,15.391098976135254,15.4831089717864,15.31177925455087,15.38792598387494,21763829
1727,2002-08-14,15.137275695800781,15.451379877281154,15.11189345411679,15.362542878874391,33857699
1728,2002-08-15,15.137275695800781,15.137275695800781,15.137275695800781,15.137275695800781,0
1729,2002-08-16,15.406960487365723,15.476761224217753,15.248321062268499,15.292739558903945,27666323
1730,2002-08-19,15.562426567077637,15.65443825515314,15.48945283203638,15.48945283203638,28777811
1731,2002-08-20,15.794038772583008,15.895566041002255,15.571944588903108,15.641745327492616,45786682
1732,2002-08-21,15.559253692626953,15.930466619573417,15.533871452795426,15.803555420415778,27886990
1733,2002-08-22,15.714716911315918,15.825764835473091,15.61001666522164,15.673471411187084,25102704
1734,2002-08-23,15.847975730895996,15.892394227192657,15.648090802586726,15.857493011545685,19770288
1735,2002-08-26,15.924120903015137,16.041513128589973,15.813074661248212,15.86701213366685,23081504
1736,2002-08-27,15.648092269897461,16.49839315296406,15.610019753780087,16.49839315296406,18730054
1737,2002-08-28,15.590981483459473,15.673474193334267,15.495798500128627,15.578291210003421,13400495
1738,2002-08-29,15.838457107543945,15.863839348131478,15.521179947686964,15.546562188274496,28821799
1739,2002-08-30,16.212844848632812,16.269955320078168,15.800384664240147,15.908259622531475,47353033
1740,2002-09-02,16.83153533935547,17.00603634947588,16.498393195092735,16.498393195092735,57789944
1741,2002-09-03,16.7712459564209,16.93622962672377,16.56818978334577,16.90450141109765,30057968
1742,2002-09-04,17.08852767944336,17.19322963302886,16.56184830954078,16.625303063092232,69110182
1743,2002-09-05,16.875953674316406,17.186884870265736,16.81567021343137,17.132947393679004,29739969
1744,2002-09-06,16.856916427612305,17.031417425784447,16.704622983232717,16.8791256763792,35214586
1745,2002-09-09,16.558673858642578,16.879123980037537,16.35561595321033,16.809323248788743,34598449
1746,2002-09-10,16.558673858642578,16.558673858642578,16.558673858642578,16.558673858642578,0
1747,2002-09-11,16.333404541015625,16.6316453763317,16.27629578391553,16.561844654337843,28936173
1748,2002-09-12,16.530120849609375,16.730005790251635,16.339754885178422,16.35879114262664,39028575
1749,2002-09-13,16.4349365234375,16.812495429354335,16.352443821275155,16.571365001463494,51848098
1750,2002-09-16,16.374656677246094,16.574541645588923,16.308028919456692,16.498394910269052,29624055
1751,2002-09-17,16.599918365478516,16.685584049815372,16.387343192824495,16.387343192824495,18710406
1752,2002-09-18,16.412723541259766,16.612608420075684,16.37147804705053,16.49838752076723,17194639
1753,2002-09-19,16.37782859802246,16.46349260142694,16.2128431852131,16.46349260142694,21151150
1754,2002-09-20,16.212844848632812,16.333410081148376,16.057380090769716,16.181118315584968,24616387
1755,2002-09-23,16.498395919799805,16.62213416039426,16.18112037901499,16.30802991733902,25511899
1756,2002-09-24,16.212844848632812,16.58088653077888,16.13669811836385,16.434939054840328,33851622
1757,2002-09-25,16.20332908630371,16.241401607521485,15.990752142084656,16.124009356296224,16970345
1758,2002-09-26,16.225534439086914,16.314371430556164,16.16525098417973,16.308025446887143,8181500
1759,2002-09-27,16.368309020996094,16.466664988685153,16.10496934153082,16.22870754910655,26125096
1760,2002-09-30,16.374656677246094,16.498394910269052,16.314374904477006,16.32389388200748,31576774
1761,2002-10-01,15.863840103149414,16.339755018098245,15.803556643269543,16.250918019300975,29068668
1762,2002-10-02,15.863840103149414,15.863840103149414,15.863840103149414,15.863840103149414,0
1763,2002-10-03,15.362540245056152,15.832109093243512,15.26101129572674,15.800380872834541,68501677
1764,2002-10-04,14.984981536865234,15.346677151610121,14.91517911220077,15.299083972984667,55472424
1765,2002-10-07,15.23880386352539,15.333986841106054,14.886625490497487,14.912009425824932,28380996
1766,2002-10-08,15.37840747833252,15.470417476803116,15.21659673291959,15.270532518074202,18650971
1767,2002-10-09,15.12775707244873,15.445032522889477,15.083336882211743,15.403787019427545,20233315
1768,2002-10-10,15.032574653625488,15.191214097567402,14.927874383397313,15.038920638177046,20938059
1769,2002-10-11,15.20390510559082,15.927296530151459,15.108722112620978,15.927296530151459,18031444
1770,2002-10-14,15.368889808654785,15.445034843417396,15.229286623316145,15.292741383943158,14663623
1771,2002-10-15,15.368889808654785,15.368889808654785,15.368889808654785,15.368889808654785,0
1772,2002-10-16,15.495798110961914,15.68933706487062,15.406961114077385,15.451379612519649,27546599
1773,2002-10-17,15.46090030670166,15.53387404653015,15.333989086353295,15.451381329560073,16907675
1774,2002-10-18,15.413307189941406,15.695683142416591,15.327641489600172,15.527526428755335,19903470
1775,2002-10-21,15.365715026855469,15.495799234561103,15.305433258876905,15.48310896050359,11103912
1776,2002-10-22,15.226113319396973,15.438688542869796,15.169004544493891,15.425998268993936,15611777
1777,2002-10-23,15.504535675048828,15.62610103425121,15.46839376841812,15.62610103425121,19106437
1778,2002-10-24,15.106982231140137,15.573530660013077,15.054413146868793,15.442109704562906,40213040
1779,2002-10-25,14.656861305236816,15.172693042555201,14.558294708867338,15.080698020671216,66184858
1780,2002-10-28,14.44329833984375,14.758711937362925,14.328304576135624,14.64043238680199,40337021
1781,2002-10-29,15.149691581726074,15.277828485169978,14.725854941978358,14.817851702662239,79943964
1782,2002-10-30,15.402681350708008,15.501247940666747,15.284401793803145,15.284401793803145,53997354
1783,2002-10-31,17.446298599243164,17.702570704165357,15.576817245536844,15.576817245536844,509674504
1784,2002-11-01,16.937036514282227,17.59086255291801,16.54277012080642,17.466011411302123,317726453
1785,2002-11-04,17.298446655273438,17.367442915548242,17.10459926702267,17.28530526269979,72357384
1786,2002-11-05,17.163740158081055,17.41344244300777,17.06517355904305,17.41344244300777,71797712
1787,2002-11-06,17.163740158081055,17.163740158081055,17.163740158081055,17.163740158081055,0
1788,2002-11-07,17.06188201904297,17.830701583366064,16.927175315231153,17.31487000600271,125825680
1789,2002-11-08,16.953462600708008,17.22616359403236,16.690618967654693,16.690618967654693,95745571
1790,2002-11-11,16.822040557861328,16.979746041707966,16.726759759130893,16.953463257090224,40732533
1791,2002-11-12,17.137454986572266,17.196595645918887,16.667620764695197,16.69062127517416,78121220
1792,2002-11-13,17.27216339111328,17.725570429668853,17.111172105243323,17.725570429668853,114265630
1793,2002-11-14,17.406869888305664,17.45943721166781,17.2327354736863,17.314873123158907,70839937
1794,2002-11-15,17.623720169067383,17.709143625461024,17.485725866482284,17.551436352571887,68736475
1795,2002-11-18,17.86355972290039,18.18882977811118,17.551431058852554,17.610571707155565,92854473
1796,2002-11-19,17.86355972290039,17.86355972290039,17.86355972290039,17.86355972290039,0
1797,2002-11-20,17.968700408935547,18.26111439466384,17.80770737429504,17.90627396522494,104343003
1798,2002-11-21,18.050838470458984,18.201974132617632,17.958841705300678,18.086978614976747,60963594
1799,2002-11-22,18.75066566467285,18.951082903454004,18.169121652252354,18.169121652252354,189851549
1800,2002-11-25,18.829511642456055,19.167924828128964,18.514098961884503,18.69480317442994,132548622
1801,2002-11-26,19.213926315307617,19.4373440427504,19.0266487357829,19.036506097157734,193997106
1802,2002-11-27,18.878799438476562,19.250067066814033,18.80323159791788,19.15478625811574,98332241
1803,2002-11-28,19.10879135131836,19.250069690003684,19.000369134161804,19.056222258963714,99033736
1804,2002-11-29,18.91822624206543,19.368347477063313,18.645525222453323,19.22049583488505,111038342
1805,2002-12-02,19.35520362854004,19.526052263597382,18.92479713155583,19.049646504472904,82730519
1806,2002-12-03,19.14493179321289,19.828326430989488,19.023366434670486,19.578624139056885,109562264
1807,2002-12-04,19.220495223999023,19.342060565723532,18.84594183791753,19.253351338464164,128405068
1808,2002-12-05,19.345348358154297,19.57533589670093,19.220495472617404,19.36505956976903,91548576
1809,2002-12-06,19.46034049987793,19.64761805729236,19.256635764006358,19.391344244084387,51392478
1810,2002-12-09,19.250064849853516,19.99260177624138,19.13835687310859,19.64761873022991,114266106
1811,2002-12-10,19.276351928710938,19.335492589337615,18.931368837254578,19.115360638471152,64414715
1812,2002-12-11,19.230350494384766,19.509623048908658,19.095643774654953,19.37820036056308,58044992
1813,2002-12-12,19.3092041015625,19.355201603662593,19.0660734446175,19.253349239629006,56106320
1814,2002-12-13,19.512910842895508,19.627904610010344,18.92479710429265,18.92479710429265,53087418
1815,2002-12-16,19.43077278137207,19.84475212690219,19.384775271338523,19.84475212690219,93511658
1816,2002-12-17,19.32563591003418,19.568766625236083,19.190929158067753,19.470200024195943,69258811
1817,2002-12-18,19.049646377563477,19.443914481101572,18.967508725150925,19.355203499594978,49761007
1818,2002-12-19,18.997074127197266,19.08249930751663,18.783513809240503,19.02336041827501,54218315
1819,2002-12-20,19.10879135131836,19.243498114652237,18.99051177113464,18.99051177113464,51132080
1820,2002-12-23,19.033220291137695,19.187641754487824,18.960938240145154,19.18435596736614,35336537
1821,2002-12-24,19.158069610595703,19.204067115485163,18.543671357752785,19.006933948685766,51955287
1822,2002-12-25,19.158069610595703,19.158069610595703,19.158069610595703,19.158069610595703,0
1823,2002-12-26,19.746183395385742,19.89074748419618,19.220494363615785,19.236923297726975,153328642
1824,2002-12-27,19.641048431396484,20.13388138625892,19.52933869217266,19.8776075476392,144942117
1825,2002-12-30,19.54905128479004,19.657473469910908,19.325631830682692,19.51619341774138,58407328
1826,2002-12-31,19.578622817993164,19.706759742737344,19.519483914038453,19.706759742737344,53121742
1827,2003-01-01,19.56876564025879,19.811898098451135,19.52276812945241,19.765900587644758,47412411
1828,2003-01-02,19.28620719909668,19.637761826994065,19.227066544883417,19.637761826994065,40149278
1829,2003-01-03,18.9215087890625,19.407771888484483,18.86565567887611,19.391344709632957,72746595
1830,2003-01-06,18.714521408081055,18.95436631119389,18.67180793152667,18.90179898391518,48579301
1831,2003-01-07,18.730947494506836,18.89851033819628,18.681664201937703,18.796659721417697,37957980
1832,2003-01-08,18.98722267150879,19.115359592368698,18.737520403994136,18.75066355240446,35951905
1833,2003-01-09,19.473487854003906,19.575338488716202,19.07264811390684,19.089077051141356,79905158
1834,2003-01-10,19.51948356628418,19.647620488745503,19.187641882742195,19.634477340170918,61297754
1835,2003-01-13,19.401203155517578,19.535911658553303,19.35191985651909,19.5161969347713,36967854
1836,2003-01-14,19.35192108154297,19.384777201364585,19.15478787307,19.246784657524852,40219496
1837,2003-01-15,19.10879135131836,19.286211599208173,18.885373586425345,19.18764498985033,55546606
1838,2003-01-16,19.151498794555664,19.250065381854384,18.947795801305553,19.108787074787035,34454833
1839,2003-01-17,19.21063804626465,19.30263305296516,19.095644287889012,19.220493651138025,26453471
1840,2003-01-20,19.04636001586914,19.315775203907553,18.9740762226421,19.22377844672216,20736760
1841,2003-01-21,19.1942138671875,19.253352771352336,18.924798623161355,19.05621958034646,26085071
1842,2003-01-22,19.45376968383789,19.54905223723743,19.141642749631767,19.220494613478515,54271252
1843,2003-01-23,19.233640670776367,19.71333227629896,19.161358614496017,19.516197321173657,45986007
1844,2003-01-24,18.5732421875,19.279635469278286,18.481247175226297,19.279635469278286,57131232
1845,2003-01-27,17.962129592895508,18.721093779269964,17.768282189915883,18.54695934426267,68346732
1846,2003-01-28,18.310400009155273,18.379396280499012,17.69600163156006,17.764997902903794,73657273
1847,2003-01-29,17.948986053466797,20.370438918076307,17.8307047493173,20.370438918076307,43454178
1848,2003-01-30,17.636859893798828,18.129692880865434,17.521866115226036,17.94898862242651,72634279
1849,2003-01-31,18.073837280273438,18.366251245070906,17.301731788180028,17.544862461040214,172248779
1850,2003-02-03,18.48781967163086,18.56338751558061,18.172406901558478,18.530531397054716,57143318
1851,2003-02-04,18.491104125976562,18.816374234726375,18.415536287474524,18.67509591913793,62720447
1852,2003-02-05,18.56667137145996,18.66195217452184,18.244687060132858,18.37939379714168,47109930
1853,2003-02-06,18.730947494506836,18.783516573944315,18.537100111098653,18.59624076427282,41533991
1854,2003-02-07,18.448392868041992,18.845943282934854,18.22825916604326,18.760519836094943,55241688
1855,2003-02-10,18.507532119750977,18.58967153613971,18.33339768035294,18.44510742705988,40877745
1856,2003-02-11,18.560102462768555,18.652097492008043,18.418824131403863,18.54367528046961,34483696
1857,2003-02-12,18.47795867919922,18.589668407103034,18.30382426911171,18.500957431080366,36870328
1858,2003-02-13,18.47795867919922,18.47795867919922,18.47795867919922,18.47795867919922,0
1859,2003-02-14,18.66852378845215,18.721092870645737,18.412249951565435,18.510816541871385,51934645
1860,2003-02-17,19.17449951171875,19.220497023138705,18.868944112935264,18.885371294091463,44307312
1861,2003-02-18,19.033220291137695,19.305921314727605,18.97736717575357,19.253352231237,32597597
1862,2003-02-19,19.0792179107666,19.243494981204034,19.01022164649657,19.125215420279957,26041994
1863,2003-02-20,18.983938217163086,19.115360934352037,18.862372861973913,19.056220272809938,21668977
1864,2003-02-21,19.378204345703125,19.443916581003624,18.99050952938885,19.0003668912524,63267726
1865,2003-02-24,19.890748977661133,19.959746995652722,19.526052941430184,19.526052941430184,133025346
1866,2003-02-25,19.42091941833496,19.81518584156702,19.368350327873568,19.713333448201617,69502586
1867,2003-02-26,19.227067947387695,19.57533681376322,19.154785895425622,19.493197400303877,55005461
1868,2003-02-27,19.411060333251953,19.516196749617226,19.075934605332932,19.141645084964757,59556978
1869,2003-02-28,19.36834716796875,19.897320263382444,19.223781315171333,19.51619529733127,103736766
1870,2003-03-03,19.437345504760742,19.792185967750388,19.269782635382192,19.384776417263883,91988609
1871,2003-03-04,19.200780868530273,19.499766398374604,19.12192900788259,19.32563198819305,37515217
1872,2003-03-05,18.98722267150879,19.115359592368698,18.606097696031647,19.09236083787878,80031001
1873,2003-03-06,18.75066566467285,18.96422605334491,18.678381850729572,18.92808414637327,34455800
1874,2003-03-07,18.46481704711914,18.589668165089083,18.26768388771691,18.26768388771691,47100939
1875,2003-03-10,18.198688507080078,18.50424740561962,18.04098300990985,18.458248140582274,55878146
1876,2003-03-11,18.737518310546875,18.885368182275606,18.011410343617168,18.07055099439984,57681003
1877,2003-03-12,18.287399291992188,18.783518043362804,18.17240551874436,18.7276631726875,35543046
1878,2003-03-13,18.264402389526367,18.458249807757035,18.096839515736157,18.26768817698497,50097000
1879,2003-03-14,18.264402389526367,18.264402389526367,18.264402389526367,18.264402389526367,0
1880,2003-03-17,18.369539260864258,18.458248495024176,18.086980867031695,18.267686877804667,56266796
1881,2003-03-18,18.369539260864258,18.369539260864258,18.369539260864258,18.369539260864258,0
1882,2003-03-19,18.730947494506836,18.773660968567306,18.500958210774876,18.53052853736196,49358268
1883,2003-03-20,19.276351928710938,19.44391654874377,18.399109912527496,18.399109912527496,71416106
1884,2003-03-21,19.28620719909668,19.38148799904067,18.747375003009335,19.161356072046058,57333596
1885,2003-03-24,18.586387634277344,19.246785309205006,18.500962421940056,19.246785309205006,55710051
1886,2003-03-25,18.773664474487305,18.839374958441354,18.211833430096675,18.333398790787264,49120571
1887,2003-03-26,18.694807052612305,18.93465371566035,18.56995767324351,18.826231516686782,39091133
1888,2003-03-27,18.431962966918945,18.638953509195517,18.34653952455143,18.589670213913298,35038397
1889,2003-03-28,18.757230758666992,18.819657194464288,18.40896194749824,18.458245236715932,42733749
1890,2003-03-31,18.274255752563477,18.58309867300533,18.109978686405377,18.471390689272575,47005639
1891,2003-04-01,18.46810531616211,18.57981330239869,18.136263634124774,18.136263634124774,37292645
1892,2003-04-02,18.550247192382812,18.793376164690624,18.464821981374424,18.566674374980103,35008078
1893,2003-04-03,18.760517120361328,18.859083701817987,18.53381363196542,18.596240069676217,31214340
1894,2003-04-04,19.282920837402344,19.32563255571211,18.80322930982648,18.80322930982648,68828778
1895,2003-04-07,19.723186492919922,19.844751840605696,19.38477499167803,19.401202172102106,69034657
1896,2003-04-08,19.46034049987793,19.63447491034428,19.351916558468105,19.581905833007877,42376062
1897,2003-04-09,18.947795867919922,19.37820236451588,18.891941000193462,19.26320859733911,44544841
1898,2003-04-10,18.74409294128418,18.957653316871475,18.537102385011455,18.918227380071073,40775373
1899,2003-04-11,19.24349594116211,19.319063783483212,18.563387115500433,18.81966097297692,48412956
1900,2003-04-15,18.550247192382812,19.266497979959297,18.014700679061715,19.253354829698747,81870746
1901,2003-04-16,18.6488094329834,18.750663567561293,18.425391706880646,18.72109323884231,42340057
1902,2003-04-17,18.27754020690918,18.64880599776114,18.146117523049305,18.64880599776114,43485772
1903,2003-04-18,18.27754020690918,18.27754020690918,18.27754020690918,18.27754020690918,0
1904,2003-04-21,18.353111267089844,18.530529727551635,18.20197559280687,18.399108775744985,30275806
1905,2003-04-22,18.22825813293457,18.32025490423119,17.98841323165821,18.310397543126086,54292231
1906,2003-04-23,17.820850372314453,18.691522503265038,17.725569569249163,18.497675110100744,221434793
1907,2003-04-24,17.99169921875,18.20197554950543,17.853704937884714,17.93913013606114,91042471
1908,2003-04-25,17.623720169067383,18.04427114154334,17.544866532622816,17.873422473527647,77478908
1909,2003-04-28,17.886558532714844,17.985125110058956,17.397011432602813,17.610571765105757,68354743
1910,2003-04-29,17.92927360534668,17.994985839365672,17.79128107331759,17.939130967017995,44208217
1911,2003-04-30,18.03441047668457,18.10340849295782,17.810992758613512,17.92270249526309,34076588
1912,2003-05-01,18.03441047668457,18.03441047668457,18.03441047668457,18.03441047668457,0
1913,2003-05-02,17.968700408935547,18.063981212804034,17.827422096663522,18.04426824566368,32469961
1914,2003-05-05,17.778139114379883,18.136265372546635,17.70914284374716,18.070554889357613,38689864
1915,2003-05-06,17.73542594909668,17.916131957240243,17.604003238153343,17.741997523450895,43159791
1916,2003-05-07,17.449583053588867,17.659857630160072,17.413441150850296,17.505436168398443,41165255
1917,2003-05-08,17.055315017700195,17.4758676834253,16.95346439360157,17.413441238896173,73358559
1918,2003-05-09,17.153884887695312,17.314876183507838,16.897611023079758,16.897611023079758,42949991
1919,2003-05-12,17.137454986572266,17.282019092499333,16.96989212539445,17.216308613958358,29654949
1920,2003-05-13,17.199880599975586,17.27216264943781,17.06845789403149,17.209737961131943,23843344
1921,2003-05-14,17.512008666992188,17.55800617819436,17.199881695132735,17.199881695132735,39668478
1922,2003-05-15,17.567861557006836,17.636857816022147,17.42001167830487,17.52186405099663,27808776
1923,2003-05-16,17.653291702270508,17.728859556263703,17.538296149760388,17.676290461726825,30535756
1924,2003-05-19,17.682861328125,17.817568091647953,17.577723143268138,17.679573785216203,35908071
1925,2003-05-20,17.87999153137207,17.92598904068162,17.38058699276296,17.38058699276296,41338854
1926,2003-05-21,17.860275268554688,17.991697966126882,17.695998213010455,17.91941592126918,36113543
1927,2003-05-22,18.044265747070312,18.083691675891703,17.70913833117693,17.78142212606263,42077642
1928,2003-05-23,17.7584285736084,17.866850787220447,17.682860725222593,17.807710121447762,21376271
1929,2003-05-26,18.36296844482422,18.46482083209042,17.67628803284581,17.74199851437343,42413692
1930,2003-05-27,18.428680419921875,18.68823831021471,18.287400341562424,18.33996942812944,54396662
1931,2003-05-28,18.9247989654541,19.01022241364665,18.464820341301955,18.464820341301955,71745714
1932,2003-05-29,19.292781829833984,19.378205282534843,18.82623336174096,19.023366566716277,60641367
1933,2003-05-30,19.62133026123047,19.844747945191838,19.253348503275475,19.319058967301352,88124611
1934,2003-06-02,19.35520362854004,19.73961437384012,19.276350007307094,19.64761936001572,36886055
1935,2003-06-03,19.19749641418457,19.38477398429055,19.138357514594322,19.21392534898304,18522495
1936,2003-06-04,19.756044387817383,19.89075114092569,19.187643533319132,19.223783684551773,64238469
1937,2003-06-05,20.53472137451172,20.68585706312304,20.015603826544766,20.04188661521531,140731145
1938,2003-06-06,20.600431442260742,20.820563395967916,20.416439638669825,20.698998041091663,77948350
1939,2003-06-09,20.21273422241211,20.991409558659292,20.087881339802344,20.991409558659292,60458441
1940,2003-06-10,19.946605682373047,20.61686067016684,19.8283261131505,20.12074188167809,70590574
1941,2003-06-11,20.222591400146484,20.291587665456834,19.91374846700272,19.91374846700272,49155694
1942,2003-06-12,20.239017486572266,20.42958084670503,20.179878586030185,20.28173096250767,37202694
1943,2003-06-13,20.564287185668945,20.659566222920557,20.347439307360577,20.354010880697903,72191082
1944,2003-06-16,20.18973731994629,20.830420195033867,20.127310872918603,20.708854843442722,108127036
1945,2003-06-17,21.099836349487305,21.218115918935855,20.28501900240086,20.354015271643487,128219790
1946,2003-06-18,20.896129608154297,21.208256561686422,20.810704410060335,21.208256561686422,73870841
1947,2003-06-19,21.349536895751953,21.421818946473802,19.788898598171254,19.788898598171254,100688903
1948,2003-06-20,22.04279136657715,22.19392705963538,21.15897772064076,21.15897772064076,196668208
1949,2003-06-23,21.372535705566406,21.977078409779768,21.29696786753974,21.977078409779768,62150902
1950,2003-06-24,21.050548553466797,21.5696659884486,20.961837578905367,21.372532829727103,91338804
1951,2003-06-25,21.34625244140625,21.618953481001125,21.158976606304297,21.158976606304297,81563686
1952,2003-06-26,21.365964889526367,21.809514572072626,21.24111375075739,21.421819762056014,103622672
1953,2003-06-27,21.339679718017578,21.553240067345353,21.129403400329164,21.464529087610043,65064967
1954,2003-06-30,21.349536895751953,21.697805756151833,21.198401220089504,21.35610846997071,78672602
1955,2003-07-01,21.408676147460938,21.5795247793327,21.241111547254746,21.425103326700977,82959281
1956,2003-07-02,21.586091995239258,21.94750393676875,21.421814956961743,21.543380281228114,106131604
1957,2003-07-03,21.733943939208984,22.04278683683408,21.50724220143669,21.66823346864594,115325848
1958,2003-07-04,21.878507614135742,22.164351753900636,21.750372462243444,21.88507918763626,83165944
1959,2003-07-07,21.602527618408203,22.17749830807193,21.526959771245735,21.947510734297786,57341354
1960,2003-07-08,21.438249588012695,21.75037657027571,21.333111413058642,21.625525426324845,49463749
1961,2003-07-09,21.46453094482422,21.684662886933634,21.241113215563118,21.684662886933634,42943059
1962,2003-07-10,21.954076766967773,22.052645109732747,21.46452961623156,21.612379497536914,59663355
1963,2003-07-11,21.730661392211914,22.17749507988642,21.661663374894744,21.947507539589566,57970502
1964,2003-07-14,22.325347900390625,22.37462944286344,21.881798221081386,21.881798221081386,91666830
1965,2003-07-15,22.187353134155273,22.6637589200447,21.99350573475129,22.407485075446928,84122767
1966,2003-07-16,22.58819007873535,22.762324502800055,22.01321772509966,22.128213248963654,78125562
1967,2003-07-17,22.26291847229004,22.79517906931514,22.07892845496875,22.67032794817799,80737902
1968,2003-07-18,22.2924861907959,22.998879362215288,21.947503193437726,22.239917119072857,78313837
1969,2003-07-21,22.059213638305664,22.440338573598684,21.954075483020976,22.420625608289797,65664832
1970,2003-07-22,21.950796127319336,22.06907569959583,21.64195316918968,22.06907569959583,73585039
1971,2003-07-23,21.671520233154297,22.11178409176768,21.513812990414543,22.078929732617958,62402827
1972,2003-07-24,22.460054397583008,22.736041212718444,21.62552413305619,21.75694508866111,78868454
1973,2003-07-25,22.972599029541016,23.064594037245442,22.492907515373158,22.67032771253738,113136735
1974,2003-07-28,22.683469772338867,23.28472663731835,22.571761796154554,23.035024390285166,67780254
1975,2003-07-29,22.844465255737305,22.933174488870563,22.466626057667842,22.542193897281734,71057439
1976,2003-07-30,22.906885147094727,23.232155192478928,21.6846585758371,22.604615607199637,68998595
1977,2003-07-31,23.518001556396484,23.777561181656033,22.801750879481805,23.064596291798832,224892341
1978,2003-08-01,23.330726623535156,23.636283768767715,23.235445816155938,23.636283768767715,74671095
1979,2003-08-04,23.320871353149414,23.504861396193238,23.163164097487662,23.22887457639928,51695702
1980,2003-08-05,22.86417579650879,23.918839651959704,22.647329662246847,23.36686607817657,113417159
1981,2003-08-06,23.038311004638672,23.41943420731626,22.578332425591,22.578332425591,121809328
1982,2003-08-07,23.363582611083984,23.458863417936925,22.910175576513247,23.20587535856507,78509311
1983,2003-08-08,23.872840881347656,23.94840871449045,23.458861570129063,23.649424924052838,100474328
1984,2003-08-11,23.741422653198242,23.984553359747338,23.557430852031544,23.557430852031544,65362813
1985,2003-08-12,23.445720672607422,25.548475142138724,23.36358126391986,25.548475142138724,53918173
1986,2003-08-13,23.718421936035156,24.306535685312383,23.376722904982746,24.306535685312383,63463283
1987,2003-08-14,23.564001083374023,24.014120565945678,23.46872027855459,23.78741880872682,67262847
1988,2003-08-15,23.564001083374023,23.564001083374023,23.564001083374023,23.564001083374023,0
1989,2003-08-18,23.738134384155273,23.948408951133867,23.327439100555914,23.59028450331424,78071589
1990,2003-08-19,24.253969192504883,24.40839066707931,23.69870974360036,23.83013246187948,82301606
1991,2003-08-20,24.24082374572754,24.621948715003114,24.152114516313908,24.444528500947726,49097940
1992,2003-08-21,24.38538932800293,24.64166316269687,24.257252410655962,24.64166316269687,59203324
1993,2003-08-22,25.08192253112793,25.282341461130873,24.44452384568988,24.523377454167267,116788342
1994,2003-08-25,24.87822151184082,27.907502906572816,24.122543178999628,25.364484625434127,132404097
1995,2003-08-26,25.670040130615234,25.758749356803012,24.845365533804017,24.970216660989667,112114301
1996,2003-08-27,25.877033233642578,26.090593608211783,25.62733095448843,25.62733095448843,73505914
1997,2003-08-28,25.87046241760254,26.120164704077474,25.528765106182615,25.893461173838787,70642923
1998,2003-08-29,26.33043670654297,26.596567903589985,25.873745658881905,26.21872872370629,92274019
1999,2003-09-01,26.954694747924805,27.23068333049464,26.169447745827583,26.169447745827583,84452781
2000,2003-09-02,27.506664276123047,27.703797443903817,27.04997325653733,27.270105176877326,135259343
2001,2003-09-03,26.806840896606445,27.526377311882353,26.68199152824048,27.345673077775608,77420832
2002,2003-09-04,26.895553588867188,27.138684277873708,26.619566784644498,26.73784634210333,88695220
2003,2003-09-05,27.588808059692383,27.68408887187792,27.013835644002658,27.013835644002658,81359053
2004,2003-09-08,28.623756408691406,28.74532176041638,27.736657042208957,27.736657042208957,109846273
2005,2003-09-09,28.66975212097168,29.07059005540738,28.393765317667953,28.725606990084746,123502517
2006,2003-09-10,28.56133270263672,28.613901789828716,28.295201479323705,28.58433145887968,71159685
2007,2003-09-11,28.170347213745117,28.860313292026913,27.92721478877204,27.92721478877204,96604041
2008,2003-09-12,27.54280662536621,28.492332335123923,27.335816093728027,28.12434877771648,85145047
2009,2003-09-15,26.583423614501953,27.585516584740134,26.3928602741931,27.532947508463756,121887277
2010,2003-09-16,26.95140838623047,27.053259008195308,25.86388835223643,26.678705614551955,136987095
2011,2003-09-17,26.73784828186035,27.46724215702355,26.42572130796124,27.46724215702355,100901406
2012,2003-09-18,25.9788818359375,26.875838437969907,25.80146163655188,26.875838437969907,122191943
2013,2003-09-19,26.550573348999023,26.80027563867798,25.75875299906537,25.95917374351569,153707700
2014,2003-09-22,26.484859466552734,27.06640342896101,26.29101206415938,27.06640342896101,74664260
2015,2003-09-23,27.10910987854004,27.329241780404953,26.136585513336524,26.2942927364164,70971760
2016,2003-09-24,28.190061569213867,28.334627427704753,27.089401858989966,27.381815852666097,118908427
2017,2003-09-25,27.48038101196289,28.420051144581652,27.33581691624557,28.124349623960477,140227855
2018,2003-09-26,28.01264190673828,28.088209742288154,27.40152764831893,27.651231664039823,101622465
2019,2003-09-29,28.538330078125,33.51266041071079,28.10792183209852,33.51266041071079,68963038
2020,2003-09-30,29.162586212158203,29.2644368319096,28.584328076695787,28.66646748511783,109159721
2021,2003-10-01,28.630325317382812,29.264436559653944,28.456190896494068,28.978594159160302,64365531
2022,2003-10-02,28.630325317382812,28.630325317382812,28.630325317382812,28.630325317382812,0
2023,2003-10-03,29.474712371826172,29.56999317034286,28.781460487194526,28.847170959047542,92937113
2024,2003-10-06,30.062828063964844,30.21396373881903,27.762940335918483,29.471428512915335,68364182
2025,2003-10-07,29.688276290893555,30.292815477242332,29.579852338244955,30.095682294410796,75842045
2026,2003-10-08,29.91497802734375,30.555660871125976,29.481285727490114,30.555660871125976,64480381
2027,2003-10-09,29.908405303955078,30.4242387504178,29.70798634187855,30.161393346762644,76156360
2028,2003-10-10,30.943357467651367,31.01563775841571,30.108823763774446,30.108823763774446,107329947
2029,2003-10-13,31.610322952270508,31.804170336549287,30.58851695120304,30.940068064046468,77883650
2030,2003-10-14,30.769222259521484,32.06044527769129,30.565517507499152,31.869883673659093,85021682
2031,2003-10-15,31.452619552612305,31.731893919486186,30.6443720480049,30.82836560455019,89588449
2032,2003-10-16,32.103153228759766,32.71755319968353,31.580751772508602,32.71755319968353,230880962
2033,2003-10-17,32.16886901855469,32.65841617344256,31.912595186694148,32.001304414138446,94173184
2034,2003-10-20,31.659610748291016,32.52699542059676,31.541329424587246,32.39557445794768,62736510
2035,2003-10-21,30.76593589782715,31.869883078340948,30.5228052168322,31.869883078340948,96531807
2036,2003-10-22,30.811935424804688,31.173347438286672,30.24353637305341,30.24353637305341,77285479
2037,2003-10-23,30.148252487182617,30.8842196732761,29.97083402028462,30.871076524481754,82339194
2038,2003-10-24,30.926925659179688,31.147055808366773,24.31310414605207,24.31310414605207,88147102
2039,2003-10-27,30.161394119262695,31.278484480566167,30.03983053039727,31.212772250355307,69776288
2040,2003-10-28,30.50966453552246,30.88421970333087,30.095683431749066,30.227107898907573,104009852
2041,2003-10-29,31.041927337646484,31.20948844516298,30.391387099663177,30.703512314458578,56545862
2042,2003-10-30,31.347482681274414,31.541330097259973,30.792226732682092,30.9203619107134,65836288
2043,2003-10-31,31.965164184570312,32.05058762481586,31.416476375997142,31.541325749397856,66083410
2044,2003-11-03,32.73069763183594,32.914691177686684,31.998019766895066,31.998019766895066,122814579
2045,2003-11-04,32.29700469970703,33.249816239483664,32.01116229091091,32.9935424034934,110392949
2046,2003-11-05,32.106441497802734,32.46785347984628,31.57418264056278,32.001303339009844,91124985
2047,2003-11-06,32.385711669921875,32.954114171299445,32.13929872266064,32.32986031523449,134300335
2048,2003-11-07,31.6826114654541,32.651848531004354,31.521618415605495,32.431718329376466,73031669
2049,2003-11-10,31.735179901123047,33.51266445632297,30.956500966848086,33.51266445632297,55228187
2050,2003-11-11,31.58403778076172,31.86988015525327,31.25219439338316,31.551179914413858,64012424
2051,2003-11-12,31.807453155517578,32.293714464283624,31.679318010400916,32.19843367447632,79398058
2052,2003-11-13,31.40005111694336,32.848981536047035,31.28177330363191,32.848981536047035,64241396
2053,2003-11-14,30.549087524414062,31.212770839215334,30.37166907445899,30.96635437513547,81935027
2054,2003-11-17,31.209487915039062,31.370480955793376,30.555661900919628,30.696940218556776,74009302
2055,2003-11-18,30.621374130249023,31.327769228800317,30.555661896989992,31.058352231849046,51950120
2056,2003-11-19,30.332244873046875,30.670656368298747,30.135111690534618,30.499809482364803,74266857
2057,2003-11-20,29.622560501098633,30.614797870209355,29.504279201426893,30.365095634590237,63214173
2058,2003-11-21,30.190967559814453,30.351957089861273,29.32029363458979,29.32029363458979,84509135
2059,2003-11-24,29.95768928527832,30.42423944866673,29.83941148376108,30.348673368013177,43968181
2060,2003-11-25,30.690366744995117,30.811933842448653,29.964260478625306,29.964260478625306,69262438
2061,2003-11-26,30.690366744995117,30.690366744995117,30.690366744995117,30.690366744995117,0
2062,2003-11-27,31.291624069213867,31.56104105324565,30.69693874258325,30.69693874258325,101487224
2063,2003-11-28,32.00458908081055,32.19186489007216,31.34419155764713,31.34419155764713,75895178
2064,2003-12-01,32.34628677368164,32.513851374472885,32.07358752329584,32.205008468131105,57749723
2065,2003-12-02,32.82926559448242,33.18410249377149,31.922451604073302,32.40542717073326,87905736
2066,2003-12-03,32.717559814453125,33.18410650308615,32.38571636231185,33.18410650308615,117920738
2067,2003-12-04,33.42723846435547,33.61122849757406,32.22801044046777,32.22801044046777,180083321
2068,2003-12-05,32.39885330200195,33.64407867955539,32.27728972745619,33.512657745070726,82536782
2069,2003-12-08,31.53475570678711,32.477709808644136,31.36719111332387,32.142580621717656,113699628
2070,2003-12-09,31.97502326965332,32.090015288351886,31.630040192644927,31.630040192644927,79302128
2071,2003-12-10,32.697845458984375,33.01654576561014,31.94216703383296,32.034165568141574,143958545
2072,2003-12-11,32.40214157104492,33.118393968431164,32.145867745278686,32.92783237016953,104076611
2073,2003-12-12,32.283870697021484,32.59599594607411,32.037450668651076,32.59599594607411,69546938
2074,2003-12-15,32.789833068847656,33.00668094065155,32.32985805359052,32.32985805359052,83497793
2075,2003-12-16,33.17096710205078,33.34509978710239,32.372576955557406,32.77670070975346,126819545
2076,2003-12-17,33.036251068115234,33.34180817081791,32.86211841350639,33.24981316342578,87187086
2077,2003-12-18,33.31224060058594,33.59808299151708,32.84240467889221,32.84240467889221,95790063
2078,2003-12-19,34.21577072143555,34.3636206054874,33.381240498817746,33.381240498817746,149458524
2079,2003-12-22,34.6658935546875,34.82688308378384,34.245340881644736,34.245340881644736,60150274
2080,2003-12-23,34.32748031616211,34.81374524714528,28.584331273304194,28.584331273304194,64460943
2081,2003-12-24,34.68888473510742,34.89258946313285,34.17962291504384,34.17962291504384,60846840
2082,2003-12-25,34.68888473510742,34.68888473510742,34.68888473510742,34.68888473510742,0
2083,2003-12-26,34.84002685546875,35.0043056851209,34.64617945128917,34.90245330220046,48164588
2084,2003-12-29,35.303287506103516,35.414993728352535,34.97144409485937,35.024013174340816,46395159
2085,2003-12-30,36.97563934326172,38.1124410346551,35.17187196105056,35.286863987820446,172494262
2086,2003-12-31,37.64261245727539,38.29643857700966,36.92964566909282,36.92964566909282,160650273
2087,2004-01-01,37.498043060302734,38.1124396411055,37.268051994259196,38.1124396411055,57015472
2088,2004-01-02,38.45413589477539,38.69726659275947,37.49804203866786,37.75103009814921,113656354
2089,2004-01-05,38.11572265625,38.762977062531505,37.58674956164308,38.44099450812701,85438299
2090,2004-01-06,37.613033294677734,38.670983020994385,37.06434546415317,38.178150060697625,81160289
2091,2004-01-07,38.12229537963867,38.276716842692096,37.25819304605385,37.46846937961224,83254466
2092,2004-01-08,38.776119232177734,39.28866688922647,38.31942644254063,38.44099353816408,74777472
2093,2004-01-09,38.02373123168945,39.79793001162738,37.79374367110894,39.42666412737194,122696325
2094,2004-01-12,37.5374641418457,38.36870853215845,37.33704518702168,37.98101376983159,78266908
2095,2004-01-13,38.59870147705078,38.73669752238511,37.603181647281595,37.66889037220065,82240687
2096,2004-01-14,39.22952651977539,39.36094746669732,38.76954793986442,38.76954793986442,71562438
2097,2004-01-15,37.987586975097656,39.81435464433146,37.75759592892261,39.65664740107159,94167303
2098,2004-01-16,38.18471908569336,38.559270706331404,37.58674799905952,38.44099291003016,112840401
2099,2004-01-19,38.424564361572266,38.70383518641597,37.396186777472295,38.188005256137686,78038244
2100,2004-01-20,37.74774169921875,39.28209537531737,37.47832472254957,38.703835489174196,84740222
2101,2004-01-21,36.334957122802734,38.092730535655186,35.98340244023225,37.53747107381263,90635839
2102,2004-01-22,35.17186737060547,37.77731036506485,34.646176563714704,36.3382374856926,143108982
2103,2004-01-23,36.65693664550781,36.88035613067319,34.941878613109765,35.418282646982455,130190728
2104,2004-01-26,36.65693664550781,36.65693664550781,36.65693664550781,36.65693664550781,0
2105,2004-01-27,38.155147552490234,38.33585530210469,36.82121284245957,36.932922577063984,99040724
2106,2004-01-28,37.82988357543945,38.720268746949614,37.425759820543696,38.63813108523096,117000341
2107,2004-01-29,37.553890228271484,38.5001301534313,37.146484248229186,38.17814761157218,207142637
2108,2004-01-30,36.834354400634766,38.073008257243515,36.666789805959155,37.61960127499419,86396915
2109,2004-02-02,36.834354400634766,36.834354400634766,36.834354400634766,36.834354400634766,0
2110,2004-02-03,36.384239196777344,37.11363132635819,36.06882467619596,36.92964127791399,96821782
2111,2004-02-04,37.54732894897461,37.78388809539188,36.11154162260453,36.49266488685772,103232089
2112,2004-02-05,37.100494384765625,38.01387662919479,36.7522254760586,37.75103468672455,101116472
2113,2004-02-06,37.81016540527344,37.91530356854579,37.06763019881162,37.37318732761136,91705860
2114,2004-02-09,38.68412780761719,38.76955125489786,38.013872846955316,38.013872846955316,69893883
2115,2004-02-10,38.98311233520508,39.321523838445295,38.480422005841355,38.90097116691515,123921417
2116,2004-02-11,38.592132568359375,40.74088294995763,38.18472303676852,40.74088294995763,86968029
2117,2004-02-12,38.618408203125,39.09152988102624,38.37527754618,38.78597278892548,82921203
2118,2004-02-13,39.1243896484375,39.25581059969389,38.381854428449174,38.51656116677119,65429166
2119,2004-02-16,38.963401794433594,39.55808720691086,38.785983311123864,39.2952452694488,79718871
2120,2004-02-17,39.34451675415039,39.75521202160158,38.769546188083524,38.90753870268485,129142680
2121,2004-02-18,39.745361328125,40.11662718335583,39.436518406306746,39.54822463530921,158050718
2122,2004-02-19,38.2668571472168,40.018058706921245,38.115721480497434,39.7617848798357,116966506
2123,2004-02-20,38.601985931396484,39.09810464561537,38.145293149273556,38.1847190813695,140573064
2124,2004-02-23,37.14977264404297,39.032395265909116,36.80478956973867,38.70383761674366,131518794
2125,2004-02-24,37.176048278808594,37.363324066741114,36.141099254993684,36.502511195366644,175812789
2126,2004-02-25,36.48279571533203,37.45531828606188,36.28894835846974,37.45531828606188,97507816
2127,2004-02-26,35.635128021240234,37.08077246621877,35.41828012583381,36.40394950548981,146810711
2128,2004-02-27,36.449947357177734,36.574796730245765,35.812550323089845,35.84869046918109,115704849
2129,2004-03-01,37.27790451049805,37.41918281274166,36.55508406513908,37.38961424174407,87320408
2130,2004-03-02,37.27790451049805,37.27790451049805,37.27790451049805,37.27790451049805,0
2131,2004-03-03,38.16828918457031,38.36870813733196,37.26476100374465,37.39947124148857,119271800
2132,2004-03-04,37.69517135620117,38.37528008328904,37.494752401494814,37.981013747533055,59517947
2133,2004-03-05,38.51655578613281,38.60526500359989,37.52103265344369,37.52103265344369,57935295
2134,2004-03-08,39.14738464355469,39.36094675006369,38.598696846699816,38.63812628946905,68029504
2135,2004-03-09,38.39499282836914,39.42665972458977,38.013869624693946,39.42665972458977,63969584
2136,2004-03-10,37.698455810546875,38.24385778976204,37.46846478251443,38.17814556597336,57012251
2137,2004-03-11,37.18262481689453,37.98101487254011,36.99534900395449,37.58674852510586,78134847
2138,2004-03-12,36.96906661987305,37.389619307207276,36.47294784616522,37.09391951534658,75771967
2139,2004-03-15,35.81583023071289,37.44218233318138,35.48399034300968,37.26147459376492,92765349
2140,2004-03-16,35.605560302734375,36.45980524666737,35.188293436559256,35.4839932044065,119208906
2141,2004-03-17,35.510276794433594,36.27252315455474,35.16529375823423,35.812548113259545,112189995
2142,2004-03-18,34.11063003540039,35.753407573525976,33.86421358020435,35.615415060707384,156637254
2143,2004-03-19,34.383338928222656,34.73160785004835,33.972643550764644,33.972643550764644,109745049
2144,2004-03-22,33.36152648925781,34.36362133938508,33.2202481762074,33.45352150657175,90124832
2145,2004-03-23,33.627655029296875,34.00549242989104,33.20053082641025,33.44694728559253,92984770
2146,2004-03-24,33.663795471191406,33.857642853429894,33.2366712645322,33.644080750100294,99235162
2147,2004-03-25,33.77879333496094,34.18948512543246,33.532373346039236,33.71308110388473,134606290
2148,2004-03-26,34.54432678222656,34.846598141263605,34.03506487184279,34.03506487184279,105696165
2149,2004-03-29,34.74803161621094,35.12915484773818,34.50490091570669,34.57389542598998,79964214
2150,2004-03-30,34.639610290527344,35.26715005742245,34.5673299875543,34.833457708214155,89126542
2151,2004-03-31,35.355857849121094,35.483993010304836,34.4818981879298,34.63303385803319,76872069
2152,2004-04-01,36.525516510009766,36.6470836168052,35.41828344173524,35.41828344173524,108451994
2153,2004-04-02,37.17934036254883,42.71221608309625,36.51894280274408,42.71221608309625,99771768
2154,2004-04-05,37.79045867919922,38.2011505095618,37.2581962256495,37.2581962256495,90699433
2155,2004-04-06,37.81016540527344,38.27014399197593,37.10377385587513,37.84959484934272,100026761
2156,2004-04-07,37.71817398071289,38.171581036567204,37.45532854750969,38.1025830133337,58225817
2157,2004-04-08,37.649173736572266,38.09272336294895,37.15962309473832,37.45532284565611,64967034
2158,2004-04-09,37.649173736572266,37.649173736572266,37.649173736572266,37.649173736572266,0
2159,2004-04-12,36.9132080078125,37.816736228244544,36.712789046265435,37.816736228244544,53650059
2160,2004-04-13,37.67217254638672,37.843022937794466,36.49594505975983,37.06105829423801,56786920
2161,2004-04-14,37.67217254638672,37.67217254638672,37.67217254638672,37.67217254638672,0
2162,2004-04-15,37.14977264404297,38.19129344119393,36.96906488386507,38.040157765087336,83348366
2163,2004-04-16,37.20234298706055,37.63603530734975,37.04134994414607,37.192485625369706,42428943
2164,2004-04-19,36.31195068359375,37.41589785220893,36.18052973893236,37.02820308157015,57064585
2165,2004-04-20,36.295528411865234,36.436806729499075,36.00968247895504,36.436806729499075,49194696
2166,2004-04-21,37.34690475463867,37.41918504826478,36.141105167603925,36.144390954628406,66400273
2167,2004-04-22,37.37318801879883,37.70502793932567,37.02820495000582,37.323904723256966,45343596
2168,2004-04-23,37.27790451049805,37.770737430164615,37.13662620825443,37.32390201563653,50254004
2169,2004-04-27,35.44785690307617,36.798220726911445,35.30986436520298,36.798220726911445,93593864
2170,2004-04-28,35.510276794433594,36.075389991012244,35.29671469711058,35.487276287140865,92191757
2171,2004-04-29,34.780887603759766,35.746842386991936,34.596897553794236,35.41828471438884,231388636
2172,2004-04-30,34.59361267089844,41.07601492933602,34.31434180129512,37.12677575333427,104126789
2173,2004-05-03,34.72502517700195,34.91230448404686,33.88720926185344,34.629744385388,115360046
2174,2004-05-04,34.876163482666016,41.598409545237345,34.76774304670938,35.21457846945868,67022825
2175,2004-05-05,34.82688522338867,35.05359050964614,34.63303781076654,34.958309697016844,59745925
2176,2004-05-06,35.5168571472168,35.70084720921465,35.099590209696515,35.155445087900894,82542006
2177,2004-05-07,34.98459243774414,35.38543041189574,34.74803330017536,34.958309649328314,62266887
2178,2004-05-10,34.117210388183594,34.80717664027887,33.85436493151882,34.80717664027887,89515010
2179,2004-05-11,32.214866638183594,33.57836994528022,31.78117434992103,33.5520871598353,102120168
2180,2004-05-12,32.63541793823242,32.816122173248765,31.804170032062757,31.804170032062757,87466922
2181,2004-05-13,33.60793685913086,34.45561009381073,31.147054796236716,31.54132109046404,183148451
2182,2004-05-14,31.35076141357422,34.02520220738731,30.963066668849248,33.51265810014746,172382661
2183,2004-05-17,26.566997528076172,31.009067397164547,25.081927107425592,30.88421802166415,131182688
2184,2004-05-18,28.498905181884766,30.08911562158324,26.948122433712033,28.255774479184222,189088981
2185,2004-05-19,29.730987548828125,30.621372644763202,29.19215533629329,29.19215533629329,161330985
2186,2004-05-20,29.721200942993164,31.163002609978793,29.516666387887106,31.048998920975343,131601070
2187,2004-05-21,29.47307586669922,29.6407281300155,28.839354467113516,29.634021609577694,94462978
2188,2004-05-24,30.435394287109375,30.71369339738968,29.845261672200284,30.177211156132177,94626507
2189,2004-05-25,30.559459686279297,30.841112074681675,29.281955200551003,30.37839436584066,112127997
2190,2004-05-26,30.800878524780273,31.384302902469795,30.53934210002363,30.84782059255264,95857508
2191,2004-05-27,30.11350440979004,30.683519284731748,29.94920718479168,30.31133603093753,79936738
2192,2004-05-28,29.01706886291504,30.237569775829684,28.581175423835276,29.979386614825163,124708087
2193,2004-05-31,28.822589874267578,29.432842071032166,27.66244416825599,28.936593563381106,135183145
2194,2004-06-01,29.117656707763672,29.707789334335686,28.98018378006046,29.171305291204,87041132
2195,2004-06-02,29.4697265625,29.704438687887688,29.144483564134973,29.23166296771499,60172345
2196,2004-06-03,28.72535514831543,30.32474577457915,28.37328787160453,29.908971921818758,100953502
2197,2004-06-04,29.070716857910156,29.17130751169975,28.33975798762098,28.366582281382986,86150171
2198,2004-06-07,29.828500747680664,30.150392280656266,29.17130822142976,29.17130822142976,92592591
2199,2004-06-08,30.529277801513672,30.616455402688235,29.607197512341717,29.84190781648207,101752440
2200,2004-06-09,30.23086166381836,30.730461656052192,30.130271013267343,30.64663730810744,71929998
2201,2004-06-10,30.022974014282227,30.311336508051415,29.841910483995097,30.103448684711683,49251190
2202,2004-06-11,28.95000457763672,29.9760287514464,28.836000896507052,29.9760287514464,66139259
2203,2004-06-14,29.16459846496582,29.332250734278624,28.46717047009007,28.76894061405571,101537724
2204,2004-06-15,30.217449188232422,30.3448659253422,29.104247281530714,29.17801364056628,95031444
2205,2004-06-16,29.919031143188477,30.56616745949863,29.68096754924748,30.37839561032812,63774783
2206,2004-06-17,30.465574264526367,30.643282734363908,29.446252969342698,30.136976242785405,82664096
2207,2004-06-18,29.825145721435547,30.44545592569118,29.583728877266545,30.44545592569118,68899444
2208,2004-06-21,29.13777732849121,30.03638850209597,29.040539933222373,29.922384803317513,81796551
2209,2004-06-22,28.953359603881836,29.54014079999574,28.836004439422066,29.023774493829382,75524229
2210,2004-06-23,27.57862091064453,29.20483774158562,27.437794706031767,29.20483774158562,155018820
2211,2004-06-24,28.36993408203125,28.534233107151106,27.56185558164891,27.56185558164891,165338710
2212,2004-06-25,28.943300247192383,29.27860300431413,28.373287172229848,28.43364048627251,115239300
2213,2004-06-28,29.6206111907959,29.704437329874548,28.869534573418726,28.869534573418726,76022618
2214,2004-06-29,29.72455406188965,29.992796981049146,29.141127951807217,29.50660646616361,97278354
2215,2004-06-30,28.812532424926758,29.925736088522747,28.701881994154622,29.788261365177718,124211700
2216,2004-07-01,29.409372329711914,29.499903199873962,28.842710702242915,29.466372385497955,69264875
2217,2004-07-02,29.09754180908203,29.399313777268848,28.869536202589433,29.171308170776246,79491426
2218,2004-07-05,28.866182327270508,29.503257065857653,28.785709445879757,29.131070213334393,101090115
2219,2004-07-06,29.39931297302246,29.43954851783799,28.755531717072127,28.8829466640169,82780221
2220,2004-07-07,29.39931297302246,29.7077914541805,29.171307372767174,29.43954851783799,102001830
2221,2004-07-08,28.970125198364258,29.969326971584184,28.70858879108239,29.483136440117953,153627412
2222,2004-07-09,29.432844161987305,29.593788134566783,26.824190081439816,26.824190081439816,63477442
2223,2004-07-12,29.288663864135742,29.50660969242043,28.97683210824394,29.305428376689402,40268231
2224,2004-07-13,28.86953353881836,29.419428835717436,28.738765339748944,29.104245645064193,32930328
2225,2004-07-14,28.031278610229492,29.043891637061055,27.944099210467833,29.043891637061055,95971686
2226,2004-07-15,28.172107696533203,28.460468427053918,27.846864679025693,28.212345035658238,104458217
2227,2004-07-16,28.463815689086914,28.65493718801795,28.051393349787585,28.29951668889054,115001758
2228,2004-07-19,28.420230865478516,28.7622383718132,28.312933690443437,28.567763585515895,86482216
2229,2004-07-20,28.738767623901367,30.177214345449272,28.23246108936041,30.177214345449272,141001963
2230,2004-07-21,29.124364852905273,29.486491915689104,28.82929762752629,28.903065777324787,72609926
2231,2004-07-22,30.50581169128418,30.710346256779065,29.372488429600473,29.774851039420795,146069233
2232,2004-07-23,31.266948699951172,31.43124414155102,30.455516943723545,30.713696518392855,123313696
2233,2004-07-26,32.00796127319336,32.12196495486683,30.854522163292206,31.250178206407625,112749527
2234,2004-07-27,31.189823150634766,32.39020432251824,31.015467950215665,32.18902304046976,218197562
2235,2004-07-28,31.57878303527832,31.853728935742556,30.9819419988772,30.9819419988772,115820133
2236,2004-07-29,31.820199966430664,31.887258019934034,31.46813264663491,31.853728993182347,73375939
2237,2004-07-30,32.78586959838867,32.89316677830962,31.85708084769664,31.86043410847814,99586042
2238,2004-08-02,33.13457489013672,33.26198801854992,32.52767783950521,32.72550584318795,99070652
2239,2004-08-03,32.81939697265625,33.520178285127045,32.68527729577383,33.14464175683893,116550393
2240,2004-08-04,33.077571868896484,33.16139619820228,32.42708604547644,32.926685926620564,94400616
2241,2004-08-05,33.73141860961914,33.845422302786126,33.204992530763526,33.32234948446738,88993892
2242,2004-08-06,33.12116622924805,33.728063360112756,32.94681102178586,33.657652058077296,76737417
2243,2004-08-09,33.007164001464844,33.208345300530695,32.60144814284583,32.99375454205884,84287991
2244,2004-08-10,33.308937072753906,33.493355658142335,32.85963239519908,33.06416696164616,65280341
2245,2004-08-11,32.18567657470703,33.44976623406432,32.02473081649844,33.329056019772054,100072219
2246,2004-08-12,31.870492935180664,32.44385752110238,31.60560325410255,32.20244066479095,88750034
2247,2004-08-13,31.981136322021484,32.25608575532724,31.719603512528124,31.987842842656146,103644449
2248,2004-08-16,32.11191177368164,32.279564070447755,31.608958465926978,31.79672674547707,70141579
2249,2004-08-17,32.162208557128906,37.218567950159894,31.924144936050716,37.218567950159894,77742905
2250,2004-08-18,31.555307388305664,31.97443630592973,31.47148303779821,31.97443630592973,61274982
2251,2004-08-19,31.867136001586914,31.974433165923784,31.5921865701558,31.65254167291317,65585819
2252,2004-08-20,31.075822830200195,31.92749369336886,31.015471305091925,31.89060782713861,72789714
2253,2004-08-23,30.26103973388672,31.230064030111023,30.076624721326162,31.11606391132383,113176227
2254,2004-08-24,30.4152774810791,30.760638246262104,30.220802695784403,30.348219433935448,102024265
2255,2004-08-25,30.713699340820312,30.774054455495122,30.207392761813242,30.445459959555894,87848276
2256,2004-08-26,30.894760131835938,31.27364990374264,30.800876003974867,30.91487611206718,91476846
2257,2004-08-27,30.727108001708984,31.07582201364691,30.421982793445398,30.931642560710802,66799917
2258,2004-08-30,31.330652236938477,31.411126906746276,30.92158311450008,30.92158311450008,49092898
2259,2004-08-31,31.89731216430664,31.977786829846583,31.38765241854503,31.38765241854503,74263440
2260,2004-09-01,31.920787811279297,32.148791621641415,31.79337107229246,31.897314986844673,46091600
2261,2004-09-02,31.649192810058594,32.054908701716265,31.565368456136177,31.85372738626762,52386021
2262,2004-09-03,31.773256301879883,31.847020873541528,31.424542260508836,31.7061946691973,54841722
2263,2004-09-06,31.994548797607422,32.182320624428804,31.823546854619266,31.86042913491473,39798145
2264,2004-09-07,32.507564544677734,32.614861716935934,31.927493461427005,31.927493461427005,88353107
2265,2004-09-08,32.370086669921875,32.65844553726832,32.26278951403883,32.65844553726832,57944664
2266,2004-09-09,32.57126998901367,32.68527367212358,32.27620458305873,32.64503813177391,71946537
2267,2004-09-10,32.715450286865234,32.7758053902388,32.33320726973778,32.5243287783015,39998058
2268,2004-09-13,32.923336029052734,33.18151914543014,32.5377397758171,32.91998276893466,61914508
2269,2004-09-14,32.61486053466797,33.05075214644073,32.440505322976136,32.96022128017434,50156729
2270,2004-09-15,32.70204162597656,32.980344357822034,32.48409758813277,32.65509955762993,46630531
2271,2004-09-16,32.91663360595703,32.98034197358737,32.37344480718967,32.75904110842056,48038479
2272,2004-09-17,34.14384078979492,34.20084263603532,33.20499233090164,33.231818415035136,116181307
2273,2004-09-20,33.66770553588867,34.3349577163944,33.53358588079102,34.3349577163944,63388262
2274,2004-09-21,34.03318786621094,34.133778509260594,33.3692889055746,33.59729627384343,70783527
2275,2004-09-22,33.761592864990234,33.966131000980056,33.54029559215071,33.932598397108045,80641944
2276,2004-09-23,33.53359603881836,33.78507270739325,33.39612308200912,33.59730441686904,69288360
2277,2004-09-24,33.453121185302734,33.98289696915266,33.19829128422935,33.53023901649456,80391671
2278,2004-09-27,33.221763610839844,33.352533625496314,32.973640208147046,33.26199916052498,49518324
2279,2004-09-28,33.2821159362793,33.64759627891051,33.12787668996445,33.18823180070392,68248729
2280,2004-09-29,34.48919677734375,34.63672947205287,33.114456884217944,33.342464237659264,114677444
2281,2004-09-30,34.73061752319336,34.85468099412893,34.46908112213332,34.46908112213332,85039650
2282,2004-10-01,35.7599983215332,35.87735527651315,34.3517291919472,34.74403201868034,94983970
2283,2004-10-04,36.6284294128418,36.843023744750454,35.74322958499015,35.74322958499015,79911306
2284,2004-10-05,36.20595169067383,36.73573106444461,36.03159646161558,36.61502084237078,53412698
2285,2004-10-06,36.638492584228516,37.26885901436242,36.138892572021454,36.138892572021454,103549667
2286,2004-10-07,37.473392486572266,37.84893259116359,36.69884661857662,36.87655509792933,95659486
2287,2004-10-08,37.181678771972656,37.721517873852235,37.02743954037037,37.55386560057762,57210105
2288,2004-10-11,36.67536926269531,37.43650557695217,36.5513058025,37.21855799784614,35896923
2289,2004-10-12,35.88405990600586,37.014026261154996,35.74993665522965,36.68207855969735,55923086
2290,2004-10-14,36.40713119506836,36.608312500156664,35.79017423745265,36.01147510606714,62169500
2291,2004-10-15,36.635135650634766,37.34597668268574,36.35012643622471,36.635135650634766,81406066
2292,2004-10-18,36.930206298828125,37.25209783983805,36.61502127940719,36.81620259690249,58737538
2293,2004-10-19,37.54380798339844,37.74834255051843,37.01738189284729,37.09785656497677,77133714
2294,2004-10-20,36.75919723510742,38.0232868703102,36.65860658596707,38.0232868703102,102341073
2295,2004-10-21,36.15901184082031,37.07774085812043,35.984656601066284,36.826264198826145,85962610
2296,2004-10-22,36.15901184082031,36.15901184082031,36.15901184082031,36.15901184082031,0
2297,2004-10-25,35.99806594848633,36.48090328233019,35.82371070928385,36.2126603190836,119406508
2298,2004-10-26,37.0006217956543,40.2362892322559,36.0215376960423,40.2362892322559,89558592
2299,2004-10-27,36.252891540527344,37.15150446450255,36.09194936433436,37.054267073659574,152264923
2300,2004-10-28,36.1187744140625,36.7826734765927,35.98465473025955,36.41048660716929,118056469
2301,2004-10-29,35.485050201416016,36.480900560814554,35.357637042468895,36.2797192490239,77086687
2302,2004-11-01,35.5319938659668,35.85388179732126,35.253691156182505,35.66946679933127,68538803
2303,2004-11-02,36.440670013427734,36.58149623448923,35.81029990599442,35.81029990599442,71018031
2304,2004-11-03,36.460777282714844,36.64184259440917,36.08859404333889,36.54125194876003,62216919
2305,2004-11-04,36.03159713745117,39.36450194203465,35.957828982012735,37.151507434491975,85779153
2306,2004-11-05,36.23612976074219,36.464133571295065,35.9779466044624,36.27971856647097,44382852
2307,2004-11-08,36.3702507019043,36.83967496440445,36.279719826665776,36.48090114165962,58939551
2308,2004-11-09,36.21265411376953,36.58484093758815,36.11541672798196,36.541252135256805,45152968
2309,2004-11-10,36.504364013671875,36.64854703579249,36.31994903462599,36.31994903462599,50998492
2310,2004-11-11,36.608314514160156,37.000620946699755,36.31995558301443,36.6619631039714,80185036
2311,2004-11-12,36.5848388671875,37.01402392800582,36.31324270490152,36.88325752841209,17702509
2312,2004-11-15,36.5848388671875,36.5848388671875,36.5848388671875,36.5848388671875,0
2313,2004-11-16,36.53789520263672,36.682074636639825,36.044998219944475,36.682074636639825,68620518
2314,2004-11-17,36.464134216308594,36.80614172945938,36.296481929157096,36.61502019998189,49323579
2315,2004-11-18,36.59825897216797,36.856438561004374,36.11877491602117,36.54796364222494,96953003
2316,2004-11-19,35.364341735839844,36.41383704709222,35.08939228541814,35.91088379361388,123713592
2317,2004-11-22,35.71305465698242,36.13218354953555,34.1337800564992,34.79097252638281,189682670
2318,2004-11-23,35.42805099487305,35.90417817612499,35.01227533952267,35.743232414452905,117157022
2319,2004-11-24,34.54620361328125,35.542050342266236,34.18072329241849,35.542050342266236,115179292
2320,2004-11-25,33.75489044189453,35.096101613469564,33.53694640298487,34.20084546718384,247558475
2321,2004-11-26,33.75489044189453,33.75489044189453,33.75489044189453,33.75489044189453,0
2322,2004-11-29,34.18742752075195,34.402021850633226,32.65844829416251,33.39611540749361,284858794
2323,2004-11-30,34.673622131347656,35.119573562969094,34.27460918458796,34.334964294835686,158185245
2324,2004-12-01,35.37440490722656,35.99806485177694,35.07263292622177,35.07263292622177,86882028
2325,2004-12-02,36.34678268432617,36.48090237132835,35.21345932763648,35.61582197118668,145983386
2326,2004-12-03,36.460777282714844,36.74243324005831,34.88820923372176,34.88820923372176,104307894
2327,2004-12-06,35.60575866699219,36.682080065052595,35.451519430050105,36.48089876317538,75261674
2328,2004-12-07,34.673622131347656,35.88406326683876,34.30143527027295,35.88406326683876,106320902
2329,2004-12-08,34.053306579589844,35.2067456856582,33.93594963810753,34.93850278335988,104018899
2330,2004-12-09,34.3483772277832,34.53614549680337,33.530238937704624,34.07342776310925,94423541
2331,2004-12-10,33.47658920288086,34.40202463858411,33.238525614056556,34.40202463858411,132904782
2332,2004-12-13,33.68783187866211,33.86554036788094,32.61486367423199,33.46317773903759,137602477
2333,2004-12-14,33.919185638427734,34.06672193160866,33.26199317011662,33.66435575959105,85411957
2334,2004-12-15,33.20164489746094,33.91248967869319,33.013876605745196,33.91248967869319,97643799
2335,2004-12-16,32.93339920043945,33.32570201430523,32.7288646423482,33.19493202132115,99023093
2336,2004-12-17,32.225921630859375,33.24188822298518,32.09850485788046,32.859641486592785,161103721
2337,2004-12-20,32.23261642456055,32.77245192615143,31.659248319891116,32.524328576085516,295404841
2338,2004-12-21,32.52433395385742,32.973638666513146,32.282917084489874,32.42374329307564,154198974
2339,2004-12-22,33.19829559326172,33.4497722662682,32.5276899377298,32.72216475384894,135207331
2340,2004-12-23,33.952720642089844,34.15054869039282,33.36258617528963,33.44306084839774,121328109
2341,2004-12-24,35.099449157714844,35.25368838150003,34.22430913618277,34.53614084400127,131770663
2342,2004-12-27,34.66691207885742,36.68207825894332,33.95607103621839,34.871446631198175,260987301
2343,2004-12-28,35.37775421142578,35.47499160003827,34.777559994845696,34.86809444505667,107505941
2344,2004-12-29,35.642642974853516,36.12883353703497,35.3140485016432,35.48840372915053,97058344
2345,2004-12-30,35.0793342590332,36.13553603631816,34.951917530766316,35.81364453784264,94488003
2346,2004-12-31,35.79016876220703,35.93435178033385,35.246980038075286,35.6258733487176,66972340
2347,2005-01-03,36.47084045410156,36.547961866958076,35.79688163258415,36.17242174977111,96188867
2348,2005-01-04,35.625877380371094,36.88326048710982,35.51522695046944,36.88326048710982,73639782
2349,2005-01-05,35.538692474365234,35.77340635143822,34.613260754115814,35.27380642144653,112450407
2350,2005-01-06,35.2872200012207,35.97794143749757,35.02232677916745,35.40792661916282,91978134
2351,2005-01-07,36.3635368347168,36.72901710513772,35.37775002340002,35.87734994920925,108134977
2352,2005-01-10,35.82034683227539,36.74242883434175,35.615812305144615,36.55801028440287,74712197
2353,2005-01-11,35.257041931152344,35.877352091632964,35.079333466714516,35.877352091632964,59161157
2354,2005-01-12,34.750736236572266,35.5420483587376,34.54284842497769,35.474990316802206,104515537
2355,2005-01-13,34.87815856933594,35.25705201100842,34.770864957469094,35.20675667503731,79849238
2356,2005-01-14,34.462379455566406,35.11621869107337,34.27460761201725,35.11621869107337,70329448
2357,2005-01-17,34.30478286743164,34.73732118480062,33.82529890786443,34.53613990555125,70620236
2358,2005-01-18,34.257843017578125,35.032388843124515,34.12371976773166,34.408728986748045,89287341
2359,2005-01-19,34.44896697998047,34.76415198224131,34.28131469701427,34.46908296110865,45571602
2360,2005-01-20,34.30144119262695,34.53615157017729,33.81190086978877,34.20755704160682,51300805
2361,2005-01-24,33.97954177856445,34.96197904181809,33.90577721226989,34.435552966031004,93907843
2362,2005-01-25,33.637535095214844,34.19413694654438,33.426294007699674,33.925894011402626,114963988
2363,2005-01-27,33.939308166503906,34.40202590133998,33.77836240014221,33.87224653488399,96741397
2364,2005-01-28,35.0223274230957,35.102802085746305,32.85962863286603,33.99965829049636,79472072
2365,2005-01-31,35.696285247802734,35.843817945952,35.0525058756475,35.20674509405939,85855126
2366,2005-02-01,36.410484313964844,36.68208050779449,35.54540398894291,35.803587140473965,112269960
2367,2005-02-02,35.78011703491211,36.705548862841994,35.555462912009524,36.49431136445734,68624103
2368,2005-02-03,36.276363372802734,36.44066238759743,35.94441208275571,36.19924196482024,46163680
2369,2005-02-04,36.02153015136719,36.54795616898218,35.70299193268077,36.480894548589546,55698469
2370,2005-02-07,35.56552505493164,40.08875491486551,35.45152135566402,40.08875491486551,36173762
2371,2005-02-08,35.796875,35.9947030126761,35.47498711316669,35.67616838589105,50453651
2372,2005-02-09,36.02153015136719,36.246184251029646,35.813642352438606,35.82705539302572,36176185
2373,2005-02-10,36.38030242919922,36.52783512202659,35.66610820259212,36.07182400350307,49713070
2374,2005-02-11,36.708900451660156,37.017378907770166,36.420541557595925,36.484249921531124,77901211
2375,2005-02-14,36.450721740722656,37.10121133527684,36.13554030823255,37.010676877629294,53840435
2376,2005-02-15,36.15901184082031,36.457430571013276,35.910888442486204,36.457430571013276,47321985
2377,2005-02-16,35.88070297241211,36.47418701132944,35.68287137689687,36.14894228141788,50273330
2378,2005-02-17,35.934364318847656,36.06177749851617,35.552117614753975,35.94442052003786,47137365
2379,2005-02-18,35.823707580566406,36.4004290055418,35.615819750024464,35.944414216577464,60691531
2380,2005-02-21,35.84381866455078,36.13218112891066,35.64934390320713,35.82705594610102,46948572
2381,2005-02-22,36.18247604370117,36.30318266186659,35.679522844987986,35.810289243636255,59620726
2382,2005-02-23,36.76925277709961,36.88325645499244,36.1925350325459,36.1925350325459,77989467
2383,2005-02-24,36.68208312988281,37.11797479285492,36.58819899216843,36.903380430911405,69616806
2384,2005-02-25,36.22270965576172,36.94361039640743,36.09194326407123,36.883255299264626,55788518
2385,2005-02-28,37.30238723754883,37.553863844429245,35.93435377961075,36.22606592708343,106164094
2386,2005-03-01,36.718963623046875,37.3862159194475,36.51442905353528,37.3862159194475,68262594
2387,2005-03-02,36.85978698730469,37.01402621773619,36.51777950505854,36.68207851666793,72767349
2388,2005-03-03,37.45998001098633,37.7215164006668,36.896671690722926,36.896671690722926,90881098
2389,2005-03-04,38.361942291259766,38.45247315333325,37.52368454565618,37.52368454565618,121987730
2390,2005-03-07,39.35779571533203,39.59586290497455,37.231978808023605,37.231978808023605,101548550
2391,2005-03-08,39.63944625854492,39.810448207805756,39.0426053186931,39.48520702864618,101433671
2392,2005-03-09,39.42150115966797,40.2865814895117,39.166671267291186,39.907688120268176,106666278
2393,2005-03-10,39.833919525146484,40.035100810234084,39.1968430673404,39.43155695497128,75587613
2394,2005-03-11,39.42820358276367,40.289930562447836,39.263904578397174,39.96803907420445,82768457
2395,2005-03-14,38.82801818847656,39.69309854423857,38.63018655517263,39.38462005566958,49492780
2396,2005-03-15,38.28147506713867,39.170028306860004,38.17082462197015,38.89507882439712,70095617
2397,2005-03-16,38.51283264160156,38.74754297417821,38.063527957787166,38.29488502971676,59880508
2398,2005-03-17,37.72151565551758,38.546356766624534,37.43650644945729,38.15740724134576,65083999
2399,2005-03-18,38.34852600097656,38.48599891257147,37.22861598324559,37.55386070615115,67256937
2400,2005-03-21,37.533748626708984,38.68048495283193,37.41974492971787,38.42565505619833,38254691
2401,2005-03-22,36.5278434753418,37.59410516907337,36.286426612101934,37.493514510844804,66773281
2402,2005-03-23,37.06766891479492,38.217758230872946,36.16570649819409,36.480891429788144,191023424
2403,2005-03-24,37.553863525390625,38.05011021441306,37.21855899736997,37.21855899736997,113013930
2404,2005-03-28,37.96293640136719,38.445770097635354,37.654457924429,37.68798694755939,56543733
2405,2005-03-29,36.826255798339844,38.083638807987946,36.55465963523868,38.02328370701625,66827170
2406,2005-03-30,36.42389678955078,37.198446232092884,36.15230059994685,36.74913798242771,81073602
2407,2005-03-31,36.61837387084961,37.11126737319473,36.4507215818202,36.55466549946234,88299330
2408,2005-04-01,37.86233901977539,37.996458671001804,36.74242900527959,37.35267932955523,70413811
2409,2005-04-04,37.89251708984375,38.127227389451804,37.49350778923859,38.02328348908047,48299339
2410,2005-04-05,37.288978576660156,38.21106077104858,37.121326291532235,37.95287761331808,54556466
2411,2005-04-06,38.331764221191406,38.418945408436485,37.41974188456808,37.41974188456808,61530703
2412,2005-04-07,37.91934585571289,38.68718516969725,37.79192912508895,38.41894583188201,51138382
2413,2005-04-08,37.342628479003906,38.09035189327282,37.111267815827745,38.023290260352496,47054753
2414,2005-04-11,36.70555114746094,37.35268747249829,36.54796222462306,37.35268747249829,26125348
2415,2005-04-12,36.79608154296875,37.040851634511526,36.54795819109367,36.762548939645704,46659100
2416,2005-04-13,36.5848388671875,37.07102576861117,36.41383334537145,36.95031914957302,28987919
2417,2005-04-15,35.52528762817383,36.474192292328794,35.27716426101984,36.474192292328794,54798014
2418,2005-04-18,34.77421188354492,35.340869938386746,34.53614470945375,35.340869938386746,62412014
2419,2005-04-19,34.46908187866211,35.57558261243908,34.334962206027,35.139687406924224,50673926
2420,2005-04-20,35.5453987121582,35.672815429992816,34.542845600036785,34.64343623725661,60793889
2421,2005-04-21,36.40713119506836,36.61501902133206,35.206749885713904,35.407931190802216,85251326
2422,2005-04-22,36.715606689453125,36.86984591631974,35.95782359638057,36.68207766884493,77975210
2423,2005-04-25,36.66196060180664,36.80278679699599,36.18248016954552,36.547960490963824,48498327
2424,2005-04-26,36.692142486572266,36.930206088910225,36.286426593093324,36.34678170450756,54222699
2425,2005-04-27,36.145591735839844,37.52033173227064,35.76334872140225,37.21855980006947,187602973
2426,2005-04-28,36.47084045410156,36.88326285611027,35.76670586910153,36.19924425258417,105195802
2427,2005-04-29,35.411285400390625,36.89667598678997,35.21345735058834,36.89667598678997,52691821
2428,2005-05-02,35.80023193359375,35.9108823614548,35.18327501192024,35.508519774718714,43024214
2429,2005-05-03,36.276363372802734,36.41383630393631,35.24363080271407,35.7432307854702,48375663
2430,2005-05-04,36.303184509277344,36.54795818331109,36.011472355687516,36.34677689358802,29381639
2431,2005-05-05,36.28977966308594,36.70890501491962,36.15900965861864,36.39707325970505,24326384
2432,2005-05-06,36.822906494140625,36.91679062460821,36.21265606355797,36.21265606355797,64922192
2433,2005-05-09,37.11126708984375,37.215211006692265,36.62843337338475,36.83296794637418,44323347
2434,2005-05-10,36.49766159057617,37.26885777755327,36.423897023694146,37.13473810342203,31828111
2435,2005-05-11,36.38030242919922,36.71225009242511,36.18917735623724,36.34677341163842,43816108
2436,2005-05-12,36.14894485473633,36.30653734083065,35.853879444299615,36.20594669715709,51668659
2437,2005-05-13,35.961181640625,36.14559665231748,35.810295654001095,36.112067627248905,24848524
2438,2005-05-16,36.22941970825195,36.457423496581704,36.0450011388594,36.0450011388594,33790996
2439,2005-05-17,35.27046203613281,36.46078369135374,35.20340039973172,36.34678356677876,50494417
2440,2005-05-18,35.51522445678711,35.649344117907695,35.07933287123798,35.40792729487345,62603483
2441,2005-05-19,35.15980911254883,35.87735674908665,35.04915867417394,35.609113804926835,42422193
2442,2005-05-20,34.9016227722168,35.33416470419417,34.57637800813236,35.206747973867614,59314715
2443,2005-05-23,35.619171142578125,35.73988135480178,35.00556746510381,35.13968713670757,28727787
2444,2005-05-24,35.60911178588867,35.927650040108354,35.314046355314844,35.75329124065475,51323478
2445,2005-05-25,35.58563995361328,35.81029047943488,35.240275640374655,35.40792790657897,56454483
2446,2005-05-26,35.568878173828125,35.7767660072366,35.310695012419,35.60911371971995,108808070
2447,2005-05-27,35.625877380371094,36.172419426427766,35.49846064819852,35.61581759900854,58721979
2448,2005-05-30,35.32746505737305,35.85724089656676,35.206754824369995,35.64264651902526,31958688
2449,2005-05-31,35.87735366821289,36.07182844257493,35.16651261413862,35.340867825962576,75922486
2450,2005-06-01,36.279720306396484,36.49431466723914,35.94441572194395,36.078538988742395,61706710
2451,2005-06-02,35.5319938659668,36.568076130783375,35.4448126751966,36.480898522556465,53623380
2452,2005-06-03,37.094505310058594,37.27221380189629,35.40793335527884,35.40793335527884,131507128
2453,2005-06-06,37.03750228881836,37.962937752571676,36.816201413668466,37.15150598708003,87661891
2454,2005-06-07,36.73908233642578,37.27221135954795,36.54796081394104,37.017381468720515,58967210
2455,2005-06-08,37.44992446899414,37.55386838457407,36.88326282430451,36.97044043655109,72495426
2456,2005-06-09,37.49016189575195,37.805346918974784,37.332569384140534,37.60751885988768,56698538
2457,2005-06-10,37.993106842041016,38.184228337436494,37.62092004900022,37.62092004900022,88373329
2458,2005-06-13,38.1976432800293,40.22957569868802,37.597452683172705,38.01657797336711,45665964
2459,2005-06-14,38.49606704711914,38.559775418042676,37.87575680651471,38.29153247405686,46370063
2460,2005-06-15,38.556419372558594,38.69389230405943,38.07358569080075,38.07358569080075,48590532
2461,2005-06-16,39.58244323730469,39.900981468770986,38.62683212544882,38.69389016598897,115223307
2462,2005-06-17,40.2530517578125,40.608472296648536,39.163317317564065,39.56567992133744,126440530
2463,2005-06-20,42.2816276550293,43.30094354150399,41.332719486443445,41.912794103927176,337512174
2464,2005-06-21,43.33112335205078,43.455183235484164,41.64455164558071,42.38221875575527,230734168
2465,2005-06-22,43.89443588256836,44.2599126298527,43.05282478752409,43.11988641739015,179770966
2466,2005-06-23,43.62954330444336,43.92796198455705,43.36800690615841,43.87096014034364,89786122
2467,2005-06-24,43.9011344909668,44.15931401694793,43.12323190537908,43.522241186949785,90283194
2468,2005-06-27,43.498775482177734,45.26582199324056,43.27077167650264,43.45518667738147,174238637
2469,2005-06-28,42.217918395996094,44.93051243363589,42.05697265443083,44.93051243363589,140205952
2470,2005-06-29,43.04277038574219,43.388131166269915,42.42916665709138,42.51634427177755,123681858
2471,2005-06-30,43.0897102355957,43.80055132462025,42.69405056402881,43.45518697932827,100769540
2472,2005-07-01,42.9254150390625,43.254009528149375,42.7544094814739,43.11988984031403,49208211
2473,2005-07-04,43.21376419067383,43.55577522837395,42.85163717475437,43.05281845220486,53426086
2474,2005-07-05,42.78793716430664,43.45518584832224,42.68063999337366,43.18694650353306,65828880
2475,2005-07-06,43.267417907714844,43.38812812153535,42.74099541323512,42.74099541323512,47018524
2476,2005-07-07,41.171775817871094,43.012586823413315,40.859947675509446,43.012586823413315,122340039
2477,2005-07-08,41.59760665893555,42.11397288324001,41.242186170036184,42.11397288324001,77600621
2478,2005-07-11,42.50963592529297,42.65046212355801,41.45343406449009,41.45343406449009,57751866
2479,2005-07-12,42.80470275878906,43.18694940372524,42.284983171725784,42.57669894215249,71883881
2480,2005-07-13,42.31180191040039,43.01258312479713,42.18773845017566,42.91869900586415,38361489
2481,2005-07-14,43.01929473876953,43.37806853880721,41.651261166886876,42.358748985340526,117997062
2482,2005-07-15,44.705867767333984,44.930518316868586,43.11988654789566,43.11988654789566,99419446
2483,2005-07-18,44.380619049072266,45.121639427173676,44.139202217775335,44.72933304595519,109784920
2484,2005-07-19,44.571739196777344,45.0512231669383,44.33367563308391,44.52815039631598,74060628
2485,2005-07-20,45.54076385498047,45.8023002432764,44.66227415017933,44.66227415017933,81588474
2486,2005-07-21,45.483768463134766,46.02360399256585,44.974105112944265,45.33287890658581,69635530
2487,2005-07-22,46.24155044555664,46.36561392479079,45.477064336381495,45.60112423307221,53589574
2488,2005-07-25,46.10742950439453,46.65397156859548,45.90960146120296,46.365612655221895,77096196
2489,2005-07-26,46.348838806152344,46.43266672409832,45.61452860001236,45.93642006663257,61723656
2490,2005-07-27,46.86521530151367,47.27093119251264,46.23149559189673,46.43937984598508,105898221
2491,2005-07-28,205.02476501464844,205.02476501464844,205.02476501464844,205.02476501464844,0
2492,2005-07-29,47.166988372802734,47.740356567272705,46.4729135359742,46.80821454147283,106627570
2493,2005-08-01,47.46205139160156,47.6062308523815,46.70762148109482,47.143516706638785,62404620
2494,2005-08-02,49.72198486328125,50.057285807163595,47.67999269294977,47.74034779430976,127336266
2495,2005-08-03,47.914710998535156,50.959260413909284,47.65653141397362,50.95255389235544,366024503
2496,2005-08-04,48.90049743652344,50.67424684751973,48.082359197286415,48.082359197286415,202590728
2497,2005-08-05,48.66913986206055,49.61804450282964,48.44113248121526,48.95414550557392,112590409
2498,2005-08-08,47.70011520385742,53.5813184128679,47.41845924094183,50.28194302077719,155661566
2499,2005-08-09,47.45534896850586,48.60543498912574,47.11669113335533,47.88118083415165,124684979
2500,2005-08-10,48.24665832519531,48.461252666974836,47.559286495909625,48.263424627691606,102268684
2501,2005-08-11,48.12259292602539,48.92061515476462,47.81411446769792,48.46125072763847,92569484
2502,2005-08-12,47.2239875793457,48.46460803703479,47.08651464052197,48.27013324978575,90467352
2503,2005-08-16,46.92892074584961,47.61293574157764,46.74785542400867,47.244105741890884,72875687
2504,2005-08-17,47.94488525390625,48.14941980940315,46.60702749212437,46.94233203894663,98007171
2505,2005-08-18,47.50229263305664,49.89299562842319,47.294404793017186,48.28354508106595,121478124
2506,2005-08-19,47.32793045043945,50.295358268493395,47.1535716483638,50.295358268493395,90752944
2507,2005-08-22,46.895389556884766,47.85435396035471,46.58020457540157,47.59281756258233,70989812
2508,2005-08-23,45.946475982666016,47.378217691045144,45.80564981033596,47.277627056160426,92582004
2509,2005-08-24,46.59697723388672,46.74115670273308,45.80901467268874,46.07055110613863,96855547
2510,2005-08-25,46.69756317138672,46.99598186144313,46.469555786936304,46.908800670748,100857642
2511,2005-08-26,46.8585090637207,47.203873428308995,46.51314828167597,46.90545113203049,50759283
2512,2005-08-29,46.96580123901367,48.618843983673266,46.476261043427144,47.34469458843793,63972553
2513,2005-08-30,47.45199203491211,47.59952474653657,46.878623908059055,47.143513569912834,62999919
2514,2005-08-31,48.24330520629883,48.535017375331016,47.495581850918306,47.747058476384545,93999740
2515,2005-09-01,48.732845306396484,48.91726388635553,48.21648259712368,48.21648259712368,74764182
2516,2005-09-02,48.98767852783203,49.12850831340376,48.2902504516074,48.61884850788341,69581739
2517,2005-09-05,48.97761917114258,49.44368655713112,48.83343613413476,49.088266020468886,52224536
2518,2005-09-06,48.88037872314453,49.28274491131664,48.652374918475104,48.9541468726967,43420875
2519,2005-09-08,49.534217834472656,49.99357866999924,49.17879732058458,49.22238612192797,74357032
2520,2005-09-09,49.73539733886719,49.960047858126714,49.262619896554185,49.62474691805532,57343021
2521,2005-09-12,50.46300506591797,50.55688919328999,49.90304997958758,49.976818126833145,52799613
2522,2005-09-13,50.4495964050293,50.92907683081185,50.29200390925269,50.49653846945815,76416716
2523,2005-09-14,49.68845748901367,50.69771719684061,49.3933884928766,50.29535461784098,59383645
2524,2005-09-15,51.01960754394531,51.230848624504084,49.29615345968357,49.72534214177673,76116756
2525,2005-09-16,51.23755645751953,51.49238634840196,50.69436765256129,51.23084993637219,54661723
2526,2005-09-19,51.247615814208984,56.33080054740451,50.831840166868595,51.93163080995845,53922696
2527,2005-09-20,52.16969299316406,52.374223954199934,50.69771564795004,51.30125949801032,135365077
2528,2005-09-21,52.45805358886719,52.6424685771105,50.29535472225442,52.30716762142909,160400406
2529,2005-09-22,50.59377670288086,52.575413971076586,50.295358008839116,52.575413971076586,117798830
2530,2005-09-23,50.14447021484375,51.50244396132598,49.564395568002375,51.50244396132598,147985891
2531,2005-09-26,52.32394027709961,52.54188431261433,50.295360829908745,50.295360829908745,90435660
2532,2005-09-27,52.84364700317383,53.38013280224103,52.310518046802635,52.97106372390588,99754361
2533,2005-09-28,53.678558349609375,53.893152696776866,52.64247248018988,52.977777043274926,97726775
2534,2005-09-29,54.20498275756836,54.54699024868825,53.64837734338166,53.64837734338166,99975589
2535,2005-09-30,53.21583557128906,54.31227644439852,52.37422456557148,54.05074005647752,120956922
2536,2005-10-03,53.26278305053711,53.83615120612969,52.642472829008504,52.642472829008504,67338023
2537,2005-10-04,54.09432601928711,54.24521197564718,53.26612809807961,53.38013177600753,60690606
2538,2005-10-05,53.78585433959961,54.31228041418363,53.51761141154311,54.18486367990306,53923117
2539,2005-10-06,53.03477096557617,53.648374611585204,52.7698848964327,53.648374611585204,83636940
2540,2005-10-07,52.87047576904297,53.309720628517006,52.0188085501388,53.309720628517006,111805490
2541,2005-10-10,52.50499725341797,53.17224950735301,52.32728519787761,52.910713105969826,52026164
2542,2005-10-11,52.89730453491211,53.03142779864809,51.770691331299595,52.776597896601935,53107808
2543,2005-10-13,51.98863220214844,53.172250765992935,51.8444527475669,52.68941349450015,84604085
2544,2005-10-14,51.224143981933594,52.132813121671674,51.0665514808575,51.97187094252819,102288851
2545,2005-10-17,51.70362091064453,52.29375170663085,50.90224905534361,52.13280596703198,87172339
2546,2005-10-18,50.72789764404297,52.4010564783125,50.19476861062944,52.12946027937751,87963924
2547,2005-10-19,50.11429214477539,50.81842669788635,49.2894473781138,50.305413664111136,122569754
2548,2005-10-20,50.17129135131836,51.361616373978414,49.426921293702605,50.63065577518464,106523223
2549,2005-10-21,51.717041015625,51.83774764990511,49.84270088951241,50.56359818221465,133090971
2550,2005-10-24,50.771484375,52.002044997699365,50.56359655413289,51.6499777229342,68344505
2551,2005-10-25,51.475616455078125,52.266932157120046,50.96930996920213,51.03637159345466,70279578
2552,2005-10-26,51.20402908325195,51.965165519836475,51.05649636088937,51.62986094693141,59117043
2553,2005-10-27,50.31547164916992,51.62315005825728,49.97011090598081,51.368320180727125,148738838
2554,2005-10-28,49.732051849365234,50.87543135047507,49.45710238446384,50.63066123189769,86146124
2555,2005-10-31,51.133609771728516,51.29455552290633,49.457097799743494,49.457097799743494,66613295
2556,2005-11-02,52.15293502807617,52.26693872887674,50.748019080268165,51.217439761428935,72144349
2557,2005-11-04,52.15293502807617,52.15293502807617,52.15293502807617,52.15293502807617,0
2558,2005-11-07,52.84364700317383,53.0247123038126,51.294551871270954,51.294551871270954,71521727
2559,2005-11-08,53.007957458496094,53.31308270311094,52.47482838691138,53.31308270311094,60874064
2560,2005-11-09,53.054893493652344,53.708732717380144,52.78330088870676,53.1118953395472,59545592
2561,2005-11-10,52.689414978027344,53.33655128542175,52.515059756431036,53.20578128668113,45070188
2562,2005-11-11,53.339900970458984,53.93338506829458,52.776592633555836,52.776592633555836,70424608
2563,2005-11-14,53.54443359375,53.84955520009151,52.71623562890829,53.31307296561612,44978599
2564,2005-11-16,54.8185920715332,54.92253240945975,53.71544449371102,53.71544449371102,80866742
2565,2005-11-17,55.61325454711914,55.790963030992216,49.28944921095262,49.28944921095262,83636814
2566,2005-11-18,55.40201187133789,55.995495997535954,55.231006331099984,55.790961434377074,52042255
2567,2005-11-21,55.59648132324219,55.918372809582124,55.04323279409372,55.39194677969049,72091861
2568,2005-11-22,54.94264602661133,56.260384241827836,54.65428712218806,55.63337110860313,96006908
2569,2005-11-23,55.79431915283203,55.92173589869015,54.899063001185255,55.05665551182893,80664015
2570,2005-11-24,56.605743408203125,56.894105887103684,55.86137334473613,55.86137334473613,82044219
2571,2005-11-25,56.508506774902344,56.73316089235178,56.0860282058448,56.73316089235178,65803378
2572,2005-11-28,56.860572814941406,57.0013990015922,56.515212077722886,56.733159669650625,52587586
2573,2005-11-29,56.877342224121094,58.06431046829718,56.37103571054984,56.94775711256514,113205258
2574,2005-11-30,55.84126281738281,57.366889055199856,55.59984594456897,57.01482173743775,88891688
2575,2005-12-01,56.30061721801758,56.55209382844331,55.67695379114454,55.861372360485454,85128004
2576,2005-12-02,56.29055404663086,56.94775003700551,55.99548865250929,56.46491282454425,56707221
2577,2005-12-05,56.347564697265625,57.12882068612416,56.06255903889595,56.80022263955222,53802777
2578,2005-12-06,56.11285400390625,56.786812813314604,55.660196064539164,56.46492129008065,70506198
2579,2005-12-07,56.562156677246094,56.994698620164854,55.59313246383518,56.33079961612306,73922461
2580,2005-12-08,56.74321746826172,57.14893332049819,56.012260431675074,57.001400609007035,66309469
2581,2005-12-09,57.89665603637695,58.00059993721185,56.33079458601449,56.33079458601449,90717219
2582,2005-12-12,57.886600494384766,58.57061546783116,57.675359417056455,58.08107526953044,37374178
2583,2005-12-13,58.44990921020508,58.64438398658335,57.62506445828309,58.06766617836409,56156161
2584,2005-12-14,57.802772521972656,58.57061179307103,57.403759632862865,58.35266779108683,55358288
2585,2005-12-15,56.682865142822266,58.000603328821256,56.27044277555711,57.94024822439704,73842272
2586,2005-12-16,56.95781326293945,57.26964499607155,56.47162631292272,57.00140206716061,67600031
2587,2005-12-19,57.48088836669922,57.772600548320824,57.26964727568239,57.26964727568239,34209980
2588,2005-12-20,57.30652618408203,58.12131115426142,57.152286950723784,57.65859345418667,50743906
2589,2005-12-21,57.682071685791016,57.90001930571026,56.9377015328559,57.41047547608463,52644388
2590,2005-12-22,57.400413513183594,58.32584532464513,57.215994936943524,57.94024903508142,80228450
2591,2005-12-23,56.525272369384766,57.672005017533635,56.34420705701823,57.336704058306054,81345567
2592,2005-12-26,55.84126281738281,56.458219834329974,55.459019733972866,56.33080666737456,74546889
2593,2005-12-27,58.134727478027344,58.3359087865875,55.536133187429755,55.99549765298123,82522974
2594,2005-12-28,58.51026153564453,59.677113721011565,58.208489604043216,58.34260926835167,151772052
2595,2005-12-29,59.757591247558594,60.019127666326696,58.20849588145385,58.20849588145385,127220281
2596,2005-12-30,59.636878967285156,60.41143199737703,59.36528635846903,60.220303311447196,69291357
2597,2006-01-02,60.21025466918945,60.488553817463526,59.69388475419649,59.885009870198566,51281633
2598,2006-01-03,61.69563293457031,61.957165741808744,60.086182637506546,60.32088936243762,68687753
2599,2006-01-04,62.356178283691406,62.7686006601719,61.69563612828209,61.76269417243569,60512596
2600,2006-01-05,61.80964279174805,62.76860367913915,61.69563909564321,62.56742237191573,74344078
2601,2006-01-06,61.74256896972656,62.46346974760052,61.23290925148983,61.809634172840475,89054027
2602,2006-01-09,61.03508377075195,62.06446303050148,60.770197702693544,61.89681434591626,87383441
2603,2006-01-10,59.958770751953125,61.02503595888643,59.56646792688282,60.95797074770404,134444371
2604,2006-01-12,59.47258377075195,60.15324550835396,57.87989606469813,57.87989606469813,275574236
2605,2006-01-13,59.35857391357422,60.153239262539145,59.21774773240396,59.68046539842878,141888428
2606,2006-01-16,58.54043960571289,59.54969934450639,57.953662020849016,59.54969934450639,215346951
2607,2006-01-17,62.26565170288086,62.83567019523101,58.48008907141118,58.69468342557983,632289604
2608,2006-01-18,74.45901489257812,78.07624407668709,62.265643490460974,62.265643490460974,533724706
2609,2006-01-19,75.61824798583984,78.31775149457236,74.21214282929982,75.13523520169014,89000074
2610,2006-01-20,75.58605194091797,76.14419784635281,75.34991218629762,75.88659149268392,33771785
2611,2006-01-23,75.3874740600586,75.77925379857408,74.49121494501101,75.34990751405306,36528785
2612,2006-01-24,74.43218231201172,76.63793972838884,73.94916952988284,76.20859344092182,98982821
2613,2006-01-25,73.89014434814453,75.1137763837237,73.525204980032,74.70589665016837,117047947
2614,2006-01-27,74.99032592773438,75.478705344618,74.57708676619998,74.58782006480904,54941663
2615,2006-01-30,76.32129669189453,77.08874902509096,75.13523138965067,75.13523138965067,63495319
2616,2006-01-31,76.6272201538086,77.26049923441443,76.03687427662183,76.03687427662183,54326385
2617,2006-02-01,75.65045928955078,77.1531643634682,75.2425795367408,76.70235140827555,43206477
2618,2006-02-02,76.06369018554688,76.84187581534599,75.24256419703212,76.19785641564032,43943959
2619,2006-02-03,74.77029418945312,75.88658591832397,74.59855424459379,75.88658591832397,30004832
2620,2006-02-06,77.31953430175781,77.57714066985989,73.3641985640719,74.59856390395412,83346920
2621,2006-02-07,77.34098815917969,77.65762762580272,75.8329167494793,77.34098815917969,59512226
2622,2006-02-08,76.90628051757812,77.49662629786444,76.63794087516743,77.27658650137215,59064976
2623,2006-02-10,77.23902130126953,77.66300095300704,76.74527520421121,76.74527520421121,45202538
2624,2006-02-13,76.9384765625,77.38928943200507,76.74527002341414,76.74527002341414,27743423
2625,2006-02-14,76.65941619873047,77.74887484101495,76.43400972703593,76.74528260124764,57810973
2626,2006-02-15,75.32844543457031,77.16388980510516,74.75956623076422,76.43400394367494,67014266
2627,2006-02-16,74.81858825683594,76.14418637378884,74.49657498945238,75.32843423759361,35513864
2628,2006-02-17,74.39999389648438,75.94026552148809,74.06188776285266,75.45725266482154,40528581
2629,2006-02-20,75.35528564453125,75.50555185144779,73.95454693953654,74.4912262944127,28227011
2630,2006-02-21,74.89372253417969,75.77924828595025,74.52341658540587,75.35526868170133,29401892
2631,2006-02-22,75.5592269897461,75.72559315064197,74.92057410265825,75.0547475265325,25688530
2632,2006-02-23,75.17280578613281,75.87049175239144,74.60392657960665,75.67191854555904,54348189
2633,2006-02-24,75.44114685058594,75.92952631958956,75.02790047986392,75.34991380267257,21010408
2634,2006-02-27,75.14598083496094,75.76315995762903,74.8132413469641,75.45725372147974,47238261
2635,2006-02-28,76.08516693115234,76.73454590159491,74.63076181242603,75.5377543091818,67553448
2636,2006-03-01,76.02076721191406,76.62721298363655,75.36064777585275,75.99392679720131,39579019
2637,2006-03-02,76.54672241210938,77.17463485881449,75.88660289690492,76.20860909611042,33440448
2638,2006-03-03,76.8257827758789,77.06728917684897,76.02076382767412,76.74527586549797,36620586
2639,2006-03-06,78.59146881103516,78.77393491925136,76.9599569819628,76.9599569819628,53639371
2640,2006-03-07,78.62367248535156,79.42869155549084,78.2479926202341,78.70953889333843,47205302
2641,2006-03-08,77.271240234375,78.67733848150344,76.38571424738767,78.67733848150344,61494358
2642,2006-03-09,78.00648498535156,78.21579151669434,76.36961361770167,77.71131204733989,40411075
2643,2006-03-10,78.51094818115234,79.20326743668014,78.04940917588632,78.46264833741256,30233677
2644,2006-03-13,78.9295654296875,79.56285157714774,78.46265258475627,78.51631908070556,34700724
2645,2006-03-14,79.69701385498047,80.12636013140278,78.26407549385401,78.78465480885455,32703088
2646,2006-03-16,82.48776245117188,82.64876911977734,79.69702557422784,79.96536524517899,77186860
2647,2006-03-17,83.19080352783203,83.93142263614999,81.90813850297208,82.64875761129004,55913414
2648,2006-03-20,83.51282501220703,83.72213154121218,82.70243931305805,83.36792545257157,21719690
2649,2006-03-21,83.77042388916016,85.332169158698,83.13177822373657,83.72212404027567,38242210
2650,2006-03-22,82.91710662841797,84.41981161259163,81.42513494419897,84.0387651340275,44707366
2651,2006-03-23,83.43767547607422,84.19976117193607,82.50384983752554,83.88312169814843,33847162
2652,2006-03-24,83.95826721191406,84.25880678227338,83.2927811049787,83.2927811049787,24725660
2653,2006-03-27,85.26239013671875,85.6219699857781,84.36613816901051,84.36613816901051,26706864
2654,2006-03-28,84.88672637939453,85.54683867146645,84.53787979293308,85.33217266759715,16031818
2655,2006-03-29,85.19799041748047,85.63270336042224,84.50030448197472,85.43949681188299,16167392
2656,2006-03-30,85.40731048583984,86.60947599933587,84.58082483003702,85.43951038819858,28515650
2657,2006-03-31,85.36973571777344,86.72753396200616,84.58081669064185,85.86348183660108,73076882
2658,2006-04-03,88.96012115478516,89.41093405614475,85.97617796446416,85.97617796446416,44027176
2659,2006-04-04,89.81344604492188,90.4842987928633,89.09429344678743,89.19626696228175,34384454
2660,2006-04-05,90.2159423828125,90.69895512527027,89.62559665984655,90.48428199916843,39932982
2661,2006-04-07,89.45924377441406,90.83851587897323,89.05136402530297,90.64530930491603,37107883
2662,2006-04-10,89.75977325439453,90.34475239591097,88.46100821478679,89.41093386236007,40280750
2663,2006-04-12,88.95475006103516,92.16946619108884,88.13363120927939,89.63633602868018,82064393
2664,2006-04-13,90.8599853515625,91.54693093534102,88.78839380412737,89.08894055775373,76596896
2665,2006-04-17,91.39128875732422,91.98700122326018,90.8170357257886,91.23564874595726,26106094
2666,2006-04-18,95.66862487792969,96.14627101856028,91.64352306976794,91.64352306976794,71843982
2667,2006-04-19,98.94237518310547,100.03720036310662,95.95843202104679,96.48437801262274,93268219
2668,2006-04-20,106.53640747070312,107.3038599182968,100.35921417475278,100.35921417475278,130476958
2669,2006-04-21,104.64728546142578,108.19474846688773,102.34492820407159,107.33605583579087,75692148
2670,2006-04-24,104.8887939453125,107.28239146204395,103.68663570211,104.65265418359344,58418086
2671,2006-04-25,102.51667022705078,105.72602002846334,102.07659060300881,104.92100104441926,30839609
2672,2006-04-26,105.04442596435547,105.4039986469509,102.20002290542396,103.04260837454744,41957400
2673,2006-04-27,107.11602020263672,112.70286051196311,105.40400868862761,105.40400868862761,86212039
2674,2006-04-28,108.29135131835938,108.51675778233457,104.22331599703257,105.72602098014261,54765263
2675,2006-05-02,110.67958068847656,111.94077932202853,109.91212820785078,110.01946837788397,26648041
2676,2006-05-03,111.15186309814453,111.8441824931077,109.60085814627448,110.68495734953777,23390951
2677,2006-05-04,115.94441223144531,120.30225393287836,111.62950373094779,111.84417690071233,124128451
2678,2006-05-05,117.98916625976562,119.03569165608961,116.13761471388165,116.32008797652334,52275053
2679,2006-05-08,123.97313690185547,125.47584167842446,119.35768242234458,119.67968854158485,67921200
2680,2006-05-09,123.87651824951172,125.55097006913701,121.933748308304,124.50981149599177,63383719
2681,2006-05-10,125.56172180175781,126.11986771352103,122.0679252906984,124.50982977610718,89270042
2682,2006-05-11,119.16985321044922,127.12882402309161,118.17699435251268,126.11986521600495,106032727
2683,2006-05-12,114.511474609375,120.27542131911447,113.45421593337562,120.27542131911447,74881301
2684,2006-05-15,109.65987396240234,114.84957453126901,108.57578209563002,114.84957453126901,85087660
2685,2006-05-16,112.02664184570312,113.22880720800615,104.75999033978962,110.01409088069659,109591379
2686,2006-05-17,116.58842468261719,117.20560373887587,113.23954206625386,114.7637135977149,51148724
2687,2006-05-18,107.85127258300781,114.82811822877629,106.53104085315753,114.31290549687927,83552753
2688,2006-05-19,104.98540496826172,113.77622866919728,103.20362696747587,108.40942090120848,122474060
2689,2006-05-22,99.75812530517578,107.22871635127414,90.1622837393713,106.79937006170451,112969668
2690,2006-05-23,103.80470275878906,105.18934143967839,98.87798195640983,100.78855949872758,73477471
2691,2006-05-24,100.7402572631836,104.33064631439136,92.8456860722911,104.33064631439136,100243526
2692,2006-05-25,101.96925354003906,103.25728529618635,99.01751021777972,101.36816727711272,79605105
2693,2006-05-26,102.88160705566406,106.45590329422032,102.24296140010249,103.04261371454601,58021662
2694,2006-05-29,102.60789489746094,104.97465897209769,102.07658226807378,103.25728098064863,32605426
2695,2006-05-30,102.50057220458984,104.92100301724528,101.43258018904154,103.01041828724638,31027558
2696,2006-05-31,102.4146957397461,103.35388089728536,97.89048124075131,100.68121779604763,79677166
2697,2006-06-01,99.32342529296875,103.5793007008579,99.28585874163223,103.5793007008579,78184283
2698,2006-06-02,102.83867645263672,103.25728947724231,99.29122053860648,99.82253321171305,49858174
2699,2006-06-05,99.32342529296875,104.19112031788534,99.29122539182315,103.25729452431491,51169635
2700,2006-06-06,97.30013275146484,99.28585047752397,96.60244678945475,98.74917117292742,73627018
2701,2006-06-07,95.85108947753906,98.749166173749,94.33228468629093,97.13912834146753,100805037
2702,2006-06-08,88.62738800048828,94.9924140725335,86.62020356564267,94.57380103940856,104511487
2703,2006-06-09,99.04434967041016,99.73666902179527,87.47888922410175,87.47888922410175,98846897
2704,2006-06-12,96.71514892578125,101.75457609383737,95.8832967603613,98.53449325676975,61593736
2705,2006-06-13,92.16411590576172,95.52909881616841,91.34298974312615,95.52909881616841,63382091
2706,2006-06-14,92.14264678955078,95.85110238570157,90.50576832438385,92.84569229530535,75101186
2707,2006-06-15,96.10333251953125,96.6024452680576,93.65070913926358,94.13372193881078,52498149
2708,2006-06-16,98.92091369628906,101.43257749262028,97.46114193746489,97.46114193746489,60863192
2709,2006-06-19,100.21968078613281,100.89590018015507,96.9244645460379,98.53450253361075,35025945
2710,2006-06-20,99.2858657836914,100.46656473487532,98.31984002045797,99.82254517102385,39634604
2711,2006-06-21,103.4880599975586,103.95497285982862,98.53449893576466,99.82253071180966,56845197
2712,2006-06-22,104.66339111328125,106.62764237408464,103.8154389007061,104.11597847192976,42457577
2713,2006-06-23,108.61335754394531,109.10710367196619,102.1946650447607,103.9013027278406,52768668
2714,2006-06-26,105.31813049316406,109.89064477506952,104.9209912706057,108.94609298095834,61659515
2715,2006-06-27,105.8065185546875,108.50602225183584,105.14103247638938,106.58470428011307,109435620
2716,2006-06-28,107.43803405761719,107.9800800430906,103.27339181042214,103.27339181042214,56030177
2717,2006-06-29,108.2323226928711,110.5561467143303,107.49707012050239,109.90139389492956,52730100
2718,2006-06-30,113.7601318359375,114.2055781396114,110.00873581172397,110.00873581172397,52072458
2719,2006-07-03,114.96765899658203,115.89074430056867,113.16440725884091,113.95332631155922,38339251
2720,2006-07-04,115.35406494140625,116.32009061068533,114.63491233949655,114.84958550656822,31663257
2721,2006-07-05,117.4417495727539,117.96232895969715,114.32900655123403,115.2789322739341,38295941
2722,2006-07-06,116.27178192138672,117.10363411110195,114.97300971758868,115.9122020652233,37355775
2723,2006-07-07,110.72789001464844,117.42565595520801,110.15363693095146,117.42565595520801,57829355
2724,2006-07-10,111.98371887207031,112.68676437951197,109.82626100261078,111.20016644641935,39154175
2725,2006-07-11,112.61699676513672,112.99804325615885,111.22163189997612,112.1661838221283,30355671
2726,2006-07-12,117.86035919189453,118.06966570363589,108.52748988285434,111.22162695574754,64260537
2727,2006-07-13,115.43456268310547,117.53298730176733,114.88715005739775,116.59379489908224,29174001
2728,2006-07-14,114.75299072265625,116.24496249090042,112.78337274935578,114.31291106955696,28412300
2729,2006-07-17,110.7064208984375,114.67784955034607,110.31464110094039,113.56155764063925,25732995
2730,2006-07-18,107.80834197998047,111.62950436111683,106.16610404440453,110.87815184524293,55770770
2731,2006-07-19,105.5167236328125,110.5454183966148,104.88343738565874,108.40942703580409,58942316
2732,2006-07-20,106.84231567382812,108.40942049825918,105.75285703990636,107.01405564263116,63024777
2733,2006-07-21,103.85299682617188,106.79937347267159,102.57033173107567,106.26269417611209,58215228
2734,2006-07-24,104.27696990966797,104.65264252755529,101.05688716811063,103.25727787743483,46571895
2735,2006-07-25,106.02655792236328,106.37003067726425,104.86732573130685,105.70455176682572,27579168
2736,2006-07-26,107.32532501220703,107.86200433648077,105.30740731369615,106.26269966354155,25801706
2737,2006-07-27,107.3467788696289,109.03195690667586,106.0748471591592,107.86199153298155,40973706
2738,2006-07-28,105.08736419677734,108.26988065785194,104.5453182396061,108.26988065785194,31577196
2739,2006-07-31,105.06053161621094,107.1213824625599,104.77072536157893,106.04802384093423,29046931
2740,2006-08-01,105.36107635498047,106.36466857850694,104.54532404900753,104.54532404900753,30444199
2741,2006-08-02,106.35928344726562,106.74032986623187,105.08198512700356,105.08198512700356,18028876
2742,2006-08-03,106.04803466796875,108.19475929547768,105.33424867558388,106.79938721283379,34767693
2743,2006-08-04,103.87982940673828,107.28238558296741,103.28411696770554,106.04802034278067,43700494
2744,2006-08-07,102.50057220458984,103.9764439522981,102.183932687961,103.90130368684538,21285415
2745,2006-08-08,104.8834228515625,105.15713631623547,102.5059325504205,102.55959904738131,19332271
2746,2006-08-09,106.04803466796875,106.9496605878417,104.11598321971945,104.88343571564741,29473831
2747,2006-08-10,105.07662963867188,106.26269504956763,103.81543113186437,106.048021896162,23640138
2748,2006-08-11,108.5167465209961,108.94609280449686,104.65264429966126,105.82260969791213,48343496
2749,2006-08-14,110.47564697265625,110.77081989865607,107.57220323426962,108.94610867558593,23130442
2750,2006-08-16,112.32718658447266,113.23954573905846,110.99622156744347,111.09282126683347,36026229
2751,2006-08-17,114.43096923828125,115.27892858250222,111.42019266449766,113.66888345751396,46844190
2752,2006-08-18,113.33615112304688,115.76194868026704,112.59553189531614,114.63491630542153,18878851
2753,2006-08-21,114.59197998046875,115.37553238872697,112.16618248936086,113.23954833260018,20695564
2754,2006-08-22,114.29144287109375,116.44889357402658,113.2985839229004,115.9229475238048,27080339
2755,2006-08-23,113.98017120361328,115.26820309181254,113.25565192304737,113.99090450413631,20861526
2756,2006-08-24,118.8049087524414,120.19490679468898,112.91752230447413,113.77621488254337,49476974
2757,2006-08-25,119.21278381347656,120.75305523916556,118.17699178035072,119.67969665884041,41967707
2758,2006-08-28,120.4417953491211,120.63499474399998,118.83711688604862,119.4650292495782,18145464
2759,2006-08-29,120.09294891357422,122.35236582692544,119.67970254388867,121.2790071938197,34556191
2760,2006-08-30,121.16092681884766,121.82640565480813,118.83173656281448,119.67968863802865,28771180
2761,2006-08-31,119.93193817138672,121.91229638951712,111.62949466676082,111.62949466676082,44955888
2762,2006-09-01,120.48472595214844,121.1180049518918,119.67969983048425,119.67969983048425,18774303
2763,2006-09-04,121.46148681640625,122.14307283986241,120.7584341936368,120.7584341936368,21722805
2764,2006-09-05,120.85502624511719,121.82641129785162,119.78703433649791,120.75305273974354,13024825
2765,2006-09-06,122.09476470947266,123.00712383228738,120.64572627856214,120.86039226973126,31321902
2766,2006-09-07,120.82819366455078,121.8264191945194,120.24858115201627,121.8264191945194,24551500
2767,2006-09-08,121.37561798095703,121.76739057564093,119.41135969747138,121.289737255256,39334302
2768,2006-09-11,116.74943542480469,121.82106295740276,116.24495599653476,121.5044234435108,41672348
2769,2006-09-12,118.8049087524414,119.11618158770275,115.18231287324828,117.21096369956199,50741607
2770,2006-09-13,119.80314636230469,120.78526481302401,119.25036707905858,119.33623347953586,35040119
2771,2006-09-14,120.89796447753906,122.03036339228508,119.76557272787944,120.2163784688065,27713657
2772,2006-09-15,122.42752075195312,122.79245296503767,119.59921011950348,120.96774890909273,26321350
2773,2006-09-18,121.66004943847656,123.50621980928679,120.76915698415344,122.8997812663715,24127707
2774,2006-09-19,119.9856185913086,122.94272871322686,119.03569288389212,121.82642252615014,26778672
2775,2006-09-20,121.09117126464844,121.48295821284628,118.61171446027716,119.57237347782703,27366195
2776,2006-09-21,122.24503326416016,122.76024598308912,121.3165813391634,121.62786136254324,32394562
2777,2006-09-22,124.08047485351562,124.39174052165829,121.07506518007109,121.79958435117855,46463515
2778,2006-09-25,124.8425521850586,126.11985773236127,124.08047364033318,124.48835332477319,37707061
2779,2006-09-26,126.5599594116211,126.87122513107,124.52593444874748,124.93918801982927,33132674
2780,2006-09-27,126.01788330078125,128.4597875749562,125.61000361934464,127.30054832295136,21181864
2781,2006-09-28,125.36851501464844,126.6565540339511,124.83183567248247,125.71199495249726,33521163
2782,2006-09-29,125.77103424072266,127.7084450737843,125.4865946216052,127.7084450737843,17727148
2783,2006-10-03,124.70303344726562,126.26477875492976,124.5098340470112,125.07333946284005,9095349
2784,2006-10-04,123.33448791503906,125.26116520518505,122.68510184239996,125.04649922919127,44511779
2785,2006-10-05,123.96240997314453,124.98210204070669,123.50086378496849,124.5098225535073,35692547
2786,2006-10-06,124.81573486328125,126.05546678672003,123.65113603669134,125.15384096418765,23645475
2787,2006-10-09,123.80677795410156,125.26117589096101,123.4472052485516,123.9731512647757,14470574
2788,2006-10-10,123.53307342529297,125.02504509772876,123.11981988504186,124.50983237380034,11522501
2789,2006-10-11,122.7173080444336,124.713759044448,122.20209534540318,123.97314705904235,23692513
2790,2006-10-12,125.44901275634766,125.90519947843683,122.60460241978298,122.84074933796188,34037745
2791,2006-10-13,127.80503845214844,128.3685581775147,125.90520142869822,125.90520142869822,47385989
2792,2006-10-16,130.24156188964844,130.84264096524691,128.15924455801854,128.2665775482732,38044671
2793,2006-10-17,130.43478393554688,131.14319604665934,129.350677674196,130.41331733612446,22184239
2794,2006-10-18,129.71560668945312,131.00364547149624,129.03939456872894,129.03939456872894,21577563
2795,2006-10-19,128.49200439453125,130.30597510721762,127.36496489023878,130.30597510721762,32234690
2796,2006-10-20,129.184326171875,130.87485679968222,128.80327251480946,129.42583259444376,33183754
2797,2006-10-23,128.1431427001953,128.89984739299143,127.91236962240366,128.80324770860284,15570647
2798,2006-10-26,126.11449432373047,128.15925239895816,125.58318882437774,127.72990608149924,21219811
2799,2006-10-27,131.23977661132812,131.7120560599431,126.66726262939959,127.07514228913587,41792532
2800,2006-10-30,132.68345642089844,133.0966955679028,130.10737886427378,131.4866578426408,17880493
2801,2006-10-31,131.59402465820312,132.98939677758665,130.7621723361211,132.56005040776287,17921966
2802,2006-11-01,135.7156982421875,136.10211132650744,130.96071793487417,131.0573176234112,48093538
2803,2006-11-02,137.749755859375,139.4295533381743,135.0824516705021,136.1021439542987,36317956
2804,2006-11-03,138.21665954589844,138.66747252384906,136.10214190110813,138.4635398022363,28470721
2805,2006-11-06,140.0198974609375,141.14692262806605,137.41699337932099,138.034179628295,30595173
2806,2006-11-07,138.60302734375,141.24886402396515,137.9429080446279,140.39553103744345,31880044
2807,2006-11-08,134.4115753173828,138.96798272795377,133.24161702017705,138.60305054764876,42717762
2808,2006-11-09,135.3078155517578,135.95184212136132,133.50457841531403,134.81406949115328,35843381
2809,2006-11-10,137.9590301513672,138.86065600376594,134.50818108566025,135.99479327816238,30040836
2810,2006-11-13,137.96978759765625,139.10754612892208,137.60484104473485,138.24885341505097,9861469
2811,2006-11-14,137.3257598876953,139.09681180576385,136.57977400141988,138.50646594313244,14216391
2812,2006-11-15,135.52786254882812,138.01805958135796,135.03949027656134,137.60482040250358,18325127
2813,2006-11-16,135.86061096191406,137.60482223785485,134.7228525861492,135.78010405281225,14140848
2814,2006-11-17,135.1629180908203,136.5314638970921,134.42230611440397,136.31678358250107,10982566
2815,2006-11-20,135.13609313964844,136.0913854386566,131.5134971459523,131.5134971459523,24385013
2816,2006-11-21,136.7515106201172,137.21841632495372,135.15219163453364,135.9947914914695,16005333
2817,2006-11-22,137.1915740966797,138.51717228702293,136.5636546390945,137.3793996553672,15767608
2818,2006-11-23,136.52610778808594,138.44206643327274,136.20946825491828,137.3901599826857,16107904
2819,2006-11-24,135.4956817626953,136.78908030715328,135.06097592440983,136.31680075177584,18410392
2820,2006-11-27,134.47598266601562,136.20946077542052,134.23985006549836,135.45811544360103,15857501
2821,2006-11-28,134.2451934814453,136.28457756249543,133.08596855731648,134.0949272991028,27266564
2822,2006-11-29,134.09494018554688,135.8552443383818,133.7568340776985,134.71748590239258,15458547
2823,2006-11-30,133.57432556152344,135.35073645553135,133.10204614077838,134.27737804388448,23547891
2824,2006-12-01,135.35614013671875,136.19872567267242,133.64412865002106,133.64412865002106,19952019
2825,2006-12-04,135.23268127441406,136.9607996364353,134.77113511332695,135.7800938226483,21858012
2826,2006-12-05,137.3418731689453,138.93580420356676,135.7801277073647,137.39016585868157,32943928
2827,2006-12-06,137.53506469726562,139.4241828982413,136.33290638583065,137.90537072808922,27990519
2828,2006-12-07,139.64422607421875,140.50291879166664,137.4975086107735,137.4975086107735,33453887
2829,2006-12-08,136.22557067871094,140.07356629220024,135.78011722335754,140.07356629220024,25528483
2830,2006-12-11,133.0967254638672,137.39016036228338,131.62622028531428,137.39016036228338,39687399
2831,2006-12-12,129.3828887939453,135.13610990017042,126.26478614147412,132.88204511447046,60181243
2832,2006-12-13,132.92498779296875,133.3221199022214,128.9106045278769,130.40257625315854,45985404
2833,2006-12-14,135.18438720703125,136.6817181429449,132.99472270643267,133.63337544953106,26296213
2834,2006-12-15,134.56723022460938,136.31680121443648,133.68707091430403,135.887454859893,21131992
2835,2006-12-18,138.36691284179688,139.32220521418515,133.4240919928455,135.24343652138518,22069305
2836,2006-12-19,134.55111694335938,139.30073838196705,132.02336027992578,139.30073838196705,36971040
2837,2006-12-20,134.05203247070312,136.8534958941733,132.37758006753145,135.24345763204175,36757166
2838,2006-12-21,135.39906311035156,136.05918249846573,133.4294382450799,134.38473052272786,20249661
2839,2006-12-22,136.59048461914062,136.8534576050154,134.84091392296878,135.40979308994912,12273869
2840,2006-12-26,137.06814575195312,137.9160907364382,135.8874398250506,137.9160907364382,14411909
2841,2006-12-27,138.82308959960938,139.3114618856964,137.44382480607686,137.92682327739618,20441871
2842,2006-12-28,136.82127380371094,139.85888370465582,136.12895445391428,139.21487137026244,35820527
2843,2006-12-29,136.3328857421875,138.14149675079366,135.80156595480068,137.39551098678913,19637297
2844,2007-01-02,137.4867401123047,138.0126860428057,136.34896753740443,136.8534468719736,10061125
2845,2007-01-03,137.8785400390625,138.5601260905338,136.89104776971683,137.9268327244158,13034467
2846,2007-01-04,137.44381713867188,139.5368677183174,137.06813735176394,138.46350918158493,26444841
2847,2007-01-05,138.2649383544922,140.82489463924273,136.853459387295,136.853459387295,26660981
2848,2007-01-08,137.0520477294922,138.89285885802983,135.95186297052732,138.89285885802983,19173370
2849,2007-01-09,137.20770263671875,138.9787546716742,136.5314903247373,138.9787546716742,22409750
2850,2007-01-10,136.65489196777344,138.56011709725678,135.68350687670932,136.8534651717813,42113055
2851,2007-01-11,139.16119384765625,139.5368736505357,135.8015708805266,136.85346286445105,19496132
2852,2007-01-12,143.7766571044922,144.36700295591365,139.00020946101478,140.47071460446233,39190014
2853,2007-01-15,146.5083465576172,147.26506565619616,144.47432184731343,146.49225377369672,28151257
2854,2007-01-16,144.5762939453125,147.2650642191617,144.2703877520819,146.72838492733243,15692397
2855,2007-01-17,144.8875732421875,146.19170491804448,144.38309385053344,145.76235862065363,13686536
2856,2007-01-18,146.7713165283203,148.62823459615123,144.79633217020873,145.44034444736656,30901337
2857,2007-01-19,148.41893005371094,153.2758841045208,147.50657095644982,153.2758841045208,56511743
2858,2007-01-22,147.46365356445312,149.72843727128432,147.16310682284882,148.6604523854051,13715121
2859,2007-01-23,146.0360565185547,148.20424014903847,145.7247765300458,147.16308152805,10620755
2860,2007-01-24,146.99671936035156,147.52267969010526,146.00386767284223,147.52267969010526,14724968
2861,2007-01-25,147.1147918701172,148.09155071978006,146.2507398227694,148.09155071978006,22136178
2862,2007-01-29,148.37062072753906,149.61572641254332,146.54054307702145,147.0503962790743,14797851
2863,2007-01-31,146.66934204101562,149.08977979153465,145.82675657075117,148.7624070055863,23624188
2864,2007-02-01,147.86614990234375,148.55310974425308,146.41175196594546,146.83572446965294,8045902
2865,2007-02-02,147.59243774414062,149.59426254684232,146.84109246391577,148.52090395785103,14278285
2866,2007-02-05,148.91268920898438,149.30446183133904,147.26507747281158,148.12377014908856,8424574
2867,2007-02-06,149.11126708984375,151.12918491106487,142.75696688103443,142.75696688103443,15368716
2868,2007-02-07,149.72303771972656,150.24898362915846,148.25789245047324,150.05578427351134,13360974
2869,2007-02-08,149.95384216308594,150.59249499538308,148.23109739244626,149.9431088633038,8767390
2870,2007-02-09,149.39031982421875,151.00035775398374,147.0504031918226,150.32414554932743,13458978
2871,2007-02-12,145.8643341064453,148.87510338335053,145.24714789993874,148.87510338335053,11095995
2872,2007-02-13,146.62107849121094,148.6604630355728,144.0450145578157,145.5477197131442,12632180
2873,2007-02-14,147.80714416503906,148.8429292243769,144.07184071225825,146.5298383338407,12438544
2874,2007-02-15,151.01644897460938,151.74096811627695,148.392078683891,148.392078683891,17888402
2875,2007-02-19,152.4977264404297,153.49057829951326,151.3438607327135,151.3438607327135,13674777
2876,2007-02-20,151.8375701904297,155.03617916443426,151.37066453475867,153.38320818426126,28700335
2877,2007-02-21,150.9949951171875,152.9538724079832,149.30445031066455,149.30445031066455,13364272
2878,2007-02-22,151.5638885498047,153.05586029301432,150.27049002869444,151.8805280760736,32546891
2879,2007-02-23,151.69268798828125,154.9610710962541,150.49588917189266,152.84655360320065,32824943
2880,2007-02-26,150.97354125976562,153.46909805989057,147.31874503923086,152.4172059724221,63419942
2881,2007-02-27,150.85546875,151.89125367935057,140.08429426671475,140.08429426671475,26148818
2882,2007-02-28,145.17202758789062,148.12377114350699,142.88040349421235,144.91441405120852,61743983
2883,2007-03-01,146.80892944335938,147.58711533236115,141.58165374590175,147.58711533236115,34581643
2884,2007-03-02,141.27569580078125,147.15771509792336,140.3955366997871,147.15771509792336,41534412
2885,2007-03-05,135.17364501953125,139.64420007099562,133.9768607175418,139.5368670838448,47152367
2886,2007-03-06,139.30609130859375,140.27747631882443,135.5976291977955,136.74612079849385,31088166
2887,2007-03-07,138.31861877441406,142.6496271422116,135.3615014705553,140.71757581646654,30188258
2888,2007-03-08,143.35267639160156,143.83031539661613,138.46352220805278,141.5762651234542,29274218
2889,2007-03-09,141.4904022216797,144.88221101501236,140.07356362602465,143.61565295007546,21098499
2890,2007-03-12,141.22206115722656,143.25071226811065,140.28823535536338,142.74623281550893,18864108
2891,2007-03-13,142.4081268310547,142.93943237030572,140.1003955752292,141.22206130167746,13837877
2892,2007-03-14,137.9644012451172,140.50290543862246,135.37760436807696,140.50290543862246,23510172
2893,2007-03-15,137.7550811767578,140.5994912966437,137.2828017065497,139.42951875467472,25017125
2894,2007-03-16,139.55299377441406,140.15944679442558,136.96083701912477,137.7551156472008,22468407
2895,2007-03-19,140.9912872314453,141.46892626505536,139.22560915736338,139.65495550418734,10332291
2896,2007-03-20,142.00025939941406,143.29365804586212,141.25427345551887,141.46893948390218,10261183
2897,2007-03-21,145.13778686523438,145.54937436633233,141.34688132030448,142.97155512527442,10490395
2898,2007-03-22,148.95578002929688,149.46484536680194,145.89597979962417,145.89597979962417,21121580
2899,2007-03-23,149.0424346923828,149.88186329055142,147.30402940014105,149.03702648746093,16677657
2900,2007-03-26,147.79684448242188,149.79519050997732,146.22090236394297,149.79519050997732,12894448
2901,2007-03-28,146.22088623046875,148.82036691709115,145.41396485381085,147.30400197819156,18664269
2902,2007-03-29,147.000732421875,148.27880375283019,145.78763183777426,147.73724589829087,23169325
2903,2007-03-30,148.4196319580078,148.917866382854,146.5674955529121,147.30400909117043,23147171
2904,2007-04-02,142.31626892089844,147.17405136728163,141.37395433383853,146.76246385724576,28788942
2905,2007-04-03,145.21902465820312,145.78765253294776,141.83428397174475,143.02570852877142,23283681
2906,2007-04-04,147.65603637695312,148.2734103683704,145.97178564143184,146.00427824832542,17412059
2907,2007-04-05,147.17945861816406,147.82391699003878,146.45918416614617,147.6289468949463,10617290
2908,2007-04-09,149.93600463867188,150.33674680445205,147.52064847244677,147.8455890132488,9728896
2909,2007-04-10,149.9468231201172,150.55336621379016,148.45211989261676,150.49921187153709,11596942
2910,2007-04-11,150.1851043701172,151.46319024685167,149.15073472765872,150.02804954512186,14678962
2911,2007-04-12,150.28257751464844,150.87830419029044,148.6308339526122,149.90349712525224,9616770
2912,2007-04-13,152.93080139160156,153.35862791018042,148.9557571301718,148.9557571301718,13299955
2913,2007-04-16,157.89149475097656,158.56844574331672,153.50486273212846,153.59693234737668,14851941
2914,2007-04-17,159.8465118408203,161.1679211748346,157.3066081138646,158.67674912575097,33423430
2915,2007-04-18,160.8809051513672,162.02358353054927,159.54325666820623,159.54325666820623,20053251
2916,2007-04-19,161.63906860351562,162.41349737704272,158.2001739279938,158.7038165337855,19251241
2917,2007-04-20,166.95716857910156,167.34167159816897,161.92607888760278,161.92607888760278,20879952
2918,2007-04-23,168.3489990234375,168.9663730216097,165.207960226722,167.12508189617614,21884768
2919,2007-04-24,171.4521026611328,172.17237700151904,166.91383928055026,168.3164726969081,20824121
2920,2007-04-25,173.1255340576172,173.29884241500082,169.2913053646389,171.34922823261516,18046358
2921,2007-04-26,172.95765686035156,176.1799196779582,171.56583968697672,174.38195217784485,54287817
2922,2007-04-27,166.71348571777344,174.5985749056654,165.93363426357956,174.5985749056654,27450567
2923,2007-04-30,169.08010864257812,170.26612498818815,162.57599083864616,167.86159968889933,20872174
2924,2007-05-03,176.13119506835938,176.54819074045292,170.59103947412828,170.59103947412828,32242197
2925,2007-05-04,171.4738006591797,177.19806686801772,170.8185113816888,176.57528465857786,32242949
2926,2007-05-07,174.0028533935547,175.24844658802027,172.86558333893146,173.84039037444788,24784859
2927,2007-05-08,172.55691528320312,174.85854004475846,172.21573567546952,174.2195043058009,18773874
2928,2007-05-09,173.1092987060547,173.29884614013199,170.42857914765122,172.21573034006653,20192089
2929,2007-05-10,171.28424072265625,174.36029411478148,170.5910362233017,174.05701533875904,15843099
2930,2007-05-11,172.1182403564453,173.29884845182517,165.85241638171533,167.9915636081819,29450679
2931,2007-05-14,175.49215698242188,176.2232478345965,173.84039892869154,174.38195681280072,16711929
2932,2007-05-15,173.13636779785156,176.10411259488993,172.59480990047746,175.519231222561,30350894
2933,2007-05-16,177.05726623535156,178.49781522620586,173.14720675452412,173.40716207683477,24876581
2934,2007-05-17,182.53240966796875,183.0198132102239,178.1836930575887,178.1836930575887,24973307
2935,2007-05-18,183.96214294433594,184.7798952734092,180.89151194184745,182.48369312246217,20283846
2936,2007-05-21,190.7316131591797,191.71182839745518,184.58491485372178,185.21311965407,28342277
2937,2007-05-22,192.71372985839844,193.33651202696464,188.26211276383245,191.60352968677054,34401499
2938,2007-05-23,190.2117462158203,194.7229263141704,189.54562604531992,192.79497368523008,14032887
2939,2007-05-24,187.07611083984375,190.62873720068976,185.97674145251443,189.5510295520054,24716385
2940,2007-05-25,187.16818237304688,188.13756687797863,184.24916906793874,184.26542260230846,21165870
2941,2007-05-28,186.7186737060547,189.5456173015118,185.89551319467895,188.45167060241502,13474797
2942,2007-05-29,190.29295349121094,191.4952232896119,185.51641028479045,186.51287911892737,20311599
2943,2007-05-30,189.8542938232422,192.79495415165016,188.6899393090903,189.54560684095705,26982519
2944,2007-05-31,190.49874877929688,191.90138237519915,189.2206629386216,190.08716132347132,16331017
2945,2007-06-01,189.68099975585938,192.78412310886495,189.25858142455468,192.01511698608036,13167670
2946,2007-06-04,188.6737060546875,191.6035356049489,188.3054420541125,191.6035356049489,12200442
2947,2007-06-05,189.04737854003906,189.65392165571998,186.52912200148626,188.35417401317028,15844324
2948,2007-06-06,183.18768310546875,190.41208866844826,182.21287610501724,189.65389901901383,23865990
2949,2007-06-07,180.78858947753906,184.86653421828595,179.79754335880057,181.20558512831693,22658622
2950,2007-06-08,179.47804260253906,183.89716769423742,178.4003493498697,180.23080975611035,30218286
2951,2007-06-11,180.46365356445312,194.9611829625835,179.8246178718425,194.9611829625835,18858124
2952,2007-06-12,184.01087951660156,185.41351317984532,180.08998932037176,181.4113986976876,26005430
2953,2007-06-13,181.46554565429688,185.191465599651,180.8806643014067,183.94588681521952,19604810
2954,2007-06-14,183.7021942138672,184.45496129441273,182.5053470471939,182.61365573638628,17465782
2955,2007-06-15,182.16958618164062,185.2131472865313,180.6803054680514,184.1300314111137,17472641
2956,2007-06-18,181.05397033691406,183.89174480507407,180.50158155211702,183.89174480507407,12464749
2957,2007-06-19,187.0056915283203,187.422701662405,180.8914998744624,181.05396290436883,19266710
2958,2007-06-20,187.69891357421875,189.41565702877327,186.51289719403297,187.00570899432964,17149940
2959,2007-06-21,187.85052490234375,189.27482025724828,186.42622954743922,187.92093277761816,14187474
2960,2007-06-22,184.6824188232422,187.92095001592517,183.9838060521829,187.92095001592517,17986039
2961,2007-06-25,185.12107849121094,185.64638285569234,183.7834155893376,184.9965162703933,25281291
2962,2007-06-26,184.48202514648438,186.29624624210322,184.13001468801005,185.1048217794397,12617428
2963,2007-06-27,183.9729766845703,186.28543240589696,183.33394092056378,184.0217228277742,13754039
2964,2007-06-28,183.26351928710938,185.73302966186037,182.65156797312045,185.10482481454306,24648261
2965,2007-06-29,184.18959045410156,185.32143790182914,182.93858899255966,184.1300134471944,23062353
2966,2007-07-02,182.4295196533203,185.42975692055512,181.8608773796601,184.56325853986482,23953923
2967,2007-07-03,184.9207000732422,185.52182051858048,181.54136780301533,181.54136780301533,23453510
2968,2007-07-04,186.09588623046875,187.55809701129945,185.1048399690293,185.32145736154936,19068174
2969,2007-07-05,185.1968994140625,186.8378122233302,182.017945360661,186.0796369307334,15396233
2970,2007-07-06,185.20230102539062,187.43894047261054,182.50534243052795,185.6463811002849,13805731
2971,2007-07-09,185.31602478027344,186.23667749826018,184.23831724314877,184.44411819941163,13210342
2972,2007-07-10,184.42247009277344,185.76011856558833,183.58846425875979,185.76011856558833,9858905
2973,2007-07-11,184.48744201660156,186.16626997225126,182.6298975050777,185.97131434426396,10772489
2974,2007-07-12,186.22584533691406,186.84862748438323,184.84487349974245,184.84487349974245,12406162
2975,2007-07-13,192.04220581054688,193.9539048974402,186.97321425733463,187.35771735653506,38976595
2976,2007-07-16,192.43753051757812,193.76977078927501,191.41399170382314,192.794963655924,13185327
2977,2007-07-17,197.97767639160156,199.1636926417292,192.80578485574168,193.76976107172183,31204282
2978,2007-07-18,197.4144744873047,199.18537225495578,195.34572057938433,198.75212301626232,26883867
2979,2007-07-19,205.01251220703125,206.7671706706552,196.82414460462067,197.45234941116098,33599436
2980,2007-07-20,204.94212341308594,207.417041887108,203.73444544873618,205.6840595809443,31593917
2981,2007-07-23,206.78883361816406,207.41703842838461,203.08456104456283,203.62613337042384,20646199
2982,2007-07-24,207.15708923339844,209.15002686417816,206.65886928614196,207.09210402288673,20243493
2983,2007-07-25,206.07398986816406,207.0921205014048,203.0845831841245,205.25082934241092,19721223
2984,2007-07-26,210.3360595703125,211.04550319791855,206.4422536157587,206.87550284685273,33158301
2985,2007-07-27,202.27223205566406,209.6915936317665,200.918330158012,207.93693515284036,57384677
2986,2007-07-30,200.2413787841797,205.66780277096314,199.2936561340976,204.16769138694957,24399424
2987,2007-07-31,205.0883331298828,205.98732411901204,198.53548428784214,202.00144890397598,19654919
2988,2007-08-01,194.71751403808594,202.97629113904526,194.1488861240052,201.67655779791144,36609150
2989,2007-08-02,195.02073669433594,199.26114405785435,194.09467587096452,198.96869618708618,20934716
2990,2007-08-03,195.08575439453125,199.14203769391764,194.52795741835388,196.15263112770356,26123969
2991,2007-08-06,192.8112030029297,194.09469703934576,189.69723439379732,193.11988997771957,19342158
2992,2007-08-07,196.06597900390625,197.23574173010496,194.12177302401386,196.0443172667707,27077163
2993,2007-08-08,203.13330078125,204.15685393551823,196.99743344061383,197.45234434690664,28523314
2994,2007-08-09,199.921875,207.14626698187854,198.8062665855981,204.3843231180467,32078790
2995,2007-08-10,195.94142150878906,197.1274377966505,192.3833726452047,197.1274377966505,29431457
2996,2007-08-13,198.1239013671875,198.94706183667446,195.77895325627998,197.34404991142236,13780410
2997,2007-08-14,198.5408935546875,199.29366059568292,194.9611831116636,194.9611831116636,8919702
2998,2007-08-16,188.35958862304688,194.0946997255357,186.83780100405951,194.0946997255357,35041064
2999,2007-08-17,189.85971069335938,192.1342654830168,182.3103925626364,185.32144644347173,52133783
3000,2007-08-20,194.74456787109375,199.8352206556497,192.90326238970343,194.96118524046273,20630590
3001,2007-08-21,189.2044219970703,196.33674391784967,187.9534205697231,194.96118027606784,33584247
3002,2007-08-22,191.30026245117188,194.28966909824283,185.78719099076895,189.2206777332859,37659201
3003,2007-08-23,188.895751953125,195.82771119449419,187.92095919335927,194.85290397428787,26753018
3004,2007-08-24,192.3996124267578,193.01157816250813,188.68993166472123,190.14671956918,14865687
3005,2007-08-27,198.62213134765625,199.33698311578817,194.0946982549853,196.9107963147577,17956745
3006,2007-08-28,203.8968963623047,204.70924035595428,197.88559129852248,198.62211921871312,28190228
3007,2007-08-29,204.67677307128906,206.20396897832995,199.83523003428488,200.81003716307177,23266768
3008,2007-08-30,207.0975341796875,208.50016784173928,203.7344554211869,205.79237833692986,36922515
3009,2007-08-31,212.38858032226562,213.3742183740146,205.6678305381477,205.7923927684226,31770666
3010,2007-09-03,212.0690460205078,214.34900896044667,210.12484001124295,212.38856387830413,17448851
3011,2007-09-04,213.6882781982422,214.11611916605324,208.09398315730914,212.7243020452971,17767160
3012,2007-09-05,212.78932189941406,215.97368409029912,211.31628036081088,215.21549435317087,21831606
3013,2007-09-06,214.7659912109375,215.3238026063929,210.44976737756073,210.55807605810412,13398046
3014,2007-09-07,212.6051788330078,215.54043098844613,211.749525752526,214.78225572543758,16099767
3015,2007-09-10,215.0638427734375,216.08197326993226,210.55807161399122,211.74951045613548,13639157
3016,2007-09-11,215.55123901367188,217.54417646811987,214.9988503127583,215.54040814621158,18968079
3017,2007-09-12,218.04786682128906,218.89811173752832,215.757058470908,216.1903076959742,21066003
3018,2007-09-13,219.60211181640625,220.41445584374375,218.1020004353791,219.33134011425244,17281779
3019,2007-09-14,220.3873748779297,224.30284220537948,219.68335398091997,220.41445927878618,22388716
3020,2007-09-17,219.6887664794922,223.05726779569844,218.89809862098625,219.87290570386423,12641000
3021,2007-09-18,222.9110565185547,223.55551491963135,218.34572228648364,218.78978791887224,21998267
3022,2007-09-19,235.45896911621094,236.42294537105343,225.28308578641875,231.24564542244974,28944037
3023,2007-09-20,237.23529052734375,238.47546117546435,234.71162575522402,235.6864328833691,23858535
3024,2007-09-21,246.99957275390625,249.0087637909438,236.28752643315977,236.5528899229159,25276339
3025,2007-09-24,255.12841796875,257.67374473608885,247.6007463673775,249.11712601815708,34178621
3026,2007-09-25,259.9049072265625,262.7643430856785,250.76883164869963,250.76883164869963,29360349
3027,2007-09-26,251.49453735351562,261.57294273620784,250.74175582188388,259.83994588890533,34436400
3028,2007-09-27,251.09918212890625,256.69890020324215,249.70736491636112,252.44223874258694,30579013
3029,2007-09-28,248.90591430664062,254.53270308287156,245.32620333322004,254.53270308287156,30223702
3030,2007-10-01,248.27224731445312,252.25268538393746,245.02830828499935,250.20019970216845,38920492
3031,2007-10-03,259.504150390625,264.28072214579265,242.0767924800105,249.3336907982235,58659731
3032,2007-10-04,262.7535705566406,264.2645130167214,255.83242797664465,257.78204234612184,30557209
3033,2007-10-05,269.96710205078125,272.40411974087095,262.1144766401024,270.21619756332785,35575321
3034,2007-10-08,262.24444580078125,274.24536472612556,258.41561135160623,271.3209727554538,32690288
3035,2007-10-09,281.610595703125,283.65226484348045,238.0367575842705,252.47472335033996,36199645
3036,2007-10-10,283.60357666015625,290.7088292935231,279.6880945350214,285.390713457466,43742833
3037,2007-10-11,284.9195556640625,288.0010173965604,279.7043404574311,288.0010173965604,42900147
3038,2007-10-12,277.90093994140625,295.11707537724726,275.3122900690911,285.1307543376678,87039965
3039,2007-10-15,288.797119140625,290.27555441844635,279.03279450508916,279.99678520697375,43056335
3040,2007-10-16,287.194091796875,292.4363768692841,283.6685500305913,287.5677784589108,49332781
3041,2007-10-17,291.09332275390625,292.98335997621956,243.8097983665118,272.7290568471833,75476314
3042,2007-10-18,279.7855529785156,323.7438666281938,273.595531230853,297.857369378247,66271385
3043,2007-10-19,267.4542541503906,292.4417761198425,262.08199881763505,284.2100847658071,46568956
3044,2007-10-22,261.03680419921875,268.938132554052,256.8938595673188,259.9482512885928,44200234
3045,2007-10-23,281.5943603515625,283.1269643566614,265.9053922221485,267.53008029782717,42698443
3046,2007-10-24,283.24072265625,287.1020358024732,276.90988468290993,285.94308946984194,37642822
3047,2007-10-25,284.6487731933594,288.95416654823936,280.76579819125755,282.1521783485303,36587556
3048,2007-10-26,292.2576599121094,293.93648786211855,282.18466329117774,287.0261915138731,34497805
3049,2007-10-29,306.2948913574219,308.1470133277059,296.23271044170855,299.482057886741,39456350
3050,2007-10-30,299.9694519042969,309.1705422952916,296.8067515114344,307.49712248556926,38271801
3051,2007-10-31,301.518310546875,305.27672318610587,298.29062493117175,299.80700438175194,36337643
3052,2007-11-01,290.3405456542969,307.4971337974931,287.0316211834342,305.4392108466643,52379007
3053,2007-11-02,293.8823547363281,295.1496098491398,279.11946025516517,279.11946025516517,33839830
3054,2007-11-05,288.23388671875,296.23270748899694,285.18490314930335,293.882336649961,38966769
3055,2007-11-06,288.7808837890625,298.39895615065967,287.16160373395803,292.30101758415265,26487784
3056,2007-11-07,300.1210632324219,303.7061817121406,292.44176102383744,298.3989118637731,30466913
3057,2007-11-08,297.0829772949219,302.70976596029965,287.242850156104,297.85742063254605,31842605
3058,2007-11-12,289.7989501953125,292.95080480943454,281.82720067854274,287.02616146755054,39563331
3059,2007-11-13,291.6944580078125,295.0196361303476,288.1093390201733,290.92545182143976,37113194
3060,2007-11-14,312.8531799316406,313.99587281695267,295.69118275468225,295.69118275468225,53647963
3061,2007-11-15,311.4072265625,315.1873012944587,308.68857705652994,311.93795363593443,23093037
3062,2007-11-16,312.1166687011719,317.1369288281669,305.6558594692627,308.6885898605217,22269626
3063,2007-11-19,308.7860412597656,314.75400896059324,307.7137418803293,312.49572223180485,15561048
3064,2007-11-20,301.63201904296875,309.5550081452807,298.9621307224546,306.5222785401801,33284548
3065,2007-11-21,293.47076416015625,303.0455125139125,291.35867243166985,300.02362780179294,37514807
3066,2007-11-22,295.1225280761719,299.99112663498124,288.75921174452543,299.99112663498124,30793018
3067,2007-11-23,304.4860534667969,306.8472695774078,294.61885745236674,297.86279658154695,20879620
3068,2007-11-26,312.4306945800781,314.50487072020104,306.31650375254947,309.3600497369904,26472035
3069,2007-11-27,307.962890625,313.5626092330576,305.98079812103236,313.5626092330576,21357048
3070,2007-11-28,302.43896484375,310.7247959017767,299.9153002575215,309.2301071731871,20948085
3071,2007-11-29,304.63226318359375,308.0061725778955,303.05633572941156,307.49710731852207,35395334
3072,2007-11-30,308.86724853515625,312.26281950942064,304.7134879105132,305.9807427968534,27007770
3073,2007-12-03,317.88421630859375,318.75071468223194,309.33841550328066,312.82604181327633,21453424
3074,2007-12-04,310.04241943359375,321.20937648526575,308.71017934153645,319.5197033030589,23074751
3075,2007-12-05,314.25579833984375,316.2703978136872,310.3132463440745,315.47972991699896,17131715
3076,2007-12-06,311.2663879394531,323.6355872253762,310.3403125010302,319.5197413759736,21700398
3077,2007-12-07,307.76251220703125,314.6457102185008,303.52751228009174,314.6457102185008,28847057
3078,2007-12-10,305.7586975097656,310.72478781141234,303.4137640000848,308.68852680637286,16149578
3079,2007-12-11,312.54986572265625,313.9904146534296,306.52232094435635,309.2301249052165,27847587
3080,2007-12-12,312.0354309082031,315.1873153407545,307.60547487876687,310.9631603043358,27173714
3081,2007-12-13,306.82012939453125,316.7198311418705,304.93009247229537,312.44694561367214,28950529
3082,2007-12-14,312.8748474121094,314.1041872761293,303.81457183584104,303.81457183584104,31167534
3083,2007-12-17,300.5760192871094,312.8044029223799,293.52490669371446,308.693994162792,31451054
3084,2007-12-18,295.42578125,303.2838150576382,292.7721461269273,301.6482815882904,36252011
3085,2007-12-19,292.8533935546875,301.6374741231219,287.1940982187541,290.2809681796133,33185923
3086,2007-12-20,293.92022705078125,301.5399523066716,291.56444820688444,294.06645099787835,21879693
3087,2007-12-24,302.03277587890625,303.2675236725284,292.2251290954437,299.59032130883145,23564594
3088,2007-12-26,313.7250671386719,315.69634311041585,303.0563576560565,303.2729750329782,27736485
3089,2007-12-27,313.4380187988281,316.92023702987984,311.40719479497074,314.1041533656303,33440220
3090,2007-12-28,313.54632568359375,317.35349887009966,309.36549476454513,312.69608081679627,15896769
3091,2007-12-31,312.2303161621094,317.3534756458247,310.85478150463035,314.4832234049284,11211489
3092,2008-01-01,308.4989929199219,313.9958393705945,307.07469757884,313.02103229687566,10540548
3093,2008-01-02,309.961181640625,312.3711292140353,304.49687156225923,309.2300908474049,27276294
3094,2008-01-03,314.5049133300781,317.3535040909133,306.5493872386654,308.90519516594526,30204199
3095,2008-01-04,324.1771545410156,327.07988519140855,314.53739219907675,314.53739219907675,35463186
3096,2008-01-07,327.1286315917969,328.18467739422744,320.6028382740416,322.2058646121799,27412209
3097,2008-01-08,330.85455322265625,334.0335071933923,324.93531715618406,330.405064939346,42941270
3098,2008-01-09,328.5799865722656,332.517129960333,326.2729394116565,330.09636591720374,22068981
3099,2008-01-10,327.9464111328125,335.4957441492261,326.56003090338714,328.7262626647493,35935303
3100,2008-01-11,338.7558898925781,340.09894645636496,327.64310110466374,333.54608327743665,44021961
3101,2008-01-14,348.8559875488281,350.9301640450684,338.5826262704505,342.15689982163417,24160570
3102,2008-01-15,342.8663635253906,357.2122474879593,340.2397982037193,357.2122474879593,33236461
3103,2008-01-16,335.0787658691406,340.6405692916237,327.6431496873972,336.8496492152076,48600925
3104,2008-01-17,324.5616455078125,342.15687546163605,322.3520905358995,342.15687546163605,41921623
3105,2008-01-18,303.2296447753906,322.22753780319306,301.1067366872836,322.22753780319306,50776299
3106,2008-01-21,275.19854736328125,301.0850752992911,254.01819813614262,301.0850752992911,72442557
3107,2008-01-22,255.33956909179688,269.4796788674675,229.62094372095322,254.77633505566615,76700972
3108,2008-01-23,276.2708435058594,305.98076893898866,259.9482474974051,262.11447903709984,64128524
3109,2008-01-24,269.5771179199219,286.4845779158584,263.7391217442773,280.5274566677755,42719162
3110,2008-01-25,283.278564453125,284.3183566060404,273.4872003968686,278.9027785014545,26217694
3111,2008-01-28,277.9713439941406,281.0365811183835,263.1976339103452,277.8197118294185,26471239
3112,2008-01-29,279.1086120605469,286.4846213357209,275.14980679542117,286.4846213357209,17399346
3113,2008-01-30,267.73583984375,281.3939544716307,265.68876246318547,275.675111710615,21854267
3114,2008-01-31,268.4940490722656,278.3287668883321,256.8072093596329,267.74670468462074,49427967
3115,2008-02-01,275.4097595214844,277.3052338521261,262.11448494888805,269.6963244296993,18456589
3116,2008-02-04,280.6575012207031,286.1597275242992,274.67868773881645,274.67868773881645,25814077
3117,2008-02-05,283.4627685546875,285.293228878177,277.96054225429896,281.6106464922375,15151447
3118,2008-02-06,276.4658203125,278.3612658246811,270.9202706166669,277.26733356300105,19264427
3119,2008-02-07,262.7047424316406,279.4443459787299,260.7172422200622,272.94562344383354,27417100
3120,2008-02-08,262.8077087402344,267.3134950683667,258.8651565484485,263.75003777050796,27651544
3121,2008-02-11,246.62588500976562,261.46460755433037,242.07679043721157,261.46460755433037,41653038
3122,2008-02-12,251.80862426757812,262.11446250357704,244.4596563240717,247.05915136026206,35641327
3123,2008-02-13,258.8110046386719,267.4163542159039,254.5380894341061,256.6989128765856,41541105
3124,2008-02-14,272.5936584472656,274.35369619509873,265.3638443514377,265.3638443514377,25193638
3125,2008-02-15,280.9553527832031,281.6106420671239,267.0968433783963,271.3101816839832,18833476
3126,2008-02-18,276.5957946777344,283.2353056505458,274.89530478911684,281.6106463086808,11414925
3127,2008-02-19,276.6878662109375,283.56024779597635,274.0287938829898,280.5275177183676,14075130
3128,2008-02-20,269.04644775390625,276.19502368056817,266.6635987519783,270.8011063590617,19315507
3129,2008-02-21,270.37872314453125,275.2202523203104,266.59864818072447,271.8625957593173,14064753
3130,2008-02-22,263.6795959472656,268.6132084874867,261.5729413681298,264.5298408330735,17346910
3131,2008-02-25,276.35211181640625,277.81973080487654,261.0368283202421,270.23789068389374,16217938
3132,2008-02-26,279.0815124511719,280.0942347824694,274.2562377376611,277.80884928217546,12791606
3133,2008-02-27,280.3596496582031,285.72649741108347,278.36671179836054,282.15219473861094,23321593
3134,2008-02-28,274.38079833984375,281.6106125222031,272.5882245851095,279.44438104569207,24690014
3135,2008-02-29,266.82061767578125,276.4116477636134,261.0313524137064,276.4116477636134,29196461
3136,2008-03-03,249.76693725585938,259.9265809187261,247.98520881095692,259.9265809187261,26500060
3137,2008-03-04,242.96499633789062,253.23294943977672,239.36903211797403,251.28333516262074,39850780
3138,2008-03-05,248.33181762695312,251.28330867405526,241.22114314547918,242.62919935949077,25698697
3139,2008-03-07,243.51194763183594,246.81005571674146,234.630389167518,246.81005571674146,29082647
3140,2008-03-10,246.36056518554688,247.90398570458566,229.87550541705772,239.46650740908112,45876779
3141,2008-03-11,254.3052215576172,255.07425664890187,238.76249050779055,243.70149698617712,32079079
3142,2008-03-12,257.1971435546875,263.0242952818193,255.6157789472813,261.9845030081846,27963509
3143,2008-03-13,242.94874572753906,251.8248816472045,238.45921306338147,248.03399065900953,35443360
3144,2008-03-14,251.56492614746094,253.4387097940912,241.56774523414953,243.70148418727365,23942995
3145,2008-03-17,236.141357421875,246.19269361256397,233.41189152191168,244.90377674973016,41204921
3146,2008-03-18,232.97862243652344,243.67982435185505,229.62096638614145,243.67982435185505,34696227
3147,2008-03-19,233.85595703125,253.99110630351754,232.34501466634785,243.70149162438292,29746169
3148,2008-03-24,238.31297302246094,239.33652624541278,230.20584382445895,233.95342554342292,26119935
3149,2008-03-25,250.61178588867188,251.81946391163152,239.9105838391856,239.9105838391856,27254936
3150,2008-03-26,249.05755615234375,253.02177039324363,245.9273333907855,252.7997158598877,20401798
3151,2008-03-27,245.95437622070312,250.63342684032966,243.05161685881413,248.0339607007317,36296397
3152,2008-03-28,254.79803466796875,256.4714545726288,241.7139831499192,252.7996886869744,34512259
3153,2008-03-31,245.41282653808594,252.90799026759498,243.71233673843372,249.6586428329828,27093559
3154,2008-04-01,254.01821899414062,257.24049666495966,242.9974839121453,249.0088044735536,26807230
3155,2008-04-02,253.83404541015625,265.6671085645929,252.36642663958622,259.40669331198217,32063820
3156,2008-04-03,259.5204162597656,261.8978569221536,254.0994293047224,254.53266403646103,17304422
3157,2008-04-04,251.40789794921875,261.5621052577421,250.3843302068091,258.3236030917286,21753752
3158,2008-04-07,260.4790344238281,263.16517718971664,244.37848920695686,244.37848920695686,23036200
3159,2008-04-08,257.9715881347656,262.42320565504224,255.61040073573787,259.94827243530267,24671220
3160,2008-04-09,261.9249267578125,263.3925454000357,254.64635270418069,255.0742081054547,19966184
3161,2008-04-10,267.3838806152344,272.88069857352804,260.5981458397251,262.6560688312348,32081433
3162,2008-04-11,276.3628845214844,278.0363042290808,267.0426696051615,275.1118831238177,37507186
3163,2008-04-15,282.88873291015625,285.6181989255774,269.30100876943084,272.39331616177094,37333368
3164,2008-04-16,286.2138366699219,288.7591627708925,283.26775402104596,283.7822274446361,31515766
3165,2008-04-17,285.948486328125,294.3913867450405,283.83098650856044,290.29720285391335,21934177
3166,2008-04-21,286.3330078125,290.27555980155995,284.00432760235697,284.8274736441743,18499558
3167,2008-04-22,282.40667724609375,289.7339834088225,281.30189981576325,281.7189099144003,25134990
3168,2008-04-23,279.18438720703125,285.0765525105912,278.1445950311603,282.91032122093293,27790487
3169,2008-04-24,279.73138427734375,281.6106049267832,276.88279372227606,281.6106049267832,28908505
3170,2008-04-25,284.26422119140625,285.29316803302817,277.4947412242466,280.527470794571,29490656
3171,2008-04-28,280.6791076660156,286.4845971715579,279.7205542146255,284.9682468212732,17866432
3172,2008-04-29,288.10394287109375,289.73403939243286,279.44442384270906,279.44442384270906,21756290
3173,2008-04-30,283.18115234375,289.7340160502373,282.3254703145953,287.02621204761135,23952348
3174,2008-05-02,289.7068786621094,327.75139258800004,284.75163385813886,327.75139258800004,21082119
3175,2008-05-05,289.10577392578125,293.4165751153356,287.02618940774363,289.7448096044528,18407373
3176,2008-05-06,287.0262145996094,290.49217946024925,281.61063546708493,281.61063546708493,18400969
3177,2008-05-07,291.24493408203125,292.4417666927472,284.210075604067,292.4417666927472,22305438
3178,2008-05-08,288.8945617675781,290.92541458827066,287.30778899504406,290.2755335878038,16574019
3179,2008-05-09,273.85546875,289.58775965621845,271.86253124281217,288.70500778374867,30690657
3180,2008-05-12,276.6120300292969,277.7222157679861,268.2990996577748,271.97627359508124,24158943
3181,2008-05-13,270.89862060546875,281.61065449513563,269.4797332819081,281.61065449513563,22755830
3182,2008-05-14,274.11004638671875,276.7420199836374,268.6402982114552,272.9456917616177,17585152
3183,2008-05-15,284.09637451171875,285.1524203568621,274.11002440129454,274.1262779344993,21878267
3184,2008-05-16,285.47735595703125,286.8095962276671,281.9355605647937,284.96829065270623,16919206
3185,2008-05-20,281.9301452636719,285.4015182292455,278.79451476879177,284.3184024337469,15553322
3186,2008-05-21,288.94329833984375,289.73399509805927,276.2221038459818,279.44438112140597,29178778
3187,2008-05-22,284.4321594238281,287.0262176624611,281.285683476113,285.4015294449274,20887381
3188,2008-05-23,276.8665466308594,285.94307441472074,276.19500388569855,284.8599586804823,18053839
3189,2008-05-26,272.4691467285156,276.72037167697044,271.0069358902631,275.11193686280455,23292457
3190,2008-05-27,270.2486877441406,280.50582313844586,268.6131833380206,277.2781088761865,15293041
3191,2008-05-28,273.2164611816406,274.5703631705147,267.63840465367645,271.32101574974376,18875789
3192,2008-05-29,266.73944091796875,276.7853397877474,264.82230473518683,276.7853397877474,36074351
3193,2008-05-30,260.3273620605469,270.66030059064946,258.8922501863722,270.66030059064946,31400272
3194,2008-06-02,255.48580932617188,264.280734666944,253.4495482455739,262.9809726301835,23995763
3195,2008-06-03,260.6685485839844,262.645232896915,250.5251572281313,254.5326946624159,31603646
3196,2008-06-04,249.87525939941406,264.71398356641566,247.49241040594794,260.92306377791016,34076759
3197,2008-06-05,243.3549041748047,254.5326790422825,235.57812337504666,254.5326790422825,67512736
3198,2008-06-06,242.4558868408203,249.0087642802345,239.5856201224571,249.0087642802345,43442435
3199,2008-06-09,234.24586486816406,240.38714059948995,228.64614700169153,236.33628025095925,45759185
3200,2008-06-10,238.04222106933594,243.70150215723626,232.3287711740745,243.70150215723626,39890958
3201,2008-06-11,244.93624877929688,246.9508191561948,239.36900907987294,246.9508191561948,41869703
3202,2008-06-12,246.65843200683594,248.57553927915603,233.55811221667622,243.7069405518312,45823345
3203,2008-06-13,245.91104125976562,249.1062487420946,242.0768125255852,247.70902330164532,30620547
3204,2008-06-16,247.2053680419922,254.53264511370574,245.02288317113934,254.53264511370574,27675956
3205,2008-06-17,252.68055725097656,253.44956340612703,244.7846079665453,246.95627672134972,21817003
3206,2008-06-18,247.71986389160156,254.5326681438266,246.9508288490408,254.5326681438266,25210402
3207,2008-06-19,243.50112915039062,245.87316175857816,241.5623457617275,244.66004659138272,17822807
3208,2008-06-20,227.36805725097656,244.7900216150509,224.77940752048215,244.7900216150509,46870019
3209,2008-06-23,219.40716552734375,225.60259586151497,214.71184663803433,225.28848621321214,47741229
3210,2008-06-24,223.4147186279297,231.02903667024717,218.2482348949004,221.4975969155837,52403051
3211,2008-06-25,231.3539276123047,232.65367511526213,211.8848862299873,211.8848862299873,36568788
3212,2008-06-26,242.56964111328125,244.773787982266,231.35395113029293,232.3287582414944,83441319
3213,2008-06-27,236.4066925048828,243.48486014767803,231.2727163315017,235.68641807300514,57025184
3214,2008-06-30,226.92942810058594,240.11639461193062,225.0718834129794,236.11968817582445,52730468
3215,2008-07-01,221.405517578125,232.76200892718782,219.47756508107574,228.5378543921906,51852931
3216,2008-07-02,232.220458984375,236.44461366416908,215.54044318918355,220.92354425696738,60769519
3217,2008-07-03,224.21621704101562,230.70409574169594,219.3963500553904,230.70409574169594,43012613
3218,2008-07-04,227.22726440429688,230.8340447722529,222.04454208672516,224.21078804951,35613854
3219,2008-07-07,219.67794799804688,229.62097501988623,216.29863008326225,226.37703573834943,32556971
3220,2008-07-08,214.39772033691406,218.4594114100817,209.07419702492925,216.4069113683051,42090551
3221,2008-07-09,225.19644165039062,226.90776234261196,216.62355573460104,216.62355573460104,30800621
3222,2008-07-10,221.67630004882812,225.80297669509284,220.04620370266102,224.9527318139459,25189447
3223,2008-07-11,218.3673858642578,224.08624385290722,215.75705963071292,222.47240096467883,29313661
3224,2008-07-14,221.32968139648438,224.74691420117057,215.5404162268737,216.62353193438653,32490063
3225,2008-07-15,214.1757049560547,221.69254491511532,213.15757435371745,217.16511154935623,41694564
3226,2008-07-16,210.50393676757812,219.33135515085422,207.95861029064335,215.5566889107668,33919101
3227,2008-07-17,218.6327362060547,221.46508785665867,212.84347068663814,220.73939074488723,27019109
3228,2008-07-18,228.8844451904297,230.37914849260025,215.5404386212509,215.5404386212509,33682872
3229,2008-07-21,233.1790008544922,234.4137632648281,226.70196786121198,232.7620051802618,26038363
3230,2008-07-22,233.10321044921875,238.17762481727726,230.16254974747443,230.16254974747443,24964382
3231,2008-07-23,245.57528686523438,246.84251289915952,235.0365484866076,235.0365484866076,44183828
3232,2008-07-24,249.98898315429688,252.36642373376245,244.77376841829192,244.77376841829192,29147884
3233,2008-07-25,232.55621337890625,253.2816657654301,231.24563491768978,253.2816657654301,62377468
3234,2008-07-28,236.1088409423828,237.09447889653666,228.10459775567904,232.87573270301456,29603543
3235,2008-07-29,225.624267578125,233.8397203316684,224.7469382661325,231.76554384119387,31092016
3236,2008-07-30,234.54916381835938,235.46980214552565,227.4601503681921,231.5705880751364,18342355
3237,2008-07-31,239.09825134277344,240.4521533904327,233.43897028285465,239.8889337247955,28463721
3238,2008-08-01,248.85714721679688,250.52515898816108,233.19527585679464,235.0419897475392,33025291
3239,2008-08-04,242.87831115722656,254.5110111598838,241.81687156707795,254.5110111598838,35839785
3240,2008-08-05,246.52301025390625,247.60071785230156,238.8274682830172,244.42176386163996,41976693
3241,2008-08-06,248.9654541015625,254.42438590218083,247.61158094188195,248.03399931648502,36432724
3242,2008-08-07,246.14932250976562,250.94752695488046,244.8116742227906,248.90042069575756,24556347
3243,2008-08-08,243.89642333984375,247.38407847223866,241.64896764866785,243.66898957535366,28902817
3244,2008-08-11,251.85195922851562,253.01628480105276,243.8260399902957,243.8260399902957,25610677
3245,2008-08-12,254.23484802246094,257.186339630308,250.7526293240971,253.4495882566873,32882192
3246,2008-08-13,253.10838317871094,257.3487912718148,249.91317562635348,252.34478522969806,28458078
3247,2008-08-14,246.59339904785156,253.99106942931004,244.93079583862024,253.01626244749903,20978604
3248,2008-08-18,240.97203063964844,248.03397379484375,239.3906804603296,248.03397379484375,21991145
3249,2008-08-19,240.4088134765625,241.9685019348709,237.78767097553472,240.9936948408733,18173673
3250,2008-08-20,243.30616760253906,244.78460287268706,240.18136798563674,240.45213970349198,19893266
3251,2008-08-21,239.65606689453125,244.9200285439464,238.56212015257697,244.9200285439464,17102509
3252,2008-08-22,243.13827514648438,244.7737796581695,238.18842367733845,238.23174715099063,20077470
3253,2008-08-25,241.7518768310547,247.49239606509877,238.86537091166693,238.86537091166693,12172890
3254,2008-08-26,236.04925537109375,240.34381748828346,232.5074602778295,240.34381748828346,30411756
3255,2008-08-27,232.65371704101562,238.2750974449529,231.78721854956183,238.2750974449529,32314258
3256,2008-08-28,224.2974395751953,234.8199247853399,222.34240273462336,234.8199247853399,41999424
3257,2008-08-29,231.3756103515625,232.64286536651815,227.34641152519904,231.78719782121746,22026362
3258,2008-09-01,231.9658966064453,234.5437154530073,227.7796432750763,229.62094864852247,20027134
3259,2008-09-02,239.66688537597656,240.99370297415447,230.1625303491769,231.78720407385765,22061325
3260,2008-09-04,233.114013671875,243.70148415178068,230.92069771163,243.70148415178068,23303097
3261,2008-09-05,225.38595581054688,227.9962817978198,223.66380439305647,227.9962817978198,28217684
3262,2008-09-08,231.05067443847656,237.20278110230038,230.16251432506078,237.20278110230038,25098286
3263,2008-09-09,232.06336975097656,233.84509808529538,225.99791036091784,232.32873323778068,17241294
3264,2008-09-10,225.57550048828125,231.2131335878547,224.42199135346834,230.6986456662362,33404610
3265,2008-09-11,216.34194946289062,224.20537717076965,214.70102221719978,224.20537717076965,49802072
3266,2008-09-12,209.32876586914062,220.9560441835979,207.92613210743218,219.75919694390922,59654354
3267,2008-09-15,204.37890625,205.79237072860522,197.47944062667176,204.6767623614951,43957670
3268,2008-09-16,208.83050537109375,209.58327240370815,194.96118094104233,194.96118094104233,39166941
3269,2008-09-17,203.26329040527344,212.29108705328298,200.21432131069514,212.29108705328298,35299106
3270,2008-09-18,209.935302734375,210.99133410469503,191.1702807754698,195.17781780743996,76522901
3271,2008-09-19,222.59152221679688,224.4165741340201,212.29107727087703,214.56561745206483,45121517
3272,2008-09-22,220.85853576660156,228.53785310499654,218.3890398409632,227.45473730522278,50737652
3273,2008-09-23,217.32217407226562,227.06482301775057,216.62356130949294,216.62356130949294,45365420
3274,2008-09-24,221.61671447753906,223.65839821466173,215.5458465282982,215.5458465282982,47808469
3275,2008-09-25,219.40716552734375,223.08976205640823,215.86537028939082,221.075162664904,43038005
3276,2008-09-26,212.63768005371094,220.414475396447,211.87950475998542,218.57316981670897,30364929
3277,2008-09-29,209.3504180908203,214.45732470023475,203.73446063428892,213.91576678541563,53055417
3278,2008-09-30,211.13755798339844,214.99887105887598,195.54608172644566,204.6984259014341,59449825
3279,2008-10-01,206.51805114746094,212.61600352186977,203.99980919728756,212.29107747306963,30413112
3280,2008-10-03,190.78578186035156,212.1827631738988,189.07444675691912,212.1827631738988,93519208
3281,2008-10-06,177.8046112060547,189.437296453667,176.82980412951903,187.27105047223304,52962304
3282,2008-10-07,181.38430786132812,185.42976013570268,174.7610510575582,179.92209724122446,56489869
3283,2008-10-08,178.55738830566406,180.43659468976787,163.43163869518332,176.54819703304727,67137013
3284,2008-10-10,165.45704650878906,173.26633336576302,159.97646847320422,173.26633336576302,73448501
3285,2008-10-13,170.2011260986328,172.64896021825572,167.90490967737733,168.74974634017374,39084214
3286,2008-10-14,175.57879638671875,180.6640262906725,174.3819493207311,176.00662290325687,40474211
3287,2008-10-15,164.65557861328125,173.26636573673375,163.16628343797242,172.2211506736069,45259130
3288,2008-10-16,150.76458740234375,158.67676157331476,143.5131107199897,157.05208779483846,89683073
3289,2008-10-17,141.4606170654297,155.9689952644411,139.37562379910491,151.63651674689913,62609392
3290,2008-10-20,143.0690460205078,149.47027846018156,138.74741301528397,144.04927595009036,61508244
3291,2008-10-21,151.08950805664062,154.34427816160206,143.35064253301698,146.2208951004651,58829228
3292,2008-10-22,142.6249542236328,148.771653474857,141.401037038406,148.6633447788971,39086690
3293,2008-10-23,131.88583374023438,140.469535396299,129.47588603042286,137.66425376649238,62538390
3294,2008-10-24,110.42384338378906,131.03557064485926,107.22865059071817,129.97411666980224,80998549
3295,2008-10-27,116.65177154541016,118.0598277339485,100.72994045222924,111.2524321384928,86584017
3296,2008-10-29,130.16368103027344,131.91291703530436,124.45023117443044,129.9741335871365,67998730
3297,2008-10-31,148.97744750976562,151.08952502925075,133.80296462737027,137.00900341253632,91581008
3298,2008-11-03,156.15310668945312,157.5936557815475,151.3223940624563,155.86065873885568,61689421
3299,2008-11-04,157.2253875732422,158.5684587996827,148.9503717411053,157.05209365774286,54802265
3300,2008-11-05,137.4530487060547,163.0308578549164,134.12244852830182,163.0308578549164,102413467
3301,2008-11-06,126.78433990478516,133.5484125415626,125.24090498271667,129.94163208527357,83827121
3302,2008-11-07,132.2216033935547,134.28494905890105,124.6993550185233,127.04972594938741,62624476
3303,2008-11-10,141.14105224609375,141.75301794118639,133.7650291447246,135.4221952283167,43389771
3304,2008-11-11,130.80812072753906,139.72218518169947,129.32967112723762,138.64988589217032,59637607
3305,2008-11-12,125.87995910644531,130.68901005874562,123.75164250985559,129.97414370777193,72334211
3306,2008-11-14,124.20652770996094,129.43257391596725,117.77281067134471,128.82603078237142,98632848
3307,2008-11-17,123.62706756591797,126.7139520048581,116.79800942047905,124.5585512242077,65078384
3308,2008-11-18,123.47000885009766,124.77516467941358,115.93150732907274,119.36499392969952,64322213
3309,2008-11-19,122.65766906738281,132.34074077126263,120.76763180177309,124.6939302957622,88865366
3310,2008-11-20,114.38264465332031,119.03463269723338,112.6442396926712,117.51826776528851,67832147
3311,2008-11-21,121.78034973144531,125.2084136613017,111.78858416599829,115.35204118456556,76070173
3312,2008-11-24,123.99532318115234,127.43423272282841,116.43516654512987,127.43423272282841,65458351
3313,2008-11-25,116.08856201171875,128.76103988472863,113.83567625315929,126.72477873009863,66249013
3314,2008-11-26,123.35627746582031,124.2336067510771,115.5307579263499,115.5307579263499,74275220
3315,2008-11-27,123.35627746582031,123.35627746582031,123.35627746582031,123.35627746582031,0
3316,2008-11-28,122.87429809570312,126.69228781148706,118.16814821500063,121.30918693826587,63797424
3317,2008-12-01,120.16108703613281,127.8078974074677,118.94257813038323,121.88323857735801,55672136
3318,2008-12-02,116.32142639160156,117.37746495005895,111.01956463294009,115.89359264209212,62975613
3319,2008-12-03,115.79612731933594,120.659324984962,113.72736622137352,119.20252969005745,57455881
3320,2008-12-04,125.54417419433594,126.72476769916709,113.73818853449285,117.40995392233648,81077077
3321,2008-12-05,121.04924011230469,128.0245149269835,119.46788986543204,127.26633964059324,58443609
3322,2008-12-08,121.15213012695312,127.23383603763627,119.90112872115317,124.79681843407297,60947625
3323,2008-12-10,132.9202117919922,133.6567397981599,123.15049329466241,124.41773387699455,65787255
3324,2008-12-11,136.36451721191406,140.55617878787513,129.24843452975043,135.3897101765132,79516743
3325,2008-12-12,141.57431030273438,143.40478483923425,130.6510690089193,134.306595417692,86870714
3326,2008-12-15,145.19735717773438,147.19570311815306,137.79424854586182,146.1125872981519,86264860
3327,2008-12-16,150.3909149169922,151.28989152894877,143.58351834890763,146.22090009431224,67795872
3328,2008-12-17,146.37254333496094,152.39468004900047,144.065495926276,150.55337446967033,77332575
3329,2008-12-18,147.41232299804688,148.6037474112935,138.91525390615647,145.1377683922401,93671319
3330,2008-12-19,146.36170959472656,149.1994695309257,143.24231814801539,147.33109404585593,72070062
3331,2008-12-22,139.2401885986328,146.48083330596785,138.530745076219,141.3468574305534,42665195
3332,2008-12-23,136.4457550048828,138.74737949795554,134.9997835335049,138.74737949795554,33676275
3333,2008-12-24,134.52322387695312,136.147897594751,133.23972976003571,135.49803099971967,35923133
3334,2008-12-26,131.073486328125,138.09749939932286,130.40736625951888,135.3897101135997,27758079
3335,2008-12-29,134.98895263671875,135.600918361561,128.67438314809883,129.97411621237748,51221529
3336,2008-12-30,135.44387817382812,137.88089600806944,133.02311387335342,136.47826231741652,39436803
3337,2008-12-31,133.52134704589844,137.0902123508032,131.70712588878197,135.8229717652515,43146700
3338,2009-01-02,139.33224487304688,140.79445524861598,135.60631107084905,136.44031672178113,43414060
3339,2009-01-05,147.9376220703125,149.14529997299576,140.27457347693232,140.6969773182954,48183501
3340,2009-01-06,148.484619140625,150.553372948995,144.19005669410575,147.3040110453763,52756287
3341,2009-01-07,130.05535888671875,150.12011339490658,127.266330795536,148.27880796095437,74375989
3342,2009-01-09,124.9105453491211,131.05722901966507,118.45516026069255,131.05722901966507,83016869
3343,2009-01-12,118.9155044555664,124.01699570636292,117.51827894115353,123.44293071529779,64436797
3344,2009-01-13,116.71134948730469,124.1252958862422,115.35203933870491,118.56890127783846,57574149
3345,2009-01-14,127.78081512451172,131.92374547278197,118.17898214045967,118.17898214045967,57312974
3346,2009-01-15,123.72994232177734,125.6362329408832,119.95528358218962,123.67037977770403,54892324
3347,2009-01-16,131.8533477783203,133.33179751497957,123.46458686702941,124.6668566805614,58287963
3348,2009-01-19,133.21266174316406,135.38430160251437,130.8406291154264,132.63861122220567,37148665
3349,2009-01-20,128.20323181152344,131.7937733280145,126.5081502063502,131.7937733280145,40660034
3350,2009-01-21,121.29293823242188,128.12200334046167,120.22606875294504,125.64166212538215,43462384
3351,2009-01-22,123.07466125488281,125.08383778711028,119.91195395291103,124.54770261578919,61203969
3352,2009-01-23,125.22464752197266,144.5962120755394,121.30918020407861,129.75750324976838,70946672
3353,2009-01-27,132.78482055664062,133.5971646564729,126.72478302659445,128.4577654563468,39227602
3354,2009-01-28,137.98919677734375,139.7221935646308,132.8335588099978,135.17309868865996,40185450
3355,2009-01-29,137.56678771972656,140.26376089809574,134.4420024405673,139.18063060282861,55501398
3356,2009-01-30,143.3614501953125,144.1412870921502,134.08995314758042,134.08995314758042,48641391
3357,2009-02-02,138.63905334472656,146.52415634530234,137.9404406920296,139.72218348889282,46945414
3358,2009-02-03,141.47682189941406,144.5637058155872,137.8862809675324,139.7221780308213,60467187
3359,2009-02-04,141.6176300048828,144.86699154632745,140.27457348574325,142.42997400535336,34707190
3360,2009-02-05,139.59219360351562,143.94633237774832,137.68049492420525,143.94633237774832,35930771
3361,2009-02-06,145.66311645507812,146.22091350516942,140.32876100323693,140.80533375638305,37982348
3362,2009-02-09,150.52088928222656,151.52818907390125,145.24609673268745,146.76246185498871,38828552
3363,2009-02-10,151.84771728515625,153.163704179548,148.64169290922942,150.43425255792826,59468514
3364,2009-02-11,149.60562133789062,150.47754235417867,147.4123199785111,147.84556915457304,36794369
3365,2009-02-12,146.38876342773438,149.3294235244628,145.7118125095638,149.3294235244628,27513310
3366,2009-02-13,150.81329345703125,152.06971746532025,147.41231430758995,148.06218081646372,25414398
3367,2009-02-16,142.9932098388672,151.31697123100622,142.00757184273155,149.9522383608709,40197078
3368,2009-02-17,137.2635040283203,141.56347415387464,136.27786615473264,140.92984670790312,33499857
3369,2009-02-18,140.28001403808594,142.73327121615648,134.30662281362618,137.2310445371694,40022087
3370,2009-02-19,140.12835693359375,141.78011496077355,138.86652462562768,139.72219214215025,26286999
3371,2009-02-20,135.75799560546875,138.96401978484994,134.47450140070714,136.0450208814443,32176864
3372,2009-02-24,135.7417449951172,136.8627761792624,130.12036446022498,133.76506062965726,39986923
3373,2009-02-25,137.18228149414062,139.28895056551443,136.7490322780413,137.01439579610275,25854675
3374,2009-02-26,139.808837890625,140.48036617986708,135.5305148051082,136.25621189582102,33594353
3375,2009-02-27,137.1281280517578,140.04712676963578,135.0160507622639,139.6572010265374,42086745
3376,2009-03-02,132.7523193359375,136.87358765682401,131.59881016600903,133.0826680508305,43205200
3377,2009-03-03,129.6329345703125,135.60091619186701,127.26632490842988,133.223475662296,45821621
3378,2009-03-04,131.1763916015625,131.89124337179936,125.13800175195162,125.13800175195162,52293436
3379,2009-03-05,124.5368881225586,132.14037501174096,123.71912136791951,130.84062735989443,62274477
3380,2009-03-06,126.71393585205078,127.48294191627751,120.80010858498517,122.3922895121711,39923401
3381,2009-03-09,124.92137908935547,126.5081373835675,123.27504379163346,125.74996217215204,29283265
3382,2009-03-12,130.1907501220703,131.55546841544862,125.42502358196803,127.9161955323765,42565853
3383,2009-03-13,139.09942626953125,140.13379611140093,132.79026333518183,133.21268175266093,35991799
3384,2009-03-16,143.7947235107422,144.48791358670897,137.6642636752102,139.09940442826945,39608190
3385,2009-03-17,140.82696533203125,145.46270696661736,140.06336744957423,144.0546507493601,41608363
3386,2009-03-18,144.206298828125,147.5206460157029,142.4408237729054,142.4408237729054,38224746
3387,2009-03-19,145.75514221191406,146.63789411342867,142.9823676752774,144.92115090752142,37983276
3388,2009-03-20,145.0511474609375,147.29319540405962,143.18817996973607,145.02948572082775,44674678
3389,2009-03-23,155.8010711669922,157.05207260289072,146.6541353976632,146.6541353976632,43499158
3390,2009-03-24,157.3174285888672,159.7598543382769,155.96894940300004,157.05747330244924,60343381
3391,2009-03-25,165.95529174804688,167.7749354542455,157.05207222670185,157.05207222670185,83712931
3392,2009-03-26,169.56207275390625,171.02428335340156,164.95882358976394,167.8507521839061,71881938
3393,2009-03-27,167.74783325195312,171.50083715238875,166.25855287579773,168.3164754649052,59012548
3394,2009-03-30,164.2493896484375,166.25858090457254,161.9261031937008,164.75304674375062,60118929
3395,2009-03-31,165.14837646484375,168.09445949762102,164.09234508176243,166.25857665156505,49999155
3396,2009-04-01,171.2679901123047,172.64896200971393,162.18063107024207,164.95882839817767,41804082
3397,2009-04-02,179.94375610351562,181.96377810643406,173.54253943515073,174.3819534161477,48027558
3398,2009-04-06,181.05397033691406,188.71161170077679,178.23785760696418,184.13002392538522,46014129
3399,2009-04-08,186.8540496826172,188.35416106543423,173.84039292040805,177.62588977432023,80451816
3400,2009-04-09,188.0021514892578,191.478961388166,184.69864994117236,189.54560081202922,45443125
3401,2009-04-13,192.09632873535156,193.76974841843608,186.62117323946228,190.62328733636113,33290726
3402,2009-04-15,198.21595764160156,199.26117261273535,187.72055675805146,189.5456087289262,52910376
3403,2009-04-16,187.9209442138672,199.29367492914736,186.11755389232488,196.163466988185,57919904
3404,2009-04-17,185.9658966064453,192.8653622924634,184.38454642289696,189.5564379702834,56174264
3405,2009-04-20,185.79800415039062,190.05466546319255,182.86276658926676,186.2962385440794,43137461
3406,2009-04-21,184.79071044921875,187.77470870366366,182.47284675635314,183.5884551289334,43770744
3407,2009-04-22,186.0796356201172,187.7043093446152,183.15521423975724,186.29625299920792,38704160
3408,2009-04-23,191.02947998046875,192.24256617754105,183.69676507403184,185.97131976909068,37089448
3409,2009-04-24,193.75350952148438,195.17780478654205,187.05442257944335,189.54559447259447,47905047
3410,2009-04-27,193.39608764648438,195.71937399353718,190.73702991811913,193.9863916657754,36727750
3411,2009-04-28,188.15379333496094,194.09469065917284,187.48767327002093,192.90325181166168,35210193
3412,2009-04-29,195.6381378173828,197.12743285556246,189.09610522300255,189.6539166443673,37372907
3413,2009-04-30,196.06597900390625,196.06597900390625,196.06597900390625,196.06597900390625,0
3414,2009-05-04,204.39515686035156,205.25082443392276,199.32616555393162,200.4850974601027,37496293
3415,2009-05-05,204.021484375,205.218331551359,198.86042345860685,204.16770833681258,42684575
3416,2009-05-06,203.78860473632812,209.91904985703357,201.4598956973505,204.60093433750552,42714525
3417,2009-05-07,207.47662353515625,208.48933143268155,200.37677954220194,200.37677954220194,32146923
3418,2009-05-08,205.8248748779297,209.25836157955263,203.0845782538661,207.95861391613462,34869757
3419,2009-05-11,201.63320922851562,208.825108571879,200.38761593277093,207.85030145710107,32877309
3420,2009-05-12,212.2802734375,213.95910161649007,199.61862529116857,200.3713924233645,40121823
3421,2009-05-13,209.3666534423828,213.91574820806434,206.44223228006507,213.6178921038029,45730547
3422,2009-05-14,206.7617645263672,208.77095577959327,203.647810184737,206.0360818495197,35410007
3423,2009-05-15,211.2837677001953,212.29106732419697,207.05419092012218,207.41703222082202,27591942
3424,2009-05-18,256.4335632324219,274.57036671925374,227.5901203787709,232.54539478108478,462151
3425,2009-05-19,241.6327362060547,270.77944297027375,238.28591097067604,265.36386394396686,91641231
3426,2009-05-20,233.1356658935547,243.9939221053181,231.3755992089481,238.28589552967065,59032384
3427,2009-05-21,229.12815856933594,235.79475398705125,227.73094747781576,232.32877451122047,34800216
3428,2009-05-22,236.74246215820312,239.06574860316047,226.47993192369708,227.43306284484652,38903746
3429,2009-05-25,237.71726989746094,239.91058592167758,233.3035679069973,238.28591220536717,27159102
3430,2009-05-26,232.07965087890625,239.26071940815163,230.7582414913477,236.13051153237177,21734582
3431,2009-05-27,236.8074493408203,238.82747147416916,233.13568353970163,235.25318349370653,45717213
3432,2009-05-28,240.51171875,243.2682543935422,236.1196785354344,236.1196785354344,39356028
3433,2009-05-29,246.0735321044922,249.95109898424474,239.69397658317544,243.1382942319593,55968204
3434,2009-06-01,247.18914794921875,252.3664479133442,244.36762705443795,252.3664479133442,26050762
3435,2009-06-02,246.86416625976562,250.0323035392794,240.89079084340395,249.12788992838932,28865737
3436,2009-06-03,243.2574005126953,249.92941790878731,241.04784551219063,244.92541209193757,30082029
3437,2009-06-04,244.97413635253906,245.74317136876306,233.95341716409587,240.9720221372932,33775337
3438,2009-06-05,239.66688537597656,247.0591775750865,237.20279761656604,246.40929651686284,40927517
3439,2009-06-08,237.6360321044922,244.97957770786496,235.6864179715536,239.044073902336,33055905
3440,2009-06-09,246.10060119628906,248.1422995777642,235.57812976488253,236.9861716851117,36345045
3441,2009-06-10,251.30502319335938,253.43874800776936,247.61700343057947,248.14232232684859,34694005
3442,2009-06-11,249.4690704345703,251.82484925800654,247.22160028936247,251.28330586686477,22236115
3443,2009-06-12,255.84324645996094,257.67370661133737,249.6857025234515,250.20020492648803,43019175
3444,2009-06-15,235.9897003173828,255.58332095863372,234.52748960593962,255.58332095863372,62480205
3445,2009-06-16,232.1500244140625,236.650387432253,230.33580341654886,232.87029882512374,44870038
3446,2009-06-17,222.1853485107422,235.90302584238043,220.56066049172657,230.24915376068418,43046719
3447,2009-06-18,219.3367462158203,224.47614490803983,215.55124940270733,222.90562566928645,54312001
3448,2009-06-19,221.11846923828125,223.38760109742304,214.14318798098944,221.49756406889085,42449160
3449,2009-06-22,211.47874450683594,222.03914531516781,209.31792109716503,221.7900208709343,40433018
3450,2009-06-23,218.28073120117188,220.27366903256134,205.79239160690105,205.79239160690105,52029156
3451,2009-06-24,216.87806701660156,220.49567814802052,213.59622725328208,219.33133814853727,41212516
3452,2009-06-25,212.0852813720703,219.22302618697924,210.39019983380945,216.7535158573519,46686191
3453,2009-06-26,219.78623962402344,220.63107626734387,212.61059420145182,212.95718198501856,34815029
3454,2009-06-29,226.0466766357422,228.85194390034783,217.13803417040478,219.43965881578657,32603982
3455,2009-06-30,219.15802001953125,228.46200995524825,217.77162559748797,227.45471035634225,26084929
3456,2009-07-01,222.99229431152344,225.8300543012164,215.32382212727182,219.86208639741255,32531518
3457,2009-07-02,217.85289001464844,236.44460408577208,216.1199076281371,236.44460408577208,33686302
3458,2009-07-03,219.6183624267578,220.4252837790972,214.4573020177742,216.62353344793533,37909158
3459,2009-07-06,205.05043029785156,222.25574883493005,201.5736203872928,221.82249964707862,51827829
3460,2009-07-07,200.9670867919922,207.2004324822757,197.69065501846833,205.90068485738703,51057090
3461,2009-07-08,198.17263793945312,204.70926248075864,194.6687578873451,200.96708885444468,50495159
3462,2009-07-09,200.74505615234375,203.07375087286158,198.22139132572278,198.75211837713547,32268349
3463,2009-07-10,192.2696533203125,202.2126655277893,189.0040524168605,200.70172319417603,36758916
3464,2009-07-13,189.64849853515625,191.54938108461477,185.98215544755632,189.51311990515617,36305996
3465,2009-07-14,196.48297119140625,197.66898742965432,191.2785871022225,192.14508549316474,32365032
3466,2009-07-15,203.22540283203125,204.70927533315066,195.67064722761953,200.37679739415597,27771011
3467,2009-07-16,209.6265869140625,213.2008745000791,203.6261271065938,205.90066717931455,48357416
3468,2009-07-17,209.80531311035156,212.94094346579743,208.53264993816725,210.677219696308,28917805
3469,2009-07-20,220.23031616210938,220.8476901021581,211.20795723789604,212.29107296510665,36034847
3470,2009-07-21,218.64356994628906,226.2308031211282,217.4196384060464,226.2308031211282,26978476
3471,2009-07-22,213.9915771484375,222.86230452150784,212.57268995457525,219.33135453070776,27518674
3472,2009-07-23,221.1239013671875,222.45071887067576,215.2154820179937,215.54042252391582,25944577
3473,2009-07-24,218.4486083984375,223.92377901692188,215.11802216135763,222.03914995404253,37085126
3474,2009-07-27,210.1952362060547,216.08197932945706,206.5126398189699,211.2079585272549,52651678
3475,2009-07-28,206.61553955078125,212.2585957460665,204.23269056237694,210.8830320210025,50364983
3476,2009-07-29,209.08506774902344,209.90824277245372,202.6513575801278,205.79239657618288,41704949
3477,2009-07-30,205.8248748779297,208.543495303519,204.6009432976342,207.95861391613462,26943006
3478,2009-07-31,211.79286193847656,213.90493928558277,207.01089578680774,207.41706061420982,30553219
3479,2009-08-03,218.46485900878906,219.98122404198216,212.08528921626035,213.25506644331045,23955323
3480,2009-08-04,220.92893981933594,222.36408052056487,216.8943328120018,220.19783449807932,33575331
3481,2009-08-05,224.8985595703125,225.72171998405085,220.04618618858453,220.41445015444617,33289859
3482,2009-08-06,221.6925506591797,230.16253622632516,219.47757282919255,221.35137104814189,43022238
3483,2009-08-07,216.3798370361328,223.55549690141157,215.5620847956433,220.57692138111545,34997614
3484,2009-08-10,215.3346405029297,220.38737798935986,213.6991215315896,219.9216361873836,26363427
3485,2009-08-11,216.6668701171875,221.82793084053858,214.34900639465334,215.86537138021762,27474086
3486,2009-08-12,215.6162567138672,216.62355646036121,210.48228015956332,213.91034422023898,29958739
3487,2009-08-13,219.25552368164062,221.40010800284733,216.29862420171727,219.3313542235598,26524147
3488,2009-08-14,220.57150268554688,223.5555009238582,217.38173240798702,219.54796393065655,29262231
3489,2009-08-17,210.3360595703125,217.7066757824454,208.5001766181257,217.59836708978176,30040259
3490,2009-08-18,210.2548065185547,211.87948006757523,207.9748437779023,208.35934681447858,26014696
3491,2009-08-19,204.25973510742188,211.19710095818462,202.65131513232143,210.12481615463858,29148426
3492,2009-08-20,205.6190643310547,208.93341131914528,204.55220209185265,205.7923726877035,20579108
3493,2009-08-21,208.91172790527344,209.58325614384833,202.2830490773278,204.49260386649732,26343198
3494,2009-08-24,213.83993530273438,214.55478707147702,211.05631538504062,212.2910777534267,22140885
3495,2009-08-25,219.40171813964844,220.19780857880676,211.80906323716852,212.85427808527496,28437053
3496,2009-08-26,220.97225952148438,221.68170309342702,217.84205178646656,219.44506369343344,21993621
3497,2009-08-27,221.21055603027344,223.01394625715994,218.78977737455156,220.30614235436101,25676360
3498,2009-08-28,224.6494598388672,225.28849557012234,219.39092110627,222.03914810842295,21877637
3499,2009-08-31,217.17591857910156,223.5554876770768,216.08197201418403,223.5554876770768,31540641
3500,2009-09-01,214.5493927001953,221.17264985281855,212.87597282724013,219.30968254203978,22733195
3501,2009-09-02,213.49874877929688,216.39608548980002,212.29107085116453,213.2658778880348,23849191
3502,2009-09-03,209.12835693359375,215.2371400076114,208.31602737358634,214.45730305158676,26446530
3503,2009-09-04,214.58187866210938,215.97368143736995,209.58328093605067,209.90822145660547,25361664
3504,2009-09-07,216.93223571777344,217.59294762972337,214.0782222813019,214.99887504219825,22578214
3505,2009-09-08,224.81192016601562,226.84818135465972,217.20302511098586,218.24822564725446,52059674
3506,2009-09-09,234.86868286132812,235.52395767055978,223.33888291111498,224.7469392721282,52578339
3507,2009-09-10,232.59410095214844,242.60753468386068,230.9856664704469,237.20818078425106,35669728
3508,2009-09-11,231.8792724609375,235.1773660333353,227.9962975075904,234.49499237186185,31370847
3509,2009-09-14,231.73304748535156,233.8559556218814,228.7003174444692,231.24564392662265,19047648
3510,2009-09-15,236.2171630859375,236.55292002849134,232.00383931682745,232.00383931682745,18872954
3511,2009-09-16,236.55291748046875,240.31134470628015,234.3433623631248,237.85266514154353,19382756
3512,2009-09-17,225.95457458496094,238.2858709746253,224.3136476190116,236.6611975394331,145062738
3513,2009-09-18,227.73094177246094,228.86278930167865,224.7577741654001,225.28850121999622,25713816
3514,2009-09-22,227.23269653320312,231.75470715176485,226.16581980982835,230.56328266793756,23011168
3515,2009-09-23,227.63885498046875,230.16251963184308,226.37159999033662,227.1297897028133,24365231
3516,2009-09-24,227.55763244628906,230.70409394840735,222.9056512013044,226.37161611527935,41664465
3517,2009-09-25,231.24562072753906,232.6428460504477,224.75774295102926,225.7650425739852,31204369
3518,2009-09-29,235.15028381347656,236.29297664395506,231.7872049964735,232.38291725185036,40254449
3519,2009-09-30,238.46461486816406,239.68312369945846,234.49497873405804,236.55290154681342,36946165
3520,2009-10-01,235.50770568847656,238.2750721177623,233.30355888063693,238.2750721177623,26342402
3521,2009-10-05,231.68972778320312,235.25318491625177,229.76177525459096,233.94260638263356,25912186
3522,2009-10-06,231.1481475830078,233.94800648899903,227.67133773742776,233.94800648899903,32106115
3523,2009-10-07,227.59552001953125,233.73679564679017,225.7325528981594,232.81614295400902,27123920
3524,2009-10-08,229.58303833007812,242.1309677268512,227.45472214338224,238.2858938795669,61481645
3525,2009-10-09,227.4276580810547,230.87738386173385,226.37161219899,230.55786599496537,27668151
3526,2009-10-12,234.93365478515625,236.76953760097578,229.6209619700111,229.6209619700111,39339692
3527,2009-10-13,234.17005920410156,234.17005920410156,234.17005920410156,234.17005920410156,0
3528,2009-10-14,236.57460021972656,238.0151347571637,233.15735250309083,235.57813132348394,29186933
3529,2009-10-15,235.1990203857422,240.6471063353627,234.49498500857922,238.17759600189044,28442679
3530,2009-10-16,241.8856201171875,242.67600624506576,235.58979231281026,236.5709633067063,29379397
3531,2009-10-20,238.15719604492188,248.9228019714696,237.42677581311492,244.74739599387934,27662481
3532,2009-10-21,237.9010009765625,240.8227110045704,236.42380087412758,237.55213595020317,22306470
3533,2009-10-22,232.77711486816406,237.8791985787506,231.22904723135682,237.8791985787506,20217305
3534,2009-10-23,223.19979858398438,234.8593623628487,222.1368584673285,233.976305539384,44095335
3535,2009-10-26,219.71121215820312,225.4510602011177,218.4738467014622,223.4887179946619,27736152
3536,2009-10-27,217.0565948486328,219.12795280269432,215.31229877594433,218.25581204377167,30934515
3537,2009-10-28,221.76072692871094,222.76370100617936,216.40789313868694,216.40789313868694,25810298
3538,2009-10-29,217.97235107421875,222.82369851269243,215.9009931714573,218.14677631071478,30886813
3539,2009-10-30,210.5318145751953,221.85343012143153,209.53428386194673,218.15223545491864,43583626
3540,2009-11-03,198.25628662109375,209.83953987386752,196.4792713190721,209.32170767972275,42857711
3541,2009-11-04,209.39254760742188,210.18839180269546,199.7988837322882,201.6849146887385,39964979
3542,2009-11-05,211.62200927734375,212.3687891847803,201.79395312553152,208.1334025167266,30087288
3543,2009-11-06,213.40443420410156,215.3013666481817,210.40641347392375,210.40641347392375,30606215
3544,2009-11-09,220.69781494140625,221.52636391233207,213.85143529609596,215.3122902949164,28682653
3545,2009-11-10,223.9792938232422,229.20675293220464,218.5828529897504,222.39852145996218,55352725
3546,2009-11-11,230.46592712402344,232.2538294984359,221.92428644357724,225.4510559259201,36604347
3547,2009-11-12,229.07591247558594,233.95450640971185,227.1953395182437,231.66511704116712,33326415
3548,2009-11-13,231.06552124023438,232.10120018007626,227.20624648701494,227.8494540942706,22380386
3549,2009-11-16,234.78305053710938,235.68791051096093,232.39008895978088,234.28156345513835,18087647
3550,2009-11-17,232.4664306640625,235.66613844726544,229.7028005602987,235.48079706446853,26297936
3551,2009-11-18,228.94508361816406,235.69880670553871,228.2964179884484,235.69880670553871,34189418
3552,2009-11-19,227.17352294921875,230.0189216813621,225.9852220275155,228.80335954159543,20240605
3553,2009-11-20,231.47979736328125,232.74986757831041,225.12400277659629,226.75928312943628,27023694
3554,2009-11-23,239.2909698486328,240.68641529068714,232.54270485217043,235.48075974008205,48369770
3555,2009-11-24,237.35589599609375,240.3866216487949,236.36382340636635,238.96937301277828,30382900
3556,2009-11-25,239.2637176513672,242.66509673447746,236.56003944088513,238.28799020019795,36335219
3557,2009-11-26,231.93765258789062,242.23994823871223,229.65916483432144,242.23994823871223,22221066
3558,2009-11-27,228.0565948486328,230.68394767490338,220.43617421732898,228.9396516936568,25469866
3559,2009-11-30,231.88314819335938,235.240935757126,229.81179036627785,231.66511665570545,18071456
3560,2009-12-01,239.4054718017578,239.8415494633047,232.68991074556024,234.39060052623395,12511349
3561,2009-12-02,239.93963623046875,243.90792648653036,237.92278637317423,240.9862166765903,20681036
3562,2009-12-03,239.76522827148438,244.20228663313932,238.11904644882378,240.9099229878182,17415284
3563,2009-12-04,237.31231689453125,241.36782033199006,235.54621760153,237.87921350295795,13963709
3564,2009-12-07,230.0298309326172,238.55509672755463,228.9396441608532,237.22507527013303,20671910
3565,2009-12-08,235.55706787109375,236.45101162340964,230.06251367604787,231.11999561688884,20434211
3566,2009-12-09,233.70376586914062,235.0446889131174,231.58880176966852,233.30039297634062,11179921
3567,2009-12-10,233.69287109375,235.91685102496368,231.5561037786871,234.10714557530846,12944596
3568,2009-12-11,233.5729522705078,237.225082432638,232.1011957177373,235.48077190127634,15450296
3569,2009-12-14,232.85342407226562,236.35293223209234,231.77413882140624,232.8643256494492,13923500
3570,2009-12-15,229.28848266601562,234.17253428607833,228.5035546353734,232.86430149521973,14673678
3571,2009-12-16,228.3182373046875,230.02984314438635,226.34499361219966,228.91783860550498,14773099
3572,2009-12-17,225.65818786621094,229.98624516475797,224.57890257468358,229.98624516475797,14196403
3573,2009-12-18,219.70574951171875,225.6690870507105,219.12795135050206,225.6690870507105,21984942
3574,2009-12-21,221.73348999023438,224.7533141290263,215.85737992144985,218.25579962036312,24594381
3575,2009-12-22,222.2240753173828,224.31723630561527,220.5015824993122,222.0060437789596,13939289
3576,2009-12-23,232.47186279296875,232.84253098556925,222.70377273828504,223.48871543381043,21453446
3577,2009-12-24,234.6740264892578,236.30930659758633,230.7602441616882,234.39057095082362,16147574
3578,2009-12-29,235.5352783203125,237.44311249405115,233.3003968401105,235.26273889825973,12172264
3579,2009-12-30,234.61953735351562,236.57097788507133,233.19138708062874,235.43717019558665,9279882
3580,2009-12-31,237.78106689453125,238.9693678392004,235.77511860509674,236.35291671272967,17542130
3581,2010-01-04,234.49960327148438,237.90099719865563,222.801890877665,237.90099719865563,76646086
3582,2010-01-05,233.45301818847656,250.72162533537195,232.2974219328917,250.72162533537195,21392825
3583,2010-01-06,237.22506713867188,238.64231571532224,233.44210374218858,235.45895356727215,23691760
3584,2010-01-07,241.16064453125,243.11208495131427,235.04468543409223,237.2250735163427,26197920
3585,2010-01-08,240.5283203125,242.85042871382944,238.9693513208464,241.5858022664594,15110149
3586,2010-01-11,235.80783081054688,250.6780182292658,228.93964820516769,247.40742874651363,188649642
3587,2010-01-12,236.4292449951172,247.97435007802932,234.8266694729263,238.75135372635236,32790509
3588,2010-01-13,237.35589599609375,238.09721776679234,232.9951343210062,237.2250770756485,15360176
3589,2010-01-14,244.57293701171875,245.24883470908276,236.78897903881582,236.78897903881582,24545629
3590,2010-01-15,242.1854248046875,248.3231871301691,240.94261595418462,245.46688671256837,18766617
3591,2010-01-18,239.73252868652344,243.4282653226571,238.08633227367906,241.36780896708458,14172193
3592,2010-01-19,236.5709686279297,241.1606488727164,236.05856541163183,239.84152897792046,13064666
3593,2010-01-20,234.9356689453125,239.20921792949144,233.73646641989853,238.75133716137077,19331024
3594,2010-01-21,229.82269287109375,234.82666222887852,228.99415846982123,234.39058459696764,18611321
3595,2010-01-22,229.77906799316406,233.51842501555907,224.4698549105099,226.97729017522042,39869565
3596,2010-01-25,227.20623779296875,229.89900002255058,226.03973997184838,228.86332112233893,13393277
3597,2010-01-27,224.04469299316406,228.93964649421264,222.39851124211935,225.45104005610673,24843485
3598,2010-01-28,226.13784790039062,228.16559933769244,223.48869205113797,226.75925231234143,33223459
3599,2010-01-29,228.11111450195312,229.33212029633407,221.98425326527814,225.21120754674436,23333042
3600,2010-02-01,227.93667602539062,230.02983701126496,225.78899260012955,226.21416865441822,12132865
3601,2010-02-02,223.9901885986328,230.32417943664322,223.29245856723773,229.37571313650847,17248998
3602,2010-02-03,225.4401397705078,228.59078279312666,224.81872078354579,224.81872078354579,15052266
3603,2010-02-04,222.21315002441406,226.3231605237835,221.09025861169206,226.3231605237835,11974603
3604,2010-02-05,214.0476531982422,219.72753470360414,212.5868128258299,212.5868128258299,29882876
3605,2010-02-08,216.80581665039062,218.9861899584355,212.5867905150653,214.76716382311017,25894932
3606,2010-02-09,216.56600952148438,217.60168849955522,214.26571843654193,216.6750252971038,14292031
3607,2010-02-10,214.7889862060547,218.01594015528755,214.11305935836006,218.01594015528755,18261247
3608,2010-02-11,221.3410186767578,222.35489437435518,215.53030389652685,215.69384209458028,23450102
3609,2010-02-15,220.21810913085938,223.9247614229584,219.69481892613072,223.9247614229584,13498617
3610,2010-02-16,221.90794372558594,222.61656082545352,219.12795410450792,220.2399441310018,10068256
3611,2010-02-17,225.13487243652344,226.27956706574054,222.84548317808924,223.4886907391451,15630122
3612,2010-02-18,217.5580596923828,226.39950016803226,216.94755685720088,224.57887868407937,19834114
3613,2010-02-19,214.3747100830078,216.94755487225297,213.05557568195974,216.94755487225297,17754534
3614,2010-02-22,213.2300262451172,218.03775264559889,211.49661730081087,217.01297530859298,12692045
3615,2010-02-23,212.66311645507812,214.33110127940088,211.49660413631568,212.3687593426252,12976934
3616,2010-02-24,213.4153594970703,214.9198208173529,210.7662034594631,211.4966236877518,12487589
3617,2010-02-25,209.99215698242188,214.76719322883577,209.13091784963152,213.69880957941805,18954063
3618,2010-02-26,213.4480438232422,216.9475516588022,210.6789707009846,211.27857194536452,22579233
3619,2010-03-02,214.3747100830078,217.8197100887284,213.546161171872,214.76718138590593,18210596
3620,2010-03-03,223.44509887695312,224.14281436499135,215.421305267722,215.421305267722,26623966
3621,2010-03-04,221.09030151367188,226.75928211096155,219.78208305921314,226.75928211096155,20781218
3622,2010-03-05,220.1745147705078,223.70672748274842,219.14973745753807,222.83458679745044,11774505
3623,2010-03-08,218.9317169189453,223.92478481496087,218.4738361226207,222.66015819776842,11941298
3624,2010-03-09,215.93368530273438,220.61059267695356,215.43219822222923,219.45499644291533,17459521
3625,2010-03-10,219.94557189941406,222.15865007659096,215.7047423395568,216.94755112998092,24807175
3626,2010-03-11,221.62448120117188,222.3985222972984,219.56402487704955,220.21813406832126,14583772
3627,2010-03-12,222.7473602294922,225.23299248219624,221.09027691263682,221.30832300068005,22333253
3628,2010-03-15,224.15370178222656,225.00405385052696,220.89404311181116,222.83458192904752,18131701
3629,2010-03-16,232.85342407226562,233.69287462508638,224.36086256877692,225.01497175463416,33998717
3630,2010-03-17,233.23497009277344,236.02584634196157,232.3846180493074,234.34695996201904,21599472
3631,2010-03-18,234.81578063964844,235.8296564898193,232.014002356782,234.1725729913797,15292424
3632,2010-03-19,238.10813903808594,239.07839394050745,233.33310279034012,235.21913382017243,19737747
3633,2010-03-22,234.16163635253906,239.6234715883616,231.55608686118507,231.55608686118507,20468483
3634,2010-03-23,237.96640014648438,238.52239511625652,234.8157571328281,235.0337886680948,20005544
3635,2010-03-25,237.97731018066406,239.18742890892662,234.91387967224398,238.96938281106873,22967888
3636,2010-03-26,239.93963623046875,242.23994162955694,238.78404002013485,239.1874129025621,18075516
3637,2010-03-29,238.3806610107422,242.0109877495957,237.8791739534133,240.6482470674425,20249784
3638,2010-03-30,237.2578125,241.0843683019633,236.13492084455788,238.9694039284485,18938795
3639,2010-03-31,234.22705078125,238.75133600313333,233.58384321563682,238.29345523723393,21647708
3640,2010-04-01,238.10813903808594,239.5144715729135,234.82666249552278,235.0446940343046,12519976
3641,2010-04-05,245.48867797851562,246.30633985398643,239.0783765465965,239.0783765465965,19912935
3642,2010-04-06,244.90000915527344,247.03677644136584,244.24588543332663,245.94658964457756,12481837
3643,2010-04-07,246.31723022460938,250.67800629070177,244.87819304409285,245.2924529432722,20218574
3644,2010-04-08,241.26966857910156,247.7999019698597,240.16858026748253,247.03676252220123,14723428
3645,2010-04-09,245.22705078125,246.60070765455202,241.62942861324294,241.62942861324294,16826518
3646,2010-04-12,245.8048553466797,249.65324298757668,244.7800780079647,249.65324298757668,12699784
3647,2010-04-13,244.39849853515625,247.25479889953772,242.30535218825105,245.94658061336673,13971281
3648,2010-04-15,237.81378173828125,247.4510377328087,237.0179375126037,245.2924672810204,24286918
3649,2010-04-16,236.4074249267578,238.7513366448232,233.5511391139889,236.81079781147255,18193722
3650,2010-04-19,231.51248168945312,235.4371510326066,229.15766843968785,235.4371510326066,16389189
3651,2010-04-20,231.81773376464844,235.42625751939326,229.88809647839042,233.2676871235042,16748550
3652,2010-04-21,229.83360290527344,234.10715221138108,228.53628609357216,233.30040637943358,19187549
3653,2010-04-22,234.5541229248047,238.51149723510727,228.95055227836318,229.0486664707534,25598349
3654,2010-04-23,237.26869201660156,238.96938170880384,235.48077515275284,235.48077515275284,23235165
3655,2010-04-26,233.5729522705078,239.3618497341979,231.8831496238959,235.48077190127634,16652152
3656,2010-04-27,231.39256286621094,232.8643194110939,230.02983664508554,231.77413261225666,13970196
3657,2010-04-28,221.79891967773438,229.80089567192715,220.6542104062403,229.80089567192715,40110291
3658,2010-04-29,225.67999267578125,226.73747481987195,222.2131890914606,223.2706712355513,23447044
3659,2010-04-30,225.36383056640625,228.3291322528034,224.5788879211431,226.75926151711937,15821019
3660,2010-05-03,223.21615600585938,225.14579341011466,221.9842486594964,223.70674153990998,12535244
3661,2010-05-04,222.64923095703125,226.54120999976203,220.98124617650706,223.3142416430884,17348783
3662,2010-05-05,222.5402374267578,223.17254344820958,218.75728832021525,220.21812874930785,14976570
3663,2010-05-06,219.7493438720703,223.11801823575917,218.9098933977684,222.3548933494458,23863448
3664,2010-05-07,225.18936157226562,231.11999328548603,212.80482252331282,212.80482252331282,72063684
3665,2010-05-10,235.34994506835938,235.91684160554723,226.759255288189,229.15767491078526,38050844
3666,2010-05-11,232.82070922851562,237.44310874716945,231.8504397916341,237.44310874716945,26325489
3667,2010-05-12,236.12399291992188,237.5412270263114,232.0030804138415,234.61953164350822,15294301
3668,2010-05-13,233.69287109375,238.402483359472,231.5561037786871,231.5561037786871,11947698
3669,2010-05-14,227.55511474609375,233.5184521952558,225.66908365130865,232.7989189828111,18161695
3670,2010-05-17,221.64627075195312,225.6036594982018,220.00008902011467,225.6036594982018,20611809
3671,2010-05-18,222.5293426513672,225.33112080291585,219.73845152231934,222.39852372324265,15445191
3672,2010-05-19,217.74343872070312,221.9079580780194,216.96939755023476,221.7444198483625,26097480
3673,2010-05-20,218.02685546875,220.87225442257687,216.6750162430282,218.2558031428271,18577281
3674,2010-05-21,217.06747436523438,218.00503904901984,212.82664469015543,215.83556711748665,19167407
3675,2010-05-24,222.97630310058594,228.71069240376082,221.62446395927452,221.9624273833128,24726303
3676,2010-05-25,214.90892028808594,223.4887090309357,214.27661425165448,223.4887090309357,25245934
3677,2010-05-26,219.79296875,220.2181302563192,216.0754145252378,216.92576664756132,13726569
3678,2010-05-27,222.88909912109375,224.07740010719783,218.38661688933655,220.43617155610815,27405100
3679,2010-05-28,226.02882385253906,226.5412124813069,221.19928011796762,224.56796899852253,17535288
3680,2010-05-31,227.98028564453125,228.61259166927314,224.3063377341344,224.61159644685938,16548811
3681,2010-06-01,220.3380584716797,227.84944872540956,218.9317113867087,227.4787951107189,19466130
3682,2010-06-02,220.44708251953125,222.6165546240051,218.76819594894354,221.3083362368707,19728249
3683,2010-06-03,224.75331115722656,226.32318187898244,222.3767091984412,222.3767091984412,17106958
3684,2010-06-04,224.84056091308594,225.8871414993925,222.9327265644575,224.79694004671651,14088022
3685,2010-06-07,219.7275390625,221.30832591841812,218.03775099338623,221.30832591841812,13503377
3686,2010-06-08,217.25283813476562,220.8068543057781,216.96938256315906,220.15273054202234,15226706
3687,2010-06-09,219.57492065429688,221.30832961441712,218.03775463476438,218.08136094270782,15242486
3688,2010-06-10,221.38462829589844,221.84250905858832,219.59671155064825,220.21811595899823,13962908
3689,2010-06-11,228.1547088623047,229.1249783224028,222.6165476578027,223.4887029251624,23307069
3690,2010-06-14,231.88314819335938,233.30039685263682,228.743406722089,230.00803330500867,15892958
3691,2010-06-15,232.45005798339844,233.2786069833512,228.96146585321745,232.25382958833532,18992836
3692,2010-06-16,230.67303466796875,233.87818547017832,230.05163025608596,233.3003873640528,11833071
3693,2010-06-17,233.6056671142578,234.826672895195,230.7493665006658,231.83955335254035,21047804
3694,2010-06-18,229.88809204101562,237.6175426135004,229.05955767683497,235.52436716306713,38277934
3695,2010-06-21,232.35194396972656,233.67107851322413,231.33806815141187,231.33806815141187,11792906
3696,2010-06-22,231.94857788085938,234.3469977784093,230.4550180531628,231.77415263552615,12908863
3697,2010-06-23,230.83656311035156,232.75529882290135,229.81178579408183,231.05460919850967,11659191
3698,2010-06-24,229.38662719726562,232.3846483374547,228.35094822555254,230.9019901336027,18805263
3699,2010-06-25,231.76319885253906,232.86428707536982,227.41335383810463,228.93961805550694,20325423
3700,2010-06-28,237.69386291503906,238.09722125899475,232.24291437994037,234.1725517041786,31472648
3701,2010-06-29,232.74440002441406,237.87918824372045,232.03578297783622,237.87918824372045,14213976
3702,2010-06-30,237.62843322753906,238.5223770091119,230.57490982933214,231.12000318096085,26637611
3703,2010-07-01,234.6631317138672,236.86530840804508,232.53726605594508,236.3529197526285,13310905
3704,2010-07-02,233.0714569091797,236.34201720721606,232.27561271037624,234.60862286912834,10948784
3705,2010-07-05,232.9297332763672,233.9872153645233,231.7087275317465,233.30040145252948,6399512
3706,2010-07-06,234.15074157714844,235.89503748791472,232.3192184992283,232.3192184992283,9255011
3707,2010-07-07,229.7136688232422,234.34696984369816,229.15767386517481,234.1725446191568,13738578
3708,2010-07-08,230.4877166748047,233.20228208611937,230.08434377629646,231.12002268728548,11977911
3709,2010-07-09,230.60763549804688,232.42824250916559,229.7136770804549,231.98127785521197,12974909
3710,2010-07-12,230.30238342285156,232.8534252711563,229.3866218250308,231.12003082551496,12563614
3711,2010-07-13,234.2379608154297,234.99018417274127,230.52042122657687,230.52042122657687,15043285
3712,2010-07-14,233.39849853515625,238.63141526164802,232.70078309721674,235.48075782751795,15970199
3713,2010-07-15,234.05262756347656,235.67700613352957,232.88611520840445,233.72556571221978,13877250
3714,2010-07-16,231.76319885253906,234.17251978521764,231.11999135041302,233.5293122830916,8779539
3715,2010-07-19,230.25875854492188,232.40642730731835,229.76817305385515,230.7057377305464,9808534
3716,2010-07-20,229.58287048339844,232.40645183296112,228.74341990536576,230.4659273714751,6845092
3717,2010-07-21,230.77114868164062,231.77412282298377,230.17154742308927,230.88016444595146,9824712
3718,2010-07-22,230.90196228027344,231.30533515377408,228.41634469187255,230.77114336611368,15879834
3719,2010-07-23,231.2181396484375,233.49662745796738,230.42229541874454,231.98127914717122,13790021
3720,2010-07-26,229.61553955078125,232.73347756368858,228.99413517433152,231.88312554022625,9113728
3721,2010-07-27,229.7027587890625,231.37074360184948,229.17946857986416,230.86925654491603,12133425
3722,2010-07-28,222.67103576660156,234.09622217881417,221.96241877158263,231.77411371602588,52927114
3723,2010-07-29,220.25083923339844,224.25181972026175,219.782056885838,224.25181972026175,46281590
3724,2010-07-30,220.14181518554688,222.4748254132513,219.6185249402015,221.29742599993475,19242072
3725,2010-08-02,221.210205078125,222.79099199053852,220.52339116009824,221.52636537157625,12676917
3726,2010-08-03,224.0883026123047,224.7751165114088,221.09028163766357,222.21317316733177,20104173
3727,2010-08-04,221.5372772216797,224.79693628271556,220.77415222791228,224.1428270659373,18318233
3728,2010-08-05,219.57492065429688,223.2052476744827,219.13884302002035,222.38761484570136,18308022
3729,2010-08-06,218.05953979492188,220.23991323154223,217.710689360161,219.97827540547158,19955917
3730,2010-08-09,216.64231872558594,219.34599726705815,216.2934682465648,218.03776430619968,22253619
3731,2010-08-10,215.39950561523438,218.56105034922874,215.0506405881226,216.07541796009832,19989721
3732,2010-08-11,214.3856201171875,216.9257602776404,213.6988062261511,215.81377033792734,21917268
3733,2010-08-12,212.0635223388672,214.38563108279382,211.49662576324948,213.67701400198243,24910354
3734,2010-08-13,213.4807586669922,216.68592409773805,211.605643811791,211.605643811791,30512197
3735,2010-08-16,213.00106811523438,216.27164290443247,212.5868082138955,213.67699495868098,14028775
3736,2010-08-17,211.6383514404297,214.75628974551657,211.49661638667683,213.6770045287436,14788743
3737,2010-08-18,210.3192138671875,213.02287765754545,208.9564731179095,212.15073696846218,24859327
3738,2010-08-19,213.0664825439453,214.74538356053614,210.12298408629252,210.12298408629252,20662946
3739,2010-08-20,215.56300354003906,216.59868236563307,212.04169262205124,213.0664698716883,20996195
3740,2010-08-23,213.00106811523438,216.30434763348552,212.71762713010776,216.30434763348552,13543428
3741,2010-08-24,212.01991271972656,213.8950422093113,210.90792274049568,213.00108377312856,19276160
3742,2010-08-25,211.0169219970703,213.20821160741926,210.5154349324651,211.49660590907712,18620473
3743,2010-08-26,208.54222106933594,212.15074496974904,208.2369623559966,211.49662123471373,27834839
3744,2010-08-27,207.0486602783203,209.5124749071665,206.3836349696174,209.07641182584328,24315870
3745,2010-08-30,206.6888885498047,210.3628218026355,206.0456809659797,207.5937485307699,11908601
3746,2010-08-31,200.42030334472656,207.12496213580954,199.50454180485804,205.969365911845,46605039
3747,2010-09-01,204.126953125,205.78403652145312,200.8127717772511,201.69582863881757,27886811
3748,2010-09-02,204.3994903564453,206.40543875604774,204.0833446215174,206.04568671285392,17699285
3749,2010-09-03,201.83753967285156,205.30434293852494,201.5104923726837,204.95549248501257,14440305
3750,2010-09-06,207.7136688232422,208.81475720155873,201.09622242158326,202.98225344761914,33928353
3751,2010-09-07,209.81771850585938,211.43119545506477,207.78996710439444,208.22604470914968,28379708
3752,2010-09-08,209.22903442382812,210.34102439364844,207.5719510461578,208.2478633787296,11632859
3753,2010-09-09,209.0000762939453,210.88610725035866,208.26965611261744,209.95944413692405,10114309
3754,2010-09-13,216.40248107910156,217.05659027321613,210.4827499355781,211.9327033838257,27474309
3755,2010-09-14,215.45399475097656,218.69185024399536,214.62546039660072,217.05657013302147,19472955
3756,2010-09-15,221.06849670410156,222.11507728177648,215.63935086063572,215.63935086063572,33554695
3757,2010-09-16,218.11407470703125,221.38464982213742,217.4272607736352,220.6760181790236,18540979
3758,2010-09-17,224.0010986328125,224.8841555048772,219.12794802532963,219.12794802532963,31955142
3759,2010-09-20,227.06451416015625,227.62050912118363,222.6383430702791,224.36085039116247,30419766
3760,2010-09-21,225.70179748535156,228.61260607477521,223.4996205596358,227.19535730220298,21351925
3761,2010-09-22,222.40940856933594,227.56599981342478,221.308320230767,225.45103574847587,25872625
3762,2010-09-23,217.52536010742188,223.2706511276123,217.16559352172857,222.40941201406568,23030491
3763,2010-09-24,218.3975067138672,220.00008208879603,216.31524742860162,218.0377401424043,22669074
3764,2010-09-27,220.26174926757812,222.37671342367702,219.14974474971902,219.78206532502395,16465376
3765,2010-09-28,217.71067810058594,220.65417626585491,216.51146112859294,219.84744512235176,19682506
3766,2010-09-29,217.81973266601562,220.00010637836112,216.94757735914018,218.03776421531293,17790040
3767,2010-09-30,215.25778198242188,218.47383455596767,213.26273515375755,218.47383455596767,28981699
3768,2010-10-01,219.76023864746094,220.21810483217487,215.8573580628388,216.2934356507406,19104034
3769,2010-10-04,221.9297332763672,223.66312767554427,221.29742725857074,221.29742725857074,21163057
3770,2010-10-05,223.23794555664062,224.97135446358098,220.00008996212327,221.52635435784507,22938984
3771,2010-10-06,227.83853149414062,228.28551067128114,223.91386219494115,224.5788728951545,28137687
3772,2010-10-07,226.57394409179688,230.19336965072938,225.12399064178842,227.83855617227707,31547758
3773,2010-10-08,228.86331176757812,229.98621779067238,224.69879318347103,228.22010421122582,20865341
3774,2010-10-11,233.12596130371094,233.7909720189625,229.61555181896702,230.2478578050181,25796876
3775,2010-10-12,230.16064453125,233.16956693808294,228.10018837818413,232.8643082449155,13979878
3776,2010-10-13,233.9654083251953,234.17255284145327,229.96442771290245,230.26967186656756,23967306
3777,2010-10-14,230.90196228027344,235.8078171096781,229.85538185731264,234.3905685417566,24414709
3778,2010-10-15,226.8355712890625,232.86431792983515,225.7998923812709,231.12002197375955,11601973
3779,2010-10-18,228.38365173339844,232.19932027493982,225.2875164123563,227.24985857030978,22209315
3780,2010-10-19,227.7186279296875,233.01695436407255,226.5957364082635,232.2102085702257,18579617
3781,2010-10-20,228.81971740722656,232.07939077401966,226.3231835307294,226.62844223781624,18232837
3782,2010-10-21,235.8405303955078,237.19236955539986,228.76520343019897,229.37570627327082,37273145
3783,2010-10-22,235.8732452392578,238.4896965037867,234.24886659532555,236.6690894730807,19627279
3784,2010-10-25,237.7374725341797,240.2558095989787,236.78900622414395,237.22508385960748,18019151
3785,2010-10-26,239.5907745361328,240.04865530698427,237.0288312675842,237.85738019671382,15444185
3786,2010-10-27,238.2607421875,242.02188781659305,236.18938451425439,239.40543678485338,21946562
3787,2010-10-28,235.91683959960938,240.03775195189738,234.30336261443338,239.71070465717088,36188021
3788,2010-10-29,239.0238800048828,241.41139806831532,235.58979602694916,237.15966673096392,29722655
3789,2010-11-01,238.35885620117188,245.2706446394674,237.4976025823358,244.42029259669656,30509287
3790,2010-11-02,234.35789489746094,238.83857429530346,233.36582222381568,238.83857429530346,20360675
3791,2010-11-03,232.27565002441406,236.54918516248046,231.69785181889748,235.91687906539102,19939993
3792,2010-11-04,240.94261169433594,241.367787731941,234.3905750162456,235.02288100699178,24311819
3793,2010-11-08,242.42526245117188,243.98423150549306,239.9614334665165,242.87224162826274,22364112
3794,2010-11-09,241.70574951171875,244.31128449232793,239.24192046955724,242.51248072066898,15410057
3795,2010-11-10,240.3212127685547,243.52636365625136,239.66710360990768,241.30238378394625,11899060
3796,2010-11-11,235.45896911621094,242.41437898896822,234.60863155794038,241.1497523962658,12690058
3797,2010-11-12,231.52342224121094,237.0942887591853,230.46594005476175,235.51350171372306,19131902
3798,2010-11-15,229.9644317626953,232.84252089357713,226.36680943296108,232.66809565983965,16084932
3799,2010-11-16,224.6879119873047,230.9019856982174,223.82667282689854,230.9019856982174,19833309
3800,2010-11-18,225.22210693359375,228.8960404133861,221.0902926466515,228.8960404133861,22776798
3801,2010-11-19,217.22010803222656,225.88710861873278,215.2250613509502,225.88710861873278,24826481
3802,2010-11-22,220.70872497558594,221.62448659857435,217.42726280719455,218.80090524167716,18956753
3803,2010-11-23,217.07838439941406,219.1279390699278,212.58681829114613,219.05162803185326,33113827
3804,2010-11-24,217.176513671875,221.91883061442607,214.99612551882652,217.81972126347418,19703855
3805,2010-11-25,213.56796264648438,218.69184903204518,212.1507286243993,218.47381750706023,29112802
3806,2010-11-26,209.82861328125,215.9445720161611,208.94555652411285,214.7671727098722,30639363
3807,2010-11-29,217.68887329101562,218.57193007033058,209.83952012721988,211.38758760764242,23409097
3808,2010-11-30,214.89801025390625,219.93468430229717,213.9168392286435,217.99414540545118,30483669
3809,2010-12-01,215.59571838378906,217.47084775573384,214.34200798023087,214.76718401734317,18726828
3810,2010-12-02,220.4688720703125,220.97035915056685,216.958462508532,217.8197161727285,24834141
3811,2010-12-03,219.3241729736328,223.27064552109942,217.6016656801091,221.0902720179897,19641270
3812,2010-12-06,222.43121337890625,224.57888218942043,220.87224425989342,221.4936486812092,17790259
3813,2010-12-07,224.7423858642578,226.69382612244905,222.39848888317366,222.39848888317366,22397973
3814,2010-12-08,222.5184326171875,224.08830335954772,220.46887793509146,223.46689891972974,16997335
3815,2010-12-09,214.65818786621094,225.41835047544075,213.40446279325678,223.39059884765945,31716183
3816,2010-12-10,223.2488555908203,224.57889165720383,213.5352738844383,215.15966708640295,26529301
3817,2010-12-13,227.14085388183594,228.0675171188568,220.21814810394457,223.28157884219158,16834458
3818,2010-12-14,230.08433532714844,231.12001420010532,227.19533023738805,227.41337632133997,20081132
3819,2010-12-15,229.79000854492188,231.9922000538771,225.88714177470024,229.81181170071133,21436026
3820,2010-12-16,230.4331817626953,231.12001017712063,226.7701502535125,230.61852311405457,15530788
3821,2010-12-20,230.411376953125,232.86430436948586,227.7622211653918,227.8494337748906,15858100
3822,2010-12-21,233.98721313476562,234.36878288438945,230.7384558615725,231.0982224572088,16089753
3823,2010-12-22,230.25875854492188,234.39057242430644,228.57987212087104,233.91088850960026,15132141
3824,2010-12-23,230.98919677734375,232.14479299878894,229.04865793633914,230.64033177366827,14589936
3825,2010-12-24,231.0546112060547,232.10119168474935,228.9396470951443,229.59375625561793,9452996
3826,2010-12-27,230.08433532714844,233.0387498756419,229.1903769481132,230.74934604577626,5782048
3827,2010-12-28,228.4817657470703,231.05461063035435,227.24984391167405,230.3132743028015,8857349
3828,2010-12-29,228.6343994140625,230.02984497121415,228.13291230405824,228.5689899503458,11184510
3829,2010-12-30,229.20127868652344,230.19335125435927,228.1219935069819,229.46293107648228,14561753
3830,2010-12-31,230.83656311035156,232.53726728958523,229.63736056742894,230.6948426136961,9973432
3831,2011-01-03,230.16064453125,232.5372609538521,229.50653539428157,232.2101991079471,10411256
3832,2011-01-04,234.8484649658203,235.4589678274748,230.53132407176713,231.1200237796069,22021878
3833,2011-01-05,234.56500244140625,237.6611373280341,233.30037597167376,235.48074937243342,25943243
3834,2011-01-06,236.7017822265625,237.9663942092415,234.29246104776743,235.04468438051168,21763180
3835,2011-01-07,232.29742431640625,237.17057476593837,230.68394726180298,235.7642276735746,17875107
3836,2011-01-10,225.3311309814453,233.3985314576951,222.66017163737015,232.29744298655658,18478415
3837,2011-01-11,221.0357666015625,228.65618692587577,217.73250158079364,226.75925438849222,21147094
3838,2011-01-12,224.75331115722656,225.81079321518348,218.69185980592934,222.54023285023592,23195000
3839,2011-01-13,221.38462829589844,226.57392419992829,220.45796519414134,224.57887750350866,24336418
3840,2011-01-14,218.36480712890625,224.53527409622626,217.60166766295887,221.10117560914674,19111808
3841,2011-01-17,217.5798797607422,219.78207114595617,216.30436610904175,218.69186975320994,14046519
3842,2011-01-18,216.9148712158203,219.78207339948878,215.85738909892055,219.09524491398355,14871527
3843,2011-01-19,213.70970153808594,219.12793057987273,212.58681005452507,217.95053121408483,23491557
3844,2011-01-20,211.46389770507812,213.15370022305243,208.12792808329232,213.15370022305243,41343304
3845,2011-01-21,215.15966796875,216.40247686887247,212.15074535758313,212.5868229967897,19528676
3846,2011-01-24,211.84547424316406,217.1437859564717,210.21019410799371,216.96936073293622,22242712
3847,2011-01-25,208.9891815185547,214.75629034062058,208.4985960045855,213.044684552742,20325555
3848,2011-01-27,205.54420471191406,210.92972946477985,204.95550498087766,210.6244852993462,28105152
3849,2011-01-28,199.0684814453125,206.24192320474674,196.67006162222344,206.04569480983892,33855702
3850,2011-01-31,200.44210815429688,202.52436751188773,196.90989543907193,198.16360586234563,25332450
3851,2011-02-01,195.2528076171875,202.27361202413599,193.7374448347014,201.70671549710744,37898873
3852,2011-02-02,200.87820434570312,202.31724170489272,197.82567527527328,198.4143750230951,28465716
3853,2011-02-03,205.80584716796875,206.59078986345682,199.50456066827604,202.3390436134424,17047728
3854,2011-02-04,200.5947265625,206.56896511012877,199.10116692559282,206.56896511012877,20715343
3855,2011-02-07,202.56797790527344,204.6938436123135,199.37372855628348,201.83754314597888,14586353
3856,2011-02-08,199.55905151367188,204.01792735692558,198.68689627202195,204.01792735692558,19685333
3857,2011-02-09,199.35189819335938,204.34495070725828,197.02978986494043,198.06546863495277,38228022
3858,2011-02-10,196.1576690673828,200.76916725061272,192.9852227497052,198.959461757524,28347803
3859,2011-02-11,198.40347290039062,199.50456134947504,193.62843635536112,196.22308460261408,20012347
3860,2011-02-14,199.4609375,200.213160844327,194.94755376951196,197.56400494193068,30145949
3861,2011-02-15,205.32615661621094,206.002083514221,198.6978084467823,199.37373534479232,27266420
3862,2011-02-16,205.86033630371094,207.3102896543788,204.5412164269354,204.58482273328553,11041551
3863,2011-02-17,207.99713134765625,208.32417866612963,204.13785655092784,206.6670952546694,14091434
3864,2011-02-18,203.98521423339844,209.97033967100072,203.2111732134449,208.45497691453807,15747939
3865,2011-02-21,208.52041625976562,209.51247432184692,203.69087209917836,204.10514658012053,25629860
3866,2011-02-22,214.73446655273438,220.087285829715,213.51344639615462,216.29343555979423,88922943
3867,2011-02-23,217.08929443359375,218.53924787802367,214.7672002509217,215.07244441511145,31184499
3868,2011-02-24,210.23199462890625,217.73249746965445,208.95646653324698,217.16558639057817,32903650
3869,2011-02-25,210.6790008544922,214.16760761318687,208.12795889058438,213.8296441485981,15101417
3870,2011-02-28,210.24290466308594,216.7949415166323,209.31624152769305,211.54022140876228,22487428
3871,2011-03-01,215.6066131591797,216.44606363045625,210.88609970365758,212.30334826437905,12622459
3872,2011-03-03,213.11009216308594,214.76719005222506,211.08235521844557,212.6304227849945,19518684
3873,2011-03-04,214.15667724609375,216.9039472398895,213.26271888241774,214.6908690380774,15419957
3874,2011-03-07,213.0337677001953,214.3965083756921,210.18838356707732,212.39056015617479,11821324
3875,2011-03-08,214.75628662109375,216.38066521104028,213.24092379795394,213.24092379795394,12057689
3876,2011-03-09,216.69680786132812,218.99709857318973,211.08233622425612,215.57390189004104,32473255
3877,2011-03-10,214.71267700195312,216.51148079103993,214.1130611840824,216.44607133196496,9853822
3878,2011-03-11,216.3043670654297,216.92577152810415,211.96540829435293,213.415361743822,15000438
3879,2011-03-14,222.03875732421875,222.56204759205045,216.3479738421937,216.5005959251488,28811267
3880,2011-03-15,226.15965270996094,228.85241488470092,215.61752256308682,217.5907661326407,56447390
3881,2011-03-16,228.30734252929688,230.0298499975128,226.34500035554584,227.8494617184321,20605120
3882,2011-03-17,224.76422119140625,228.67800384369792,224.14281673636202,226.60664595698864,12381790
3883,2011-03-18,216.51148986816406,225.66907650973755,215.11604435153623,225.66907650973755,40501886
3884,2011-03-21,215.92279052734375,218.0377546824312,213.91684214213868,217.8306247196547,15546778
3885,2011-03-22,217.96144104003906,219.10613571981568,216.32616084680927,216.52238923025362,9793572
3886,2011-03-23,220.92674255371094,221.6680642855029,217.1219760450426,218.005032821387,11419987
3887,2011-03-24,220.2835693359375,222.82370974466684,218.87722213126952,221.50457516264305,11233928
3888,2011-03-25,223.83755493164062,224.5679751010772,220.21811514894472,223.24884069974658,15392440
3889,2011-03-28,223.6413116455078,225.96342017583848,221.15567947037974,223.7612289850259,19079527
3890,2011-03-29,222.9980926513672,225.0149423864673,222.31127882359976,222.3984914296857,18101992
3891,2011-03-30,225.12396240234375,226.21414910872045,223.29243942053256,224.03377569596702,12257428
3892,2011-03-31,228.743408203125,230.00803479423274,225.56006040371273,225.56006040371273,31502965
3893,2011-04-01,225.97433471679688,232.4064397726166,224.79692074218022,228.73250645816287,18772571
3894,2011-04-04,229.08135986328125,229.98621981355697,224.36084629167604,226.7592513174322,13111730
3895,2011-04-05,228.42724609375,230.90196210408257,226.75924672012036,229.48472809208386,10756797
3896,2011-04-06,227.81674194335938,229.86629660197508,226.75925988363798,227.8494466737729,9083271
3897,2011-04-07,227.17352294921875,228.40543017595027,225.6908649137332,227.86033680825545,10163661
3898,2011-04-08,223.2488555908203,229.13588186370276,222.54023852679225,227.19534292687072,11995738
3899,2011-04-11,219.19334411621094,222.27857763670752,218.83359208681986,220.8722451394039,11296579
3900,2011-04-13,222.79100036621094,223.27066978075325,217.29644515090473,218.44113990893092,19116564
3901,2011-04-15,222.60565185546875,223.45600399094565,219.1279468276278,222.10416474695415,14174275
3902,2011-04-18,220.03280639648438,227.78404613057748,218.16857847056164,222.22408163934597,14793743
3903,2011-04-19,220.577880859375,221.84250737406856,217.76520140117086,219.06251808990658,12022958
3904,2011-04-20,223.6849365234375,224.68791073782194,219.82567630189234,221.52636601351878,10315413
3905,2011-04-21,226.8900604248047,227.6750030008248,224.5788681101118,225.62544850824463,14934401
3906,2011-04-25,220.076416015625,222.61655632293764,219.16065440473642,221.090291823071,18138998
3907,2011-04-26,218.28851318359375,220.00010449545803,217.50357050315532,220.00010449545803,17652410
3908,2011-04-27,215.0070343017578,220.021905389581,213.69881592092563,219.1279469446119,24710243
3909,2011-04-28,212.01991271972656,216.51149350010243,211.49662246156834,216.2934619570543,35712321
3910,2011-04-29,214.4946746826172,215.42133798494024,211.78010880291401,212.58685473913155,14936357
3911,2011-05-02,210.3519287109375,215.15966980551863,209.59970532914554,214.52734921810773,13609544
3912,2011-05-03,205.80584716796875,210.9297341792726,205.1844426910326,210.42824705572278,22028515
3913,2011-05-04,206.6234893798828,208.60763466883012,204.95550438763385,206.04569122785577,11668233
3914,2011-05-05,207.1249542236328,210.09027026095967,205.75131196630318,206.0456690767457,19582976
3915,2011-05-06,208.23696899414062,209.31625427005883,206.93963761464562,207.78998976439337,12916462
3916,2011-05-09,209.16363525390625,210.63539189397565,207.44112777427205,209.31625734025852,8012908
3917,2011-05-10,207.29937744140625,210.16657926586527,206.38361594535658,209.16360516159014,8143376
3918,2011-05-11,208.3241729736328,208.96738057056416,205.71862330011126,208.00802724108064,8197011
3919,2011-05-12,206.15469360351562,208.1715434933098,205.17352260011077,207.46291190482748,9218985
3920,2011-05-13,206.6997833251953,209.7523120472838,204.50850824868317,206.10018206814965,13906027
3921,2011-05-16,206.045654296875,207.4410850515344,205.29341648794806,207.13584094169525,7008149
3922,2011-05-17,200.73646545410156,206.4381505584401,199.99514363334566,206.18741427732252,17384039
3923,2011-05-18,196.63735961914062,201.43419933190066,195.87423462906347,200.59474874345682,24814804
3924,2011-05-19,199.61358642578125,201.03083524665576,197.26968890937727,198.06551866739824,18072585
3925,2011-05-20,201.29244995117188,201.85934650329818,198.47977034428203,200.25677103875688,13873483
3926,2011-05-23,198.28353881835938,201.03082367699176,196.95351725387954,200.37671447225014,14836682
3927,2011-05-24,199.66806030273438,200.79095176808485,197.54219471098818,197.54219471098818,11107409
3928,2011-05-25,197.54220581054688,199.3083049298213,196.4520190127465,199.3083049298213,13112272
3929,2011-05-26,203.6145477294922,204.26865686166752,198.65418496962894,198.98124681313737,30001792
3930,2011-05-27,206.14381408691406,207.768192838207,203.66908316038067,203.66908316038067,15134521
3931,2011-05-30,204.70474243164062,207.7899759704716,203.70176826436065,206.90691914703459,7564463
3932,2011-05-31,207.53924560546875,208.42228789916456,204.3667848079131,206.04568588880664,14083332
3933,2011-06-01,206.43812561035156,209.02188648041692,205.75131175979675,207.5719331916089,8042814
3934,2011-06-02,207.36480712890625,208.16065136629163,204.20326244323348,204.20326244323348,9418728
3935,2011-06-03,203.778076171875,210.84250154119658,203.1021638712072,209.42525292574567,19110238
3936,2011-06-06,204.4649200439453,205.12993081828532,202.37174441492016,203.78899313739356,6149800
3937,2011-06-07,208.93466186523438,209.31623158901544,203.54913764664352,203.54913764664352,17612490
3938,2011-06-08,206.96142578125,208.43318229314653,205.81673112361113,208.28056022008587,14205061
3939,2011-06-09,208.0080108642578,208.847446780821,206.48174654205778,206.59076230332036,9152117
3940,2011-06-10,205.93666076660156,208.44409631942537,203.22209524511,208.24786792805594,11068775
3941,2011-06-13,201.81573486328125,205.66410783574366,200.81276070798017,205.66410783574366,12923374
3942,2011-06-14,198.70870971679688,203.1566842137695,198.41436713201387,201.75033708861125,18967099
3943,2011-06-15,196.35391235351562,200.35490766112855,195.92873628399718,198.85044632928643,20156715
3944,2011-06-16,193.5194091796875,196.4520207151865,192.7671858135266,196.4520207151865,24969151
3945,2011-06-17,189.4202880859375,194.7731221532638,188.64626161368471,194.3370445463596,22029696
3946,2011-06-20,181.67996215820312,190.78304093682436,180.55707061795525,190.78304093682436,30300033
3947,2011-06-21,185.03773498535156,186.42226426297154,182.5630044306586,183.12990094402545,17413744
3948,2011-06-22,184.4163360595703,187.10911298398338,181.87619577232797,186.06253245262087,20107599
3949,2011-06-23,189.80186462402344,190.28154855335154,184.43812878787128,184.57986383972056,20713868
3950,2011-06-24,189.9980926513672,191.80781259838747,186.55309253893031,190.5976939232024,31670322
3951,2011-06-27,190.0308074951172,192.26570360615563,187.91584328870235,188.97332539190975,14349371
3952,2011-06-28,189.9326934814453,191.63338319903698,187.94854820016698,191.63338319903698,10219645
3953,2011-06-29,193.01792907714844,193.6175303873745,190.15074145446528,190.93566957999158,12430639
3954,2011-06-30,195.90695190429688,196.67007694323055,193.3995161109246,193.77018432946943,21744714
3955,2011-07-01,187.93765258789062,197.76025055583168,186.7929578292346,197.76025055583168,28677893
3956,2011-07-04,189.34396362304688,191.742383013497,188.6026273774348,190.65219635097617,16499512
3957,2011-07-05,184.4490203857422,189.54020197429418,184.02385891772198,189.54020197429418,33805768
3958,2011-07-06,185.9644012451172,187.18542155213711,183.30434364261788,185.08135893990092,26877909
3959,2011-07-07,189.845458984375,190.7612204786336,186.4767701143671,187.0763859044267,20137982
3960,2011-07-08,186.3895721435547,190.56499252080874,185.76816770752336,190.34696098354942,20937538
3961,2011-07-11,186.05162048339844,187.50155929421254,184.67797815464385,186.2042425572016,9598807
3962,2011-07-12,184.8415069580078,186.9455695391749,184.394527745996,184.78699907298716,13066390
3963,2011-07-13,188.70077514648438,189.62743826955275,185.57193532518156,185.9970968136756,17029770
3964,2011-07-14,189.15866088867188,191.4153455293269,187.37074405533704,188.23199774126118,13312532
3965,2011-07-15,190.3905792236328,191.00108212106412,188.60266228668056,189.19137658386262,10206245
3966,2011-07-18,189.1695556640625,190.54318341557627,188.4282193508515,190.10710579983598,6582763
3967,2011-07-19,191.75331115722656,192.17847266174195,188.82069960471918,189.14776147072737,9822813
3968,2011-07-20,191.04466247558594,193.35586937559515,189.43118555342616,193.1814296037122,11180149
3969,2011-07-21,187.69781494140625,190.9901786569005,186.9782817207772,190.9901786569005,7886175
3970,2011-07-22,190.4232635498047,191.21910773507923,188.0575487015786,188.82068815771927,15303807
3971,2011-07-25,192.49461364746094,194.48966026487955,191.6878824726416,194.48966026487955,21905216
3972,2011-07-26,190.01991271972656,194.0863176193233,189.56203190387598,193.67204311404484,20462017
3973,2011-07-27,187.69781494140625,190.78304868556842,187.3271467536532,190.78304868556842,13675826
3974,2011-07-28,182.57391357421875,186.4222719899153,181.7126599149246,186.4222719899153,31299376
3975,2011-07-29,180.5243682861328,184.73249350116052,179.4777877709462,183.15172115123997,21393442
3976,2011-08-01,181.1566619873047,182.71563107685512,179.08530425216998,182.71563107685512,14242019
3977,2011-08-02,182.56301879882812,182.91186926229926,178.46390941430286,180.43713851283874,16570663
3978,2011-08-03,179.8920440673828,182.32316849483504,179.46688256748874,180.26271223751743,14085375
3979,2011-08-04,177.1229705810547,181.33109570691067,176.62148348836934,180.53526603766534,13737415
3980,2011-08-05,172.68589782714844,174.32119258335908,169.8514150557452,174.32119258335908,26222826
3981,2011-08-08,170.21116638183594,173.64526497873374,167.23496312302296,169.34992725452653,22242669
3982,2011-08-09,166.86428833007812,169.8514076020092,164.18242775313715,164.18242775313715,32649029
3983,2011-08-10,168.48867797851562,172.24982397977115,166.79888985546498,171.23594819497222,17746463
3984,2011-08-11,168.3687744140625,171.14874958956872,166.79890351115714,167.5293237949666,10890149
3985,2011-08-12,165.90493774414062,170.7235805773462,165.27263169039048,170.7235805773462,17222470
3986,2011-08-16,165.52334594726562,168.39054779498522,164.5530765632036,165.7086872960895,11286937
3987,2011-08-17,164.61849975585938,168.8484277067979,163.74634456118545,165.81770223240514,13545843
3988,2011-08-18,161.60960388183594,165.70871359086615,160.6938422330433,165.20722645508388,17126872
3989,2011-08-19,159.7235565185547,161.12990358285126,157.27062897730303,159.3964946614404,20399978
3990,2011-08-22,165.05458068847656,165.6759997010705,158.20820096628432,159.38560041832258,15542731
3991,2011-08-23,166.8533935546875,168.32515009777495,162.98321732417872,165.7850099109367,17536780
3992,2011-08-24,165.99215698242188,167.7800739941222,164.83656060452412,166.58085674937274,12987792
3993,2011-08-25,164.29144287109375,167.67101888134772,163.5828112959967,166.0575419109576,21214238
3994,2011-08-26,156.85633850097656,164.85832789087027,155.2428616432099,163.74633806692572,19501819
3995,2011-08-29,164.62942504882812,165.68690718890613,158.80780793473923,159.4074092593921,18316877
3996,2011-08-30,170.6363525390625,173.62347210647286,166.5808492657671,166.7988953708549,34217075
3997,2011-09-02,175.61849975585938,177.41731806752864,172.12989345053222,173.7106656810202,34086257
3998,2011-09-05,171.99908447265625,174.21216281224045,170.7126547283984,173.23099177733738,19981247
3999,2011-09-06,179.11802673339844,179.9901820414217,169.3063304600878,170.76718550683165,31333473
4000,2011-09-07,181.73446655273438,183.91484012937866,179.5976992832356,179.66310874395387,31438175
4001,2011-09-08,185.8662872314453,187.2944375059916,177.5917572775972,181.73447304310912,35284258
4002,2011-09-09,180.04469299316406,187.19633170905155,179.59771375406567,185.8008861034326,29564130
4003,2011-09-12,175.8038330078125,179.32514417137406,173.39452633393518,176.6868898315927,18579499
4004,2011-09-13,176.6650848388672,179.82662938300254,173.7215718268066,177.3082924133296,25400442
4005,2011-09-14,179.9683837890625,180.91683561043433,175.56401537389115,177.46094812632182,20539026
4006,2011-09-15,182.34498596191406,182.84647309445745,177.38463708020424,181.625467273849,20407052
4007,2011-09-16,180.0229034423828,185.3321177147767,179.00902753325389,185.3321177147767,26810791
4008,2011-09-19,179.12892150878906,180.7860048872341,177.83159017349718,179.8811448811336,12796090
4009,2011-09-20,185.72454833984375,186.1933306668286,177.98421098880775,179.44506585024405,18437927
4010,2011-09-21,182.62843322753906,185.52832555822124,181.47283692617816,185.52832555822124,17030216
4011,2011-09-22,171.45399475097656,180.5134673754633,170.06945078447566,179.65221366848772,27298045
4012,2011-09-23,168.01988220214844,172.81672131467514,166.60263362095455,168.7394153464482,38513013
4013,2011-09-26,165.5342559814453,168.04169139059383,162.99411584227585,167.71464409038447,27202137
4014,2011-09-27,173.8197021484375,174.58282707246613,168.32514738703156,168.76122500998022,22046959
4015,2011-09-28,173.8197021484375,175.80383277284878,172.0535885032375,174.37569711511549,25034598
4016,2011-09-29,176.1090850830078,177.21017339969413,171.03970655185472,172.35884094952183,31511671
4017,2011-09-30,176.25082397460938,179.42327034017063,172.7949365954774,175.19334185275562,34944185
4018,2011-10-03,171.8573455810547,174.40838708783488,170.96338725739338,172.51145468270988,21109422
4019,2011-10-04,168.2379150390625,172.42423644056595,166.85337129570513,170.9415785183934,26251892
4020,2011-10-05,167.23497009277344,169.61157216812535,166.09026080953865,168.4450742850914,20734666
4021,2011-10-07,175.06253051757812,176.17452057489484,171.1378460283722,171.53031738826152,19911027
4022,2011-10-10,180.80780029296875,181.16756687554687,175.34596486891834,175.35686644551643,14846381
4023,2011-10-11,180.31719970703125,183.45694083367522,179.33602878559992,182.0615100361717,15716423
4024,2011-10-12,185.2557830810547,185.74636860543143,180.11009314107062,180.84051336166405,17269967
4025,2011-10-13,184.65618896484375,187.07641194952004,183.60960841279615,185.3321013262119,18353721
4026,2011-10-14,189.01690673828125,189.6274240934954,183.47874612198768,183.58777643495932,17871109
4027,2011-10-17,181.79986572265625,189.44208893995113,181.22206763084236,189.03871606684592,22052401
4028,2011-10-18,178.76913452148438,180.18638304285133,176.90492139142037,179.88112436499782,18299531
4029,2011-10-19,183.8058319091797,184.24190955338375,179.68491927597336,179.99017799336903,11872557
4030,2011-10-20,182.86827087402344,183.34795483691283,179.22704211995213,182.0288348550993,9971735
4031,2011-10-21,182.2250518798828,185.15766336152515,181.21117613008397,183.1517150154783,10342733
4032,2011-10-24,184.56898498535156,186.20426535512715,183.9257627716012,184.8960323264004,9081569
4033,2011-10-25,190.99017333984375,192.08036016303265,183.62050342876245,186.4222815266799,22735907
4034,2011-10-28,196.23399353027344,197.1061488820511,192.76720438890285,196.1685840621167,24528852
4035,2011-10-31,191.3390350341797,196.0813519989995,190.2488482299574,195.79791099841972,15872042
4036,2011-11-01,187.64329528808594,191.5461616502526,186.98917157310476,189.80186570493436,16384499
4037,2011-11-02,190.08531188964844,192.08035870963485,186.4222801160946,186.4222801160946,13751121
4038,2011-11-03,193.1596221923828,193.91186003397078,188.16656947108947,189.2022482841204,16042287
4039,2011-11-04,191.86231994628906,197.32416994728243,190.27064609200502,197.32416994728243,18251373
4040,2011-11-08,192.6799774169922,192.9634184245653,189.36579605993035,191.6552000491577,10120202
4041,2011-11-09,188.59173583984375,194.6313836621272,187.76320150074562,194.0644871496365,11664515
4042,2011-11-11,193.0397186279297,193.79195652317517,185.3538888006492,187.2944276552339,21739364
4043,2011-11-14,191.1536865234375,195.36182606057855,190.34695530480352,194.35885190942355,15996247
4044,2011-11-15,187.82862854003906,191.43715245368278,186.69483540892324,189.9108879910753,9897941
4045,2011-11-16,184.91781616210938,187.31623585343107,182.57391891010974,187.31623585343107,13313254
4046,2011-11-17,176.59967041015625,185.0377378963347,175.79292465449572,184.25279529326815,24227745
4047,2011-11-18,176.1962890625,177.03573950669877,171.59569309274775,174.49559957739734,21690327
4048,2011-11-21,171.45399475097656,174.43021265041526,170.396512654745,174.43021265041526,17715656
4049,2011-11-22,173.38363647460938,175.40048652296642,171.50850693315397,171.83556881161618,19171804
4050,2011-11-23,168.63040161132812,172.2280240220804,164.79294449878572,172.2280240220804,23710270
4051,2011-11-24,168.5758819580078,169.63336399722905,164.2151348820048,168.97925484679698,27857321
4052,2011-11-25,164.3568572998047,168.16160945920925,163.7463544486057,167.82366058086882,16185464
4053,2011-11-28,170.89801025390625,171.33408792276185,166.2647086739364,166.79890054344472,11033484
4054,2011-11-29,166.79888916015625,170.5055272602017,165.52336097418956,170.5055272602017,21013969
4055,2011-11-30,169.68788146972656,170.78898443238876,164.20424258504767,164.98917069895623,19988986
4056,2011-12-01,174.212158203125,176.77410149207032,173.38362382224093,174.212158203125,20626920
4057,2011-12-02,177.0575714111328,177.70077904103002,171.49760676078068,173.7760946867007,19598467
4058,2011-12-05,175.90196228027344,177.0902632556975,174.07043916692066,176.25081273627046,13827937
4059,2011-12-07,176.56698608398438,178.68195034935607,175.127934181971,175.95648318596622,15373615
4060,2011-12-08,169.81871032714844,176.10909486371852,168.34695377944576,174.86628598601882,19435800
4061,2011-12-09,164.77113342285156,167.86726857162853,164.11702425820857,167.86726857162853,22070197
4062,2011-12-12,158.6224822998047,166.14478924534367,157.85934275011476,165.82862893678467,22298377
4063,2011-12-13,161.84942626953125,162.65617207842476,157.2052234669915,157.83752948878123,22873371
4064,2011-12-14,161.76223754882812,164.37868919346099,159.9089109629094,160.9118853062557,23206895
4065,2011-12-15,163.56100463867188,164.5094708740482,157.75030444352396,159.5818274573322,28922246
4066,2011-12-16,157.3905487060547,184.15469142078746,156.12593667509168,163.31027962497424,25499308
4067,2011-12-19,160.3231658935547,161.32614011420915,155.9296992508341,156.81275612126404,20623197
4068,2011-12-20,155.55906677246094,161.71863343864467,154.63240346687058,161.71863343864467,24282464
4069,2011-12-21,163.0922393798828,164.3459497670069,157.57588165588533,158.51344632956778,19963870
4070,2011-12-22,164.5203857421875,165.77411076610363,159.82167504515718,161.64229662990024,19571514
4071,2011-12-23,162.74339294433594,167.83457521746976,161.87123762913316,165.70870937215082,15360163
4072,2011-12-26,165.92674255371094,166.75529156677814,162.55805316790517,162.8851150530303,10396517
4073,2011-12-27,164.19334411621094,167.60562517636032,162.51444297483232,167.01692544107345,13449406
4074,2011-12-28,161.14080810546875,165.38163797452933,160.33406230209815,165.20721274346212,12376536
4075,2011-12-29,155.22108459472656,161.1299142379508,154.19630720349045,159.9634017848487,23840441
4076,2011-12-30,151.08926391601562,157.1071090797043,150.2280102231047,155.46092728774494,29146195
4077,2012-01-02,154.0545654296875,154.75228084586405,149.82463751911254,151.92869989844164,18808107
4078,2012-01-03,158.00106811523438,158.49163908226208,154.8831151964496,155.2973896790044,20489219
4079,2012-01-04,156.14773559570312,159.3746896019149,155.53723275058763,158.600663107619,18541902
4080,2012-01-05,152.5174102783203,158.06647293452772,151.33999632751113,155.89698639207379,28959200
4081,2012-01-06,156.45297241210938,157.8593193937092,151.89599716300887,151.9832097718198,20575210
4082,2012-01-09,153.98916625976562,155.77706850088538,153.160617321904,155.77706850088538,18386646
4083,2012-01-10,160.51939392089844,161.12991135761573,155.24288497455373,155.24288497455373,19720278
4084,2012-01-11,163.14675903320312,164.18243796854415,159.49461426188657,160.89005979677168,21183286
4085,2012-01-12,160.6719970703125,164.17150452801008,159.73443251094932,162.9831891888917,14225123
4086,2012-01-13,159.56002807617188,163.7354482818709,158.75328231177454,161.78400788420956,20530513
4087,2012-01-16,155.4500274658203,159.15666557253928,155.02485140306592,159.15666557253928,17794345
4088,2012-01-17,161.794921875,162.30731056066432,156.11504002368642,156.11504002368642,22738488
4089,2012-01-18,170.0149383544922,171.79195360685253,165.28352299086143,166.14477667481782,40461227
4090,2012-01-19,171.30136108398438,173.54714405071817,170.52732004681042,172.03178126054252,23989114
4091,2012-01-20,172.82762145996094,174.43019682468085,168.3360410753636,172.24980881211235,31725274
4092,2012-01-23,168.22702026367188,170.014922369984,164.6621030720713,164.68390622380042,28250482
4093,2012-01-24,170.8870849609375,172.59867611043668,167.97627674979773,168.8920382718239,22291662
4094,2012-01-25,172.4569549560547,173.34001174567888,170.6799398005107,171.96636946791253,16786908
4095,2012-01-27,178.87815856933594,180.51345323776474,174.21215290777005,174.4301989891533,24347771
4096,2012-01-30,173.28549194335938,178.54021190095438,172.72949698899248,177.4609267216044,21126187
4097,2012-01-31,178.1586456298828,178.9653914133682,174.7354486706695,175.411375534079,27405612
4098,2012-02-01,181.2329864501953,181.8434893286026,177.9188196503598,178.55112568318015,16522676
4099,2012-02-02,180.80780029296875,183.7404117269001,179.69581037028215,182.06152526627213,21445055
4100,2012-02-03,182.7810516357422,183.15171981065342,177.84249167875439,180.97134617911442,19989261
4101,2012-02-06,181.62545776367188,185.22308012530735,179.68491880176438,184.43813745684304,17430906
4102,2012-02-07,184.14378356933594,185.92078420924736,181.8979860286881,183.5877886111525,21068816
4103,2012-02-08,187.16360473632812,188.5372324685528,184.24189494028553,184.67797254990222,15957543
4104,2012-02-09,186.1715087890625,187.49062847372466,183.71858163989597,186.80381469389394,18851741
4105,2012-02-10,183.8603515625,187.29445049490351,182.7156567699801,185.40841929333797,14952871
4106,2012-02-13,185.1685791015625,187.25083864430619,183.36976057665981,183.39156373187836,15284147
4107,2012-02-14,185.09225463867188,186.72753482603056,183.80582490951738,184.65617701107448,13711512
4108,2012-02-15,182.42127990722656,186.58581322092286,181.63635182607962,186.24784978669948,31421021
4109,2012-02-16,177.14476013183594,181.18936129346045,175.45497217607593,181.18936129346045,27747347
4110,2012-02-17,178.39849853515625,180.18641551148104,176.65420242482008,179.23794913438724,35922700
4111,2012-02-21,183.92575073242188,185.05955843837395,177.72257857844266,178.24586884471174,36457910
4112,2012-02-22,181.71266174316406,186.94556410135834,180.9931431269781,184.89600946482875,25146771
4113,2012-02-23,183.06451416015625,185.3102973395171,180.23001668742296,181.40741616448173,19105924
4114,2012-02-24,178.78005981445312,183.522391474502,177.59175878254527,181.73447458316338,18746068
4115,2012-02-27,170.38558959960938,180.0119575788932,166.87518030596908,179.18340870790303,27772012
4116,2012-02-28,173.6670684814453,174.5065190115505,171.7483327296862,172.04268986052014,23140014
4117,2012-02-29,178.95448303222656,180.51345210171294,175.33505783052252,175.53128620317506,27846970
4118,2012-03-01,176.8177032470703,178.50750580499897,174.6700344812732,177.0030446003349,12960682
4119,2012-03-02,177.50453186035156,178.35486937358198,175.68391038392187,177.973314199946,12687228
4120,2012-03-05,173.88511657714844,177.4827388757188,173.17648496154303,177.05756281732408,13074509
4121,2012-03-06,169.3172149658203,176.392541804249,168.76122001559665,173.77607614398966,35129404
4122,2012-03-07,166.10116577148438,169.5243630039361,163.74636680279102,169.31723303061622,28202989
4123,2012-03-09,168.7176055908203,169.98221749973084,167.71463150243986,169.0446528664829,17249418
4124,2012-03-12,174.11404418945312,175.08431362272123,170.00403334632162,172.24981635960333,15041933
4125,2012-03-13,178.78005981445312,179.21613746001967,175.14973270027824,175.1824374320825,16117008
4126,2012-03-14,177.59176635742188,180.97135733858136,175.89107656653076,180.53527967441462,17623820
4127,2012-03-15,173.6997833251953,179.05261799240364,172.99116623133852,178.354887921227,20258209
4128,2012-03-16,168.40145874023438,173.92871824212938,167.31127195823618,170.0694436434011,25168501
4129,2012-03-19,164.6403045654297,170.72355872758058,163.7681493619757,170.2874811258536,15978638
4130,2012-03-20,165.82861328125,167.10412686309488,163.5937318414292,164.85834384658892,10455362
4131,2012-03-21,167.46389770507812,168.65219870364567,164.64031649764928,165.70870014963236,14211666
4132,2012-03-22,160.55210876464844,168.20523411794127,159.6036424588566,166.9951154101051,29243875
4133,2012-03-23,162.23098754882812,163.4192884912445,160.93365628709915,162.17647966659268,26956646
4134,2012-03-26,159.18936157226562,162.19828402304003,158.5134492726888,162.19828402304003,23135333
4135,2012-03-27,159.39649963378906,161.0863023009434,158.09918285128907,160.91186251278117,27194700
4136,2012-03-28,158.22999572753906,160.45397558671758,157.09620264461833,159.16756043047653,18072694
4137,2012-03-29,158.00106811523438,159.10215650647046,156.55111470371386,156.55111470371386,23976904
4138,2012-03-30,163.65914916992188,164.18243943080907,158.53526233314255,159.05855259402975,17276879
4139,2012-04-02,161.46783447265625,163.71363180559686,161.14078720682062,163.3865699849207,11220694
4140,2012-04-03,164.1170196533203,166.34099948361015,162.27459500137505,162.27459500137505,17515593
4141,2012-04-04,162.8741912841797,165.05456474169486,162.10016481979517,162.4381136817084,11813695
4142,2012-04-09,161.81671142578125,163.0922395215057,160.06151397131504,161.35883066486798,11411688
4143,2012-04-10,161.9257354736328,162.87420177299023,160.93366286670422,162.6561702351344,8370104
4144,2012-04-11,159.2329864501953,161.12991920667668,158.3608311165509,161.12991920667668,16304095
4145,2012-04-12,162.0674591064453,162.5689607628937,159.88708546636536,159.88708546636536,11779103
4146,2012-04-13,163.8662872314453,166.14478975494603,160.80285655526185,162.66708456950394,14214624
4147,2012-04-16,163.1140594482422,164.28055734573311,160.47579037480284,162.89601334427672,10518035
4148,2012-04-17,162.74339294433594,164.57490164044992,161.42425839396282,164.57490164044992,13893966
4149,2012-04-18,163.2230682373047,165.0109705281202,161.93663848800904,163.5283123930124,14998238
4150,2012-04-19,161.70770263671875,164.37866172820722,161.02087418830587,164.37866172820722,18399192
4151,2012-04-20,159.3529052734375,161.56599836132685,158.73150077830198,161.3588538263859,14922257
4152,2012-04-23,160.54119873046875,162.60165488801007,157.9029299144438,158.2626964902366,22106609
4153,2012-04-24,160.27955627441406,161.45695570744402,157.7939239286955,161.1299083954038,16664900
4154,2012-04-25,160.54119873046875,161.98023592395663,158.74238040634646,160.0615148143589,13586437
4155,2012-04-26,162.44900512695312,163.31025870199392,159.9524715607583,160.71561095620115,15180399
4156,2012-04-27,161.78402709960938,162.90691871341127,160.5848244418385,161.6314050116714,12501799
4157,2012-04-30,162.4599151611328,163.07041797636933,160.802831932679,160.802831932679,12147744
4158,2012-05-02,162.12197875976562,163.83357000012646,161.3479376890351,163.07043050631205,12520177
4159,2012-05-03,161.09719848632812,162.3182041883854,160.29045269954028,161.0208728944627,8299657
4160,2012-05-04,158.39352416992188,161.34793886477837,157.42325470763046,159.90888703683464,16529947
4161,2012-05-07,156.0496368408203,157.42326473948305,153.7384295962629,155.89700019831292,20084811
4162,2012-05-08,154.44703674316406,156.74732749010323,152.4083838192666,156.55109912282197,16997816
4163,2012-05-09,151.55804443359375,154.43614805630267,150.67498759744677,153.06250570616766,16058311
4164,2012-05-10,151.35092163085938,154.4579585147765,150.5659789494195,152.02683398360156,14838445
4165,2012-05-11,152.01593017578125,153.280542243627,150.0753912102678,151.10016857915213,13310297
4166,2012-05-14,148.5491180419922,153.2369269682487,147.9495167748308,152.19034650615274,17853868
4167,2012-05-15,148.62542724609375,150.00997112018163,146.9792455371279,148.0476291392298,16170682
4168,2012-05-16,147.41531372070312,148.87616853652042,146.75028848990968,147.17546449923182,13569502
4169,2012-05-17,149.38858032226562,150.41335771194923,147.78600477305955,148.3201966227949,15576334
4170,2012-05-18,150.12989807128906,151.84148934853687,147.17548333428994,147.5897578208737,10341793
4171,2012-05-21,151.64523315429688,152.77902607980354,149.57387565602278,149.68289140754456,10211280
4172,2012-05-22,150.6859130859375,153.62942663695782,150.17352433690112,153.62942663695782,12853294
4173,2012-05-23,149.7592315673828,150.43515846799102,148.16755762100448,149.39947951737565,11301566
4174,2012-05-24,151.60165405273438,152.62643141057586,149.59570564548358,151.31819849308258,10498664
4175,2012-05-25,150.7076873779297,151.6016457615837,150.12988926796066,151.5362363025127,13496281
4176,2012-05-28,152.9862060546875,153.2805486520826,150.8821433428232,150.8821433428232,11265492
4177,2012-05-29,153.02981567382812,154.76321022715985,152.09225086328001,153.10612671924702,15024360
4178,2012-05-30,153.98916625976562,154.5124564955619,151.56894346114208,152.55011447261538,15403723
4179,2012-05-31,153.84744262695312,158.96042802086282,148.7780780978693,151.97232763316512,39482174
4180,2012-06-01,149.41038513183594,154.68689422294466,147.84051429758432,154.22901341026588,17921568
4181,2012-06-04,151.045654296875,151.97231743148936,146.8266276505151,147.61155573235683,14269847
4182,2012-06-05,153.18243408203125,153.93467204990617,151.55805534692084,151.75428374470906,13284608
4183,2012-06-06,156.09324645996094,156.55112728750103,152.29938090458398,153.5967123417549,23252900
4184,2012-06-07,157.25973510742188,159.58184384156473,156.16954827007015,157.21612879831522,27944820
4185,2012-06-08,159.10214233398438,159.5818262360803,155.3082774215129,156.5511007584692,12717493
4186,2012-06-11,157.47775268554688,160.56300066509718,156.57290729699602,159.75625490849254,9954345
4187,2012-06-12,157.63040161132812,158.29541237296667,155.76617369749687,155.89699262342393,11961991
4188,2012-06-13,156.18043518066406,157.84842001188355,155.3300831232542,157.47775186444318,9950023
4189,2012-06-14,156.19134521484375,157.1616146635767,155.03574895977567,156.11503417694107,7479627
4190,2012-06-15,158.4589385986328,159.12396392589258,156.66013467345329,156.66013467345329,9936719
4191,2012-06-18,156.74732971191406,160.14872334355653,155.24286854357615,159.24386341636261,10034412
4192,2012-06-19,160.7919464111328,161.21712247548746,156.33307035625663,156.33307035625663,7804051
4193,2012-06-20,160.78103637695312,161.99114048852155,159.82166852703645,160.91185529607577,10313366
4194,2012-06-21,156.70372009277344,160.0397041971638,154.8940002766658,160.0397041971638,22609240
4195,2012-06-22,155.02484130859375,155.87517882389002,153.4004627580721,155.58083626065576,19130296
4196,2012-06-25,156.1586456298828,157.63040221674282,155.24288403519088,155.72256798694175,11114641
4197,2012-06-26,157.75030517578125,158.18638277894274,155.7770616627673,156.44207236629683,16084241
4198,2012-06-27,157.53228759765625,159.08035522076423,156.55111654239204,158.3826251720006,7708056
4199,2012-06-28,156.96539306640625,158.6878859466328,156.25676143127515,157.94654957955805,11903391
4200,2012-06-29,160.87916564941406,161.54419099365376,158.09919058321324,158.09919058321324,16771028
4201,2012-07-02,160.78103637695312,161.52235814015677,159.20026410636189,160.36676191155613,6831968
4202,2012-07-03,160.55210876464844,161.92573657214342,159.4510058264797,161.33703686109666,10294922
4203,2012-07-04,160.09422302246094,161.34793344452075,158.91680908196466,161.34793344452075,9347118
4204,2012-07-05,161.0644989013672,161.87123015908392,159.6145454870792,160.24685151174205,7805552
4205,2012-07-06,160.22503662109375,160.91185048077668,159.05853885080708,160.91185048077668,9259557
4206,2012-07-09,159.56002807617188,159.99609113277404,158.3172047003307,158.94951068724552,7798797
4207,2012-07-10,161.28253173828125,161.78401884218218,159.34199278559817,159.4837132885929,5974354
4208,2012-07-11,158.21908569335938,160.60660362974252,157.42324152961794,159.91977522683106,11937173
4209,2012-07-12,157.2488250732422,159.12395448335394,156.35486667494777,157.40144714690734,10066480
4210,2012-07-13,156.6601104736328,158.40440624267868,155.89697106822229,156.9871722980717,11373177
4211,2012-07-16,157.06350708007812,157.8920415098654,155.9078962215481,156.9871960389648,7307313
4212,2012-07-17,156.845458984375,158.72058847582466,156.39847976583908,158.03377455969724,11396875
4213,2012-07-18,156.07142639160156,157.39054628682644,155.28648375663695,156.5511103230039,8552746
4214,2012-07-19,158.6878662109375,159.14574695604549,156.55109910366093,157.03078300068637,11681226
4215,2012-07-20,157.5649871826172,158.91681181761194,156.34396691458443,157.48867614489805,12406980
4216,2012-07-23,156.76913452148438,158.25179255326753,155.52632572159922,155.89697931341394,10221032
4217,2012-07-24,157.96836853027344,158.480742668083,156.62743084551946,157.20522900257322,8035118
4218,2012-07-25,156.8236541748047,157.97926500643993,155.27558656943478,157.07440500175548,8748220
4219,2012-07-26,154.8395233154297,157.18343537272398,154.07639829632888,157.18343537272398,14016845
4220,2012-07-27,157.20521545410156,158.46982743322263,156.14773342773321,156.76913784083308,13466410
4221,2012-07-30,159.08035278320312,159.560036726312,157.39055012789476,157.64130095387648,6963876
4222,2012-07-31,162.1328887939453,162.67798222302807,157.20523022238794,159.51643742337953,13479810
4223,2012-08-01,162.81968688964844,163.72454684253887,161.04267171314012,161.40243828997978,14431906
4224,2012-08-02,161.24981689453125,163.00501437069133,160.63931405738174,161.80581184933186,7974567
4225,2012-08-03,161.90391540527344,163.09223082696778,159.28746445014036,160.25773380191652,10943814
4226,2012-08-06,171.38858032226562,172.11900052706542,163.1031490273604,163.1031490273604,37384710
4227,2012-08-07,170.8870849609375,173.5471423614751,169.57885213592274,171.38857202730026,19670296
4228,2012-08-08,172.42425537109375,174.2121576014302,170.62543700929456,171.1705303951763,18370923
4229,2012-08-09,170.1021728515625,173.6452876803379,169.3390478162856,172.010007272021,12750067
4230,2012-08-10,170.52734375,172.03180517285128,168.79394919001308,169.55707420197567,10678248
4231,2012-08-13,171.84646606445312,172.24982442009934,169.96043499300683,169.96043499300683,6183560
4232,2012-08-14,174.3321075439453,174.86629940849966,171.59572419983496,171.79196715416404,16508712
4233,2012-08-16,177.9515380859375,179.19434709287322,174.23398353348867,174.87720574789245,21632112
4234,2012-08-17,177.94061279296875,179.85933393788616,176.53426574792866,178.3330695503216,14330179
4235,2012-08-21,177.53724670410156,179.64130928653265,177.11207064584258,177.91881645431783,11057384
4236,2012-08-22,176.13088989257812,177.80977632416918,175.67300912853662,176.43614858688633,8748439
4237,2012-08-23,173.23098754882812,176.91583690566344,171.80285189396363,176.73049554724838,16661033
4238,2012-08-24,170.52734375,173.23100785801128,169.78602189395508,172.63140651543128,15117604
4239,2012-08-27,171.67202758789062,173.60166498281563,170.83259158379562,171.3776850017892,9154343
4240,2012-08-28,172.29344177246094,173.10017302215553,169.7533015671603,171.56300700662618,8774153
4241,2012-08-29,170.53823852539062,173.88512470915768,170.13486560215983,172.4678759665095,8842299
4242,2012-08-30,170.81077575683594,172.6531858421258,167.5838072424921,170.01493156599378,27245709
4243,2012-08-31,167.1041259765625,171.02881000112586,166.2973947513004,170.06944214823963,14781765
4244,2012-09-03,166.37371826171875,167.8781796136103,165.71960906019638,167.45300353842572,9790138
4245,2012-09-04,169.9822235107422,170.3201869290524,166.18837309500933,166.56992826344177,8754970
4246,2012-09-05,168.1398162841797,170.05855212025313,166.62445336555126,169.0337747380107,13179587
4247,2012-09-06,167.49659729003906,168.89204276285966,166.58083574366174,167.08232282335962,5302686
4248,2012-09-07,172.6313934326172,173.66707236990598,169.74240271824684,169.78600902677752,13821905
4249,2012-09-10,172.69680786132812,175.16063713837207,172.0645018146087,174.4302168946373,8776096
4250,2012-09-11,172.4678497314453,173.52533170009906,170.76716023187493,172.14078790063368,13658914
4251,2012-09-12,174.0159149169922,174.3647798950206,172.1298840972709,173.01294084064617,7772894
4252,2012-09-13,174.24488830566406,176.28354165701916,173.18740610612596,174.0159551625007,11677889
4253,2012-09-14,183.53329467773438,184.3945338443865,176.51247508708357,177.26469848008898,36312698
4254,2012-09-17,190.51048278808594,192.22208855833398,184.91781380838182,184.91781380838182,42430663
4255,2012-09-18,186.55308532714844,190.54317867380823,185.61553521470637,189.7364474763802,17296128
4256,2012-09-20,181.5164337158203,184.9614192846737,180.58977058593655,183.3043359604964,15310116
4257,2012-09-21,185.3975067138672,186.3568746246184,181.4074129888746,181.62545908941414,35935601
4258,2012-09-24,182.35586547851562,187.03277277224112,181.57093741875363,185.33208318038868,14905003
4259,2012-09-25,183.0972137451172,184.19830214889103,181.02585586359982,182.71564398935274,13838236
4260,2012-09-26,184.18739318847656,185.26667839464832,181.810776686647,182.7156366651036,16657879
4261,2012-09-27,180.93862915039062,184.8960181115878,179.71762339465835,184.28551523372167,30420370
4262,2012-09-28,182.54122924804688,184.87422511573737,181.91981020399518,182.4976229368634,14117613
4263,2012-10-01,181.73446655273438,183.6532022865056,180.80780341620792,183.15171519949004,8712229
4264,2012-10-03,184.4817352294922,186.08432522388298,181.89798877718428,181.9415950839876,21902919
4265,2012-10-04,185.9644012451172,187.27263416945797,185.13586682572645,185.45201256351453,12626615
4266,2012-10-05,187.03277587890625,187.94853742620774,148.77806639679136,187.490656652557,15714795
4267,2012-10-08,178.66012573242188,186.32415215677378,177.97331187401144,186.32415215677378,20893020
4268,2012-10-09,177.76617431640625,180.25180657208057,177.28649038794833,179.99016873192645,11601732
4269,2012-10-10,177.9188232421875,179.29245110762406,176.04369370544165,176.82862183499927,9380939
4270,2012-10-11,178.78005981445312,179.22703903728777,176.45796563697792,178.57292984635933,11857119
4271,2012-10-12,178.55111694335938,180.18639710881948,177.9297125181624,178.5293137900136,10626525
4272,2012-10-15,179.4559783935547,180.949538074557,178.5729215661,178.5729215661,11181159
4273,2012-10-16,177.14476013183594,183.1408016298015,176.6105683494426,182.91185397743794,22171959
4274,2012-10-17,175.5531005859375,178.22405971433426,174.76815793543105,177.92971713652614,20915414
4275,2012-10-18,176.89404296875,177.91882033981855,173.77608999170647,176.01098610191525,26601633
4276,2012-10-19,175.04071044921875,176.71959695089686,174.28847253587548,176.10909409163594,12648708
4277,2012-10-22,177.83157348632812,178.12593059431074,172.62047458970866,173.3836140223503,14165351
4278,2012-10-23,176.59967041015625,177.6571524206476,175.4767789418829,177.37369688208426,9493730
4279,2012-10-25,176.69778442382812,178.5075043067232,176.00006898666217,176.6323749661102,18056661
4280,2012-10-29,176.8722381591797,177.56995365141395,174.94260078483532,174.94260078483532,10986118
4281,2012-10-30,175.13880920410156,177.0030369030057,174.2448508703126,176.61056561562992,9337388
4282,2012-10-31,175.62937927246094,176.03275210036588,173.99409936578536,175.11699069507887,9422473
4283,2012-11-01,175.978271484375,176.34893964485275,171.96637484346397,173.34001716416944,18379112
4284,2012-11-02,176.16358947753906,177.6789522187362,174.9752885739184,177.04664625060678,11547717
4285,2012-11-05,175.77113342285156,176.38165084657203,174.83356868804066,175.2260400161917,5066549
4286,2012-11-06,175.61849975585938,176.04367578706348,173.6125514941673,175.30233948782515,15450143
4287,2012-11-07,174.61553955078125,175.58580903005628,173.99413509631373,174.86629038091115,10418019
4288,2012-11-08,173.68887329101562,174.05954146360324,172.19531357851514,172.90394519271285,12414461
4289,2012-11-09,171.7374267578125,175.1933284269471,171.1596286426621,172.98025015583192,10595311
4290,2012-11-12,171.51939392089844,172.11899518470693,169.85140904779297,171.34496869647177,12661154
4291,2012-11-15,171.07241821289062,171.99908134621535,169.42623645930883,171.99908134621535,15252390
4292,2012-11-16,169.011962890625,172.82763121178857,168.1071029059653,171.68292198253417,14357871
4293,2012-11-19,168.82664489746094,169.6878840650064,166.0030490280241,169.03377486760456,20723808
4294,2012-11-20,166.8751983642578,170.22206982813637,166.18838445927236,170.22206982813637,9434023
4295,2012-11-21,168.15069580078125,168.73941001108162,165.94851924206725,167.1259185529859,8612899
4296,2012-11-22,166.9842071533203,168.69581288800046,166.01393773240835,168.5540778382601,10486909
4297,2012-11-23,168.70672607421875,169.15369074273383,167.0169233763148,167.0169233763148,7469469
4298,2012-11-26,168.6848907470703,169.94951724409827,168.10709265668837,168.95744470546853,4542818
4299,2012-11-27,171.55209350585938,171.8137458894946,168.76121722451828,169.41532635134425,10808581
4300,2012-11-29,174.0595245361328,175.3023333020988,170.647229385431,171.37766408257818,19614256
4301,2012-11-30,173.05657958984375,176.17451816070886,172.24983372528436,173.56896829980892,18244916
4302,2012-12-03,175.30233764648438,175.95646132831598,172.19530109972905,173.34001026551368,10320168
4303,2012-12-04,179.81573486328125,180.03378095875516,175.73842861473395,175.77113334582864,15279225
4304,2012-12-05,181.53823852539062,182.51940954776666,178.9217873173353,180.58977223343766,13516432
4305,2012-12-06,184.00205993652344,184.42723600265498,179.2270381238492,182.26866549520244,11534903
4306,2012-12-07,181.9743194580078,185.26668304278587,181.06945945684927,183.38065200142884,13188809
4307,2012-12-10,180.60067749023438,182.70474007635954,179.06351146450234,181.97431986051913,8177837
4308,2012-12-11,178.80186462402344,182.79195837982152,177.59176042637839,181.4074143894295,16253418
4309,2012-12-12,181.53823852539062,182.01792245977097,178.64923334230096,179.88114063125374,10123422
4310,2012-12-13,181.8979949951172,183.3697515645659,181.05855900561596,181.53824295169204,11603084
4311,2012-12-14,182.98817443847656,184.6343707296087,180.64427724275563,181.9524955485436,8950431
4312,2012-12-17,181.87619018554688,184.1110862394831,181.18937628132582,181.95250122436673,7246381
4313,2012-12-18,181.276611328125,183.03182365753958,180.09921175952928,181.95252373900857,7996183
4314,2012-12-19,183.04269409179688,183.81672057589154,181.8543785922214,182.1051294058352,8718992
4315,2012-12-20,182.6829376220703,183.57689605162483,180.86231603174653,183.57689605162483,9577572
4316,2012-12-21,179.9356689453125,181.9525043851136,179.27064362864522,181.62545707020445,9402708
4317,2012-12-24,178.94361877441406,180.393557828857,177.83161409961815,180.01200258023755,5704037
4318,2012-12-26,180.58975219726562,182.2577369283075,179.22701158297252,179.22701158297252,5823779
4319,2012-12-27,178.2894744873047,181.40741291861718,177.72257791386994,181.03675929107632,16101867
4320,2012-12-28,183.20620727539062,184.45991760733148,179.12890147036006,179.55407748318447,14550602
4321,2012-12-31,183.05360412597656,185.28848562461474,182.45398828282944,183.21712778055718,9730755
4322,2013-01-01,183.3043212890625,184.59075090219582,182.95545630747972,184.0238544038994,6831351
4323,2013-01-02,184.88510131835938,186.64031332196876,183.70770196831435,184.02386223584566,13441898
4324,2013-01-03,187.67601013183594,187.94854956539626,184.15469876633608,185.02683950857204,17266808
4325,2013-01-04,187.9158477783203,188.5154490963927,186.1061422465899,187.92674935583358,13306377
4326,2013-01-07,186.77114868164062,189.9108902614237,185.72456815504626,188.75529396223467,15307180
4327,2013-01-08,185.4738006591797,187.09819374426635,184.87419940893795,186.44407005778308,13973797
4328,2013-01-09,185.92079162597656,187.479760797356,185.0377493364836,185.8553821641506,17071824
4329,2013-01-10,185.34298706054688,187.2835259134197,184.67797633354868,187.0218735203524,9239813
4330,2013-01-11,183.12991333007812,185.98619924234913,182.3340691094075,185.8771834737209,8050294
4331,2013-01-14,184.7978973388672,185.98619832071094,182.93366948519338,183.3697471123876,7060887
4332,2013-01-15,184.71067810058594,185.7245538171308,182.7156313967498,184.49263201738697,10387846
4333,2013-01-16,187.80682373046875,189.88908316315215,184.4708392744566,184.4708392744566,19551254
4334,2013-01-17,194.0535888671875,194.82762989372145,187.45794599657455,187.97033463721877,22117537
4335,2013-01-18,196.27760314941406,196.87720446133423,193.1051422417048,195.14379543513917,22754714
4336,2013-01-21,200.58383178710938,208.2260554538166,200.16955731347286,204.5412206080138,43957346
4337,2013-01-22,200.6056365966797,202.9277452506694,199.62446556596203,200.5947350197793,18664413
4338,2013-01-23,201.25973510742188,202.51346004909743,199.76617548663918,201.0526051572839,11701950
4339,2013-01-24,199.62445068359375,202.41534149107554,197.76022295324336,201.68490678352157,13438049
4340,2013-01-25,198.89405822753906,200.01694983061424,197.34599054299773,199.77710056844526,14088477
4341,2013-01-28,195.69976806640625,199.10116171072113,195.1437731276492,198.70869041429222,13400981
4342,2013-01-29,192.49461364746094,196.67003367337423,191.89501241560902,195.14376937645974,15439403
4343,2013-01-30,196.10313415527344,196.9752893272028,193.5084863458824,193.5084863458824,17641932
4344,2013-01-31,193.32318115234375,195.79791190460944,192.5491400759549,195.50355477087956,16733589
4345,2013-02-01,194.92575073242188,196.19036273532748,192.65815001174556,194.34795261429758,8152817
4346,2013-02-04,193.33409118652344,196.4520296727763,192.76719460309957,195.37274439329207,13697044
4347,2013-02-05,190.72853088378906,193.1596407455777,190.3469611384325,192.74538082444792,9708430
4348,2013-02-06,190.9247589111328,192.50553121912552,189.86727684685385,191.97133939856027,9876509
4349,2013-02-07,190.32513427734375,192.30927924023732,189.33306179589695,190.0416787591416,8542570
4350,2013-02-08,188.2864990234375,190.56498673802466,186.85834883320007,189.68194448407849,9584217
4351,2013-02-11,189.34396362304688,190.78301525731695,187.64327417609525,188.6026273774348,8329895
4352,2013-02-12,190.88116455078125,191.9495482587807,188.64628293697803,189.3876047641201,9728703
4353,2013-02-13,191.6551971435547,193.61752467691605,190.23794846264715,192.74538395814739,10533233
4354,2013-02-14,186.65122985839844,192.62545425269738,185.55014145419852,191.87323087288934,12284945
4355,2013-02-15,184.4163360595703,186.94557476950354,181.86529419501883,186.400481349204,14390520
4356,2013-02-18,184.78700256347656,186.33507019183236,183.8494378137265,184.8960183355771,5310071
4357,2013-02-19,184.98324584960938,186.42229782174877,181.89801192165976,185.11407934150853,9677020
4358,2013-02-20,190.7394256591797,191.62246790915273,186.7711353805963,187.0654925004818,14873246
4359,2013-02-21,187.33804321289062,191.17551480515513,186.1279390405886,189.4748105518367,16214530
4360,2013-02-22,188.07937622070312,190.1289163512033,187.07640203192517,187.18541780139182,9725304
4361,2013-02-25,186.28054809570312,188.59174050730022,185.5501279235056,188.38461055610975,9878487
4362,2013-02-26,179.55410766601562,185.2666944727075,178.518428676893,185.2666944727075,13474915
4363,2013-02-27,181.25479125976562,183.3588538992066,180.34993123367693,180.97135024980807,17709146
4364,2013-02-28,177.45001220703125,183.05358220282355,175.68389872970693,182.54119359166066,27667849
4365,2013-03-01,176.69778442382812,178.46389800157792,175.62940083808581,177.91880463242043,13906688
4366,2013-03-04,177.177490234375,178.40941217151897,175.49860361424717,176.37075893463398,14948007
4367,2013-03-05,180.1754913330078,181.94159037738225,178.5947190877534,178.5947190877534,13159371
4368,2013-03-06,182.1160430908203,182.80285700883297,180.2518151714167,181.3856083091922,10778102
4369,2013-03-07,182.38856506347656,183.47875178813305,179.67399982798509,181.24387045807137,10529882
4370,2013-03-08,185.61553955078125,186.35686130801992,183.15171048625328,183.80581963144525,10131948
4371,2013-03-11,184.1328887939453,187.64329845212632,183.16261933670992,185.78997215316568,10569010
4372,2013-03-12,184.86329650878906,186.31324980817055,183.9257318457399,185.44109460233298,8552523
4373,2013-03-13,184.24191284179688,186.7711515794489,183.19533229896453,183.63140995095185,9401899
4374,2013-03-14,187.52337646484375,188.26471284555754,182.11604846891768,184.02388275343452,14790357
4375,2013-03-15,183.94754028320312,189.56201229176605,182.7810424863983,188.54813656617335,12793329
4376,2013-03-18,181.90887451171875,183.91482266934543,181.14574965427772,182.0615111270796,8023328
4377,2013-03-19,179.88113403320312,182.93366275644115,177.02484824014743,182.4103725340244,17970333
4378,2013-03-20,179.37966918945312,180.92773689569947,177.34101592922798,180.84052427363096,20179135
4379,2013-03-21,177.177490234375,181.58185859200083,175.4658988813459,179.8811542617622,16660114
4380,2013-03-22,176.7414093017578,179.00901018180954,175.37868301308345,176.23992218504708,11876985
4381,2013-03-25,176.44705200195312,179.52138391052364,174.92078762419098,178.92178264691026,14058667
4382,2013-03-26,170.7998809814453,175.52039476766763,170.06944622024344,174.97530136840942,19465627
4383,2013-03-28,168.52137756347656,171.36677644224568,166.66805128490583,171.15963192784562,26513604
4384,2013-04-01,169.79690551757812,172.42425830206105,168.71762030408908,170.28749102869517,8326610
4385,2013-04-02,173.10015869140625,173.667055201104,169.6987650783785,170.11303952330718,11110756
4386,2013-04-03,169.3172149658203,174.21215375403287,168.107096323111,173.95051592091193,9321547
4387,2013-04-04,167.35487365722656,169.622459772573,166.62443892720358,168.43415883278487,11915658
4388,2013-04-05,170.09124755859375,170.59273464494618,167.3875837449363,167.67102474100733,12989770
4389,2013-04-08,172.11898803710938,173.19827317811345,169.6333559180413,169.6551590701892,8878601
4390,2013-04-09,169.4044189453125,173.4708231666077,168.12889090931407,172.70768374920536,13081885
4391,2013-04-10,169.93861389160156,170.93068641986125,168.23792436665974,170.0912359559981,12190258
4392,2013-04-11,168.12889099121094,171.18141955262539,166.6135282863336,170.9415848843678,11428531
4393,2013-04-12,169.05557250976562,170.15666089852115,166.79888784715206,167.23496548281457,11349794
4394,2013-04-15,173.03475952148438,174.41930342729162,168.55408050297257,168.55408050297257,16184406
4395,2013-04-16,175.50950622558594,176.6105946827667,171.24685835209303,173.77609715223673,17774606
4396,2013-04-17,168.69581604003906,176.52336645793258,167.71464502426352,175.70571909317226,32105722
4397,2013-04-18,170.41830444335938,171.20323250287663,168.46686403875745,169.30631453538558,13793320
4398,2013-04-22,172.1953125,173.27459772518296,169.6987786101408,171.37767967584082,12790893
4399,2013-04-23,175.23695373535156,175.6948345574471,171.38859489097158,172.57689597995554,12356228
4400,2013-04-25,178.7146453857422,180.23000824843538,176.08729256291141,176.08729256291141,25921526
4401,2013-04-26,172.77310180664062,179.88113336595237,172.1844021279607,177.26468226357406,20852076
4402,2013-04-29,172.82762145996094,174.1903475936197,171.9118599501663,172.9257356456872,20968563
4403,2013-04-30,171.8573455810547,173.69975555243764,169.4480245594176,173.04564645078244,17548959
4404,2013-05-02,175.06253051757812,175.95648901653615,170.81079869083416,171.6829394791126,27236264
4405,2013-05-03,174.53919982910156,177.89698693463922,173.31819427518258,175.08429315369114,12917135
4406,2013-05-06,179.13983154296875,179.8702517956656,174.90990300321988,174.90990300321988,9358282
4407,2013-05-07,180.56797790527344,182.25776605758136,178.71465153801492,179.11802445445676,16529868
4408,2013-05-08,180.89501953125,181.60365114576263,179.2379361631255,180.9931482790686,11858396
4409,2013-05-09,178.37669372558594,181.3311086073355,177.70078135426016,180.6224915029541,8182539
4410,2013-05-10,179.39193725585938,181.05799105395968,178.5644416265473,179.77810973909146,9081731
4411,2013-05-13,177.1962890625,182.1613215745297,176.26948102953293,179.48019517978673,9087230
4412,2013-05-14,176.12603759765625,178.52028904539284,175.56333591987297,176.65564004324114,8828077
4413,2013-05-15,180.7269744873047,181.1241800283607,176.97562482944764,176.97562482944764,11255447
4414,2013-05-16,185.5044403076172,186.1995389957792,179.95463968977916,180.06498520713572,15197535
4415,2013-05-17,184.36801147460938,186.3981569611901,181.6758665081823,185.50444808862923,12484982
4416,2013-05-20,183.40809631347656,188.6710221513878,182.8784938060793,184.78727534061179,13237846
4417,2013-05-21,182.8453826904297,185.36099811972858,182.1171848139745,183.39705131935906,10594235
4418,2013-05-22,180.67181396484375,184.03699125038744,179.5132965446817,183.17639640705858,12579289
4419,2013-05-23,173.10289001464844,180.06496824061355,172.14298279785442,179.1050610238195,12798137
4420,2013-05-24,173.54425048828125,175.3647527300303,171.94440982841235,175.07789267358615,7975390
4421,2013-05-27,182.77919006347656,183.77219657336408,176.75495253421388,177.14112500592827,18956469
4422,2013-05-28,186.1112518310547,186.88359670697102,182.31577010685515,183.15431344692254,21734556
4423,2013-05-29,187.10426330566406,187.52353498701743,183.91561548050436,185.47132362128687,25752389
4424,2013-05-30,184.6548614501953,186.68500682592625,183.15433330591864,186.46434525483028,18225094
4425,2013-05-31,177.9245147705078,184.42319036500086,176.99772132307274,184.05908399575725,17159386
4426,2013-06-03,173.8642120361328,177.71485947651183,173.2794294252884,177.3507531621248,14165128
4427,2013-06-04,172.16506958007812,176.4901691126643,171.93337492156707,174.4600236592981,14752690
4428,2013-06-05,176.97561645507812,177.4831527528525,172.23124580387585,172.23124580387585,12748842
4429,2013-06-06,174.76893615722656,177.39488239970058,173.90834133415748,176.53428757663147,17113393
4430,2013-06-07,172.91534423828125,176.97563504702495,172.34160941492559,175.25441584654578,9420701
4431,2013-06-10,174.18418884277344,175.54130180181585,172.56228197781823,174.10695728688222,11361378
4432,2013-06-11,173.356689453125,174.65862225687715,171.0838014905282,172.89328539726375,13242164
4433,2013-06-12,174.50413513183594,175.98261172935943,172.6063868528639,172.79396390347577,12774566
4434,2013-06-13,174.28347778320312,174.96755813319743,172.2422992729025,172.78294959774834,9726275
4435,2013-06-14,179.76707458496094,180.91454421234513,175.67368460903205,175.6957507660813,17575615
4436,2013-06-17,182.17236328125,182.6909327134943,178.98370040603524,179.95464079794954,11089648
4437,2013-06-18,181.6979217529297,184.8093382708589,180.38494122084478,181.76412022389687,15658352
4438,2013-06-19,183.52947998046875,183.87152018708733,179.8222620287072,181.38900356256414,17331546
4439,2013-06-20,176.09295654296875,180.48423964453832,175.43095710025418,180.48423964453832,17422410
4440,2013-06-21,174.95651245117188,178.81819288602927,172.9153340879096,176.5122206492599,20486223
4441,2013-06-24,174.91238403320312,175.68471424520538,171.78993448944553,174.32760142203267,16311628
4442,2013-06-25,177.37283325195312,180.9255878572511,175.430967126976,176.46810602968478,19232377
4443,2013-06-26,177.32867431640625,179.7229257887348,176.77700571035612,178.61958857663453,16661304
4444,2013-06-27,183.15432739257812,184.68796945341583,179.7119038817394,180.17530789649143,25751492
4445,2013-06-28,190.34808349609375,192.64302247678532,186.68498402009652,191.8706776114767,48133694
4446,2013-07-01,195.4455108642578,195.95304718027168,188.8144395222337,190.2156846128486,20497553
4447,2013-07-02,192.38925170898438,196.79158219668446,191.70518617489384,194.87176779374678,17779689
4448,2013-07-03,187.75523376464844,190.5135916221315,187.24769745083432,189.88469145141661,12816463
4449,2013-07-04,190.13848876953125,192.1134690146895,186.9829395014514,188.2517731645295,13233510
4450,2013-07-05,194.26495361328125,195.23589399124594,191.17560322172517,191.17560322172517,12756629
4451,2013-07-08,191.3079833984375,192.74232768246864,189.3661175431083,191.98103059511078,14253091
4452,2013-07-09,193.0402374267578,194.58491250250304,191.33005145440393,191.78242237242208,12922258
4453,2013-07-10,188.89169311523438,194.1546188043532,185.14032862435036,192.91886983508832,22237458
4454,2013-07-11,191.99209594726562,192.70926084463366,189.60887712501125,190.87771072737314,11368001
4455,2013-07-12,196.3833465576172,197.71839314388203,191.8927513824471,192.9188570642441,14371976
4456,2013-07-15,197.9059600830078,198.57899256546602,195.51170852612898,195.51170852612898,12913233
4457,2013-07-16,198.7334747314453,199.58303647891617,194.8607464597401,195.73238909390966,12974694
4458,2013-07-17,201.90005493164062,202.55102126733684,199.26307562427746,199.26307562427746,23132227
4459,2013-07-18,202.4075927734375,203.00339372333198,200.63120827148123,202.57308894551613,12303560
4460,2013-07-19,203.83091735839844,204.75771071298658,201.48079790931948,202.80481156366483,14298611
4461,2013-07-22,200.59811401367188,201.91109453597008,198.36937325274155,201.91109453597008,16958736
4462,2013-07-23,200.70846557617188,204.11777529077415,200.20092922350096,201.2601342438218,12430954
4463,2013-07-24,200.664306640625,202.33036035401142,197.5308240803128,200.36641353216797,13788582
4464,2013-07-25,196.5598907470703,201.29322872077924,193.62501821829534,199.91404971905698,15831296
4465,2013-07-26,196.42750549316406,199.41755832268558,195.39036659314212,196.8798764683327,9565406
4466,2013-07-29,195.4455108642578,198.30316643522704,194.75041222312987,195.74341869926187,9151355
4467,2013-07-30,189.1895751953125,196.8357190195224,188.42827810141642,195.7434148632654,11393034
4468,2013-07-31,192.43341064453125,194.12151579435528,185.93473611252026,189.47645731499048,15795755
4469,2013-08-01,187.56768798828125,194.8166270339088,186.43125140349153,193.11748869616093,11071339
4470,2013-08-02,189.1895751953125,192.41132227542516,187.5676685775245,189.77434304550184,12821918
4471,2013-08-05,190.1164093017578,192.62099194295394,188.836542648248,189.7743691146794,12559130
4472,2013-08-06,185.5926971435547,190.70115966868258,183.18742716752251,189.4323262112797,12415511
4473,2013-08-07,192.52166748046875,194.59594501240485,183.3749809078997,186.46433105037522,18794821
4474,2013-08-08,191.02114868164062,192.5216916302481,189.14546631327812,191.39628810139567,11367214
4475,2013-08-12,186.60777282714844,192.60994424713513,185.46030321168385,191.76036774874083,8728866
4476,2013-08-13,188.2075958251953,189.76330392707072,184.25765101011945,186.02298758222352,11537003
4477,2013-08-14,190.877685546875,191.53969968986556,187.0049720433131,188.89168730913707,11260259
4478,2013-08-16,182.4261016845703,191.3190124917042,180.31872497816443,190.87767466500807,27321905
4479,2013-08-19,181.0028076171875,184.03699257342183,178.200332038816,181.6096563927638,16150138
4480,2013-08-20,182.12823486328125,183.33086993493896,177.64867221619176,178.98370423583106,11418893
4481,2013-08-21,172.91534423828125,184.19147474943097,172.1650654251462,183.81633534286345,15711357
4482,2013-08-22,177.88035583496094,178.4430575593709,170.84106037547355,172.66156248846778,22293762
4483,2013-08-23,180.83729553222656,181.98476505091267,178.40994483469015,179.5574290837868,14332191
4484,2013-08-26,181.52137756347656,183.47429137647083,178.38789489206476,181.4993114065122,9916035
4485,2013-08-27,177.25144958496094,182.0289049052753,176.53428478866084,179.62363499341856,13094883
4486,2013-08-28,179.13816833496094,180.6276780767678,168.56817012633184,175.45301711918285,25813146
4487,2013-08-29,186.51950073242188,188.31795136289827,179.2926284374337,180.06497335603655,30837833
4488,2013-08-30,188.41725158691406,189.77434965600358,182.779186635118,186.1995292335432,21443760
4489,2013-09-02,195.67724609375,196.3944109855596,188.27382885606033,188.27382885606033,21052445
4490,2013-09-03,183.375,196.76954073044368,182.77919901098383,195.99719574920664,17326878
4491,2013-09-04,187.42425537109375,190.77839968471227,183.81633551648298,183.98183169729606,13323596
4492,2013-09-05,190.33706665039062,191.92588894828768,187.81043263734787,190.43637909181862,14254145
4493,2013-09-06,191.5397186279297,192.7533867927257,185.69200992566428,191.9810565234226,15048312
4494,2013-09-10,196.4716339111328,197.17778042293102,191.15354256686558,192.62098625465683,18493766
4495,2013-09-11,195.8978729248047,197.0343093628276,192.89678747633272,196.17371459142922,14860857
4496,2013-09-12,193.17263793945312,198.82173588487532,192.23479685279787,195.95304723515474,17979275
4497,2013-09-13,192.64305114746094,195.0042036732101,191.3300705731921,191.5397138017356,9825959
4498,2013-09-16,190.16053771972656,195.88686776619292,188.45036628022515,195.50069527004337,12050423
4499,2013-09-17,189.3661346435547,190.65703430446808,188.14141872402865,188.9689290823459,10930099
4500,2013-09-18,192.4113311767578,193.08437841034788,189.06822008693777,189.8846973376749,13704245
4501,2013-09-19,196.52679443359375,197.70737804015894,194.30908670371065,195.96409269213703,18935509
4502,2013-09-20,194.60699462890625,198.8217485172577,192.09137904419532,195.51172180878035,18362492
4503,2013-09-23,192.94094848632812,194.4083773540564,190.87768920200526,192.43341215653587,8875005
4504,2013-09-24,192.99612426757812,195.19176587866147,191.5728129058035,192.42237470700184,12352943
4505,2013-09-25,187.35806274414062,193.062326655333,185.8464867209849,192.5106579716657,17472523
4506,2013-09-26,184.97482299804688,187.60076916925465,184.3128235989419,186.828438992034,19874983
4507,2013-09-27,185.3389434814453,188.56069083147014,184.69901018898514,185.80234751540942,12006474
4508,2013-09-30,181.47723388671875,186.35400157461436,180.7490360220773,183.60667682209723,15922812
4509,2013-10-01,181.26760864257812,183.13225774422986,180.44009833264022,182.33784666825656,9108666
4510,2013-10-03,186.8946533203125,187.32495812189376,181.69792592591799,181.69792592591799,9108321
4511,2013-10-04,188.53860473632812,189.7081404110108,184.91965220697693,185.48235388933975,9909849
4512,2013-10-07,186.2547149658203,188.09728325793574,184.47833041398337,187.03807826606732,11265723
4513,2013-10-08,186.4533233642578,188.6048327331912,185.18447506308377,187.50149535068243,12119312
4514,2013-10-09,189.9729766845703,191.46248655390772,184.80934836303234,185.3499839691996,11954619
4515,2013-10-10,189.77435302734375,190.3922348736386,187.13737365871933,189.5536914611039,9371240
4516,2013-10-11,190.51358032226562,191.5396859669329,188.51653441915943,190.87767187137257,9773103
4517,2013-10-14,192.0472412109375,193.0843800352443,190.4804998961424,190.87769071619988,12156983
4518,2013-10-15,191.49559020996094,198.30319166528022,190.65704671841172,198.00528379237346,23041721
4519,2013-10-17,194.26495361328125,195.9530588309096,190.8004638187815,191.9810474206318,17613513
4520,2013-10-18,199.8478546142578,200.36642404214712,194.54079646999787,194.54079646999787,22177371
4521,2013-10-21,201.51388549804688,202.02142182664758,197.7515027116333,199.84784649536516,15143599
4522,2013-10-22,199.5278778076172,201.01738759840302,198.04940109534658,200.23402429341292,10246173
4523,2013-10-23,197.88389587402344,200.631205950808,195.87581675438426,199.74854497952018,8945093
4524,2013-10-24,195.1807403564453,201.0284344033103,194.48562690170186,196.84677951723268,11717100
4525,2013-10-25,195.73239135742188,197.0122578977065,194.04428619069057,195.09245808727957,9945744
4526,2013-10-28,196.5598907470703,199.67132199241132,195.91995746459264,195.9530567000443,15374364
4527,2013-10-29,197.8949432373047,199.47271769799872,195.04833525293589,196.1958049097293,14450634
4528,2013-10-30,198.19284057617188,199.2410124680657,197.43152871804483,197.82873426444104,9614780
4529,2013-10-31,201.84487915039062,202.57307699498895,197.71839032670886,198.6010512561349,19779731
4530,2013-11-01,200.4215850830078,204.45980963172812,199.34031393603192,200.82982371533424,11890914
4531,2013-11-05,200.74156188964844,203.38957440189594,199.3403167182299,199.3403167182299,10955587
4532,2013-11-06,198.29214477539062,202.99236882553976,197.4867005779934,200.8077603444191,9619806
4533,2013-11-07,195.48963928222656,199.8809367917181,194.6511106444782,198.38039402946052,9792601
4534,2013-11-08,193.29400634765625,195.95305184849937,192.23480137860332,195.51171398965872,8755784
4535,2013-11-11,190.63497924804688,194.65113794770787,189.81850192081865,192.8637201833915,8901228
4536,2013-11-12,188.14141845703125,192.33410617500962,187.61181595297515,190.8776956062524,12169801
4537,2013-11-13,186.3319549560547,190.08330491132898,185.82441859402513,187.5456231011813,8391536
4538,2013-11-14,187.93177795410156,190.65702185055687,187.6559362758767,187.84351333080116,8031378
4539,2013-11-18,193.02920532226562,193.69120472080542,188.92478253657916,189.35508730127387,12073167
4540,2013-11-19,193.8236083984375,195.26898583204294,193.08437742956147,193.08437742956147,8434885
4541,2013-11-20,190.32603454589844,194.8497295334765,189.11236638867052,193.05129345575105,13090661
4542,2013-11-21,187.03807067871094,189.77434767496965,186.12229574382067,189.752281518968,11465699
4543,2013-11-22,186.18850708007812,188.99099746844456,185.16240129426131,187.78836242241402,7482129
4544,2013-11-25,187.94281005859375,189.0792465385226,186.2547049554836,186.9829028243514,10078405
4545,2013-11-26,185.6368408203125,189.06823147312818,184.82037825081736,187.678019339669,13965988
4546,2013-11-27,184.90863037109375,187.4573450781159,184.31282942004117,186.3540078012909,11421820
4547,2013-11-28,187.11529541015625,188.97994444603046,186.04505742223162,186.04505742223162,12546701
4548,2013-11-29,188.2738037109375,189.00201631530902,187.25873108031928,187.77731520397208,9884161
4549,2013-12-02,188.73721313476562,190.42533302857282,188.07521370938898,188.22967680488082,7221751
4550,2013-12-03,190.19361877441406,190.9880298488101,187.71110257994042,188.67100982383096,9184625
4551,2013-12-04,188.90274047851562,191.42938926957626,188.27382550274322,189.97297862267166,8761077
4552,2013-12-05,192.20169067382812,193.52570417133606,191.55072436783175,192.42235222487415,12534404
4553,2013-12-06,191.25283813476562,193.00715658527557,190.0391700061757,192.014150032643,7301066
4554,2013-12-09,193.9560089111328,195.9530550212557,193.34917486930573,194.65112231048658,12704841
4555,2013-12-10,195.2138214111328,196.10753020946572,193.85670859627217,193.85670859627217,8718563
4556,2013-12-11,194.76145935058594,195.28002878195574,192.53271852269378,194.73939319309838,4977570
4557,2013-12-12,192.02517700195312,194.18771929918051,191.53970681988048,193.7463814308952,5690033
4558,2013-12-13,190.81149291992188,191.5617717101696,189.25578467796868,191.31902925553237,8926111
4559,2013-12-16,186.4753875732422,190.27086989704316,186.06714891607442,189.77436660706346,10046119
4560,2013-12-17,185.18446350097656,188.20761540011287,184.64382792269393,187.28082207335115,10089421
4561,2013-12-18,189.76332092285156,190.62393049642668,185.18446082617228,185.18446082617228,12009855
4562,2013-12-19,188.46139526367188,190.74530149304775,186.17747430388377,190.74530149304775,13450539
4563,2013-12-20,197.5308380126953,198.15975296906407,190.23776665438527,192.42237519213506,20508621
4564,2013-12-23,197.77357482910156,200.58708351244377,196.3943958186096,198.38040887998622,16191974
4565,2013-12-24,198.1707763671875,199.70441844632327,197.5197952848811,197.82873620853897,7306775
4566,2013-12-26,195.853759765625,198.601069971002,194.65112474531682,197.38740187216646,14619868
4567,2013-12-27,193.93394470214844,197.25500444358627,193.50365464064134,196.08546866174325,7744563
4568,2013-12-30,195.7544708251953,196.36130490178846,193.27195439330285,194.40839099333888,10315527
4569,2013-12-31,197.5418701171875,198.21491738571322,195.75446715795744,195.95306257662335,5706010
4570,2014-01-01,196.12960815429688,198.21491898880333,195.86479953018835,198.03837499592686,5849398
4571,2014-01-02,193.0843963623047,197.7184222285299,192.00312513322675,195.88687214841042,6023632
4572,2014-01-03,190.71218872070312,192.72026783802121,188.67101036939044,192.33409537767284,12833897
4573,2014-01-06,188.65997314453125,190.49152297361948,187.5676689858961,190.2377474548277,13315857
4574,2014-01-07,185.82440185546875,189.76331379805592,185.37203092892852,188.58274499611633,17311470
4575,2014-01-08,187.35806274414062,189.18959806018407,186.33195693026167,186.33195693026167,12726430
4576,2014-01-09,187.72213745117188,188.40621775243977,186.47537016824742,187.6669720608134,8309185
4577,2014-01-10,189.3661346435547,193.37124530030587,187.1263460289463,187.203577579379,14839980
4578,2014-01-13,194.27598571777344,194.84972053271002,191.5397085856731,191.59487397841588,12058586
4579,2014-01-14,194.51873779296875,195.19177034811602,192.5216915553023,193.85672358650282,12075547
4580,2014-01-15,195.39035034179688,197.4977272039835,194.4083769191513,195.224854168456,12660424
4581,2014-01-16,195.54481506347656,197.12258933483102,194.64007324901863,196.1075167455393,18038361
4582,2014-01-17,195.2358856201172,197.91699725796,194.2428791275219,196.2068259564509,15463211
4583,2014-01-20,191.92588806152344,196.17374130085724,191.12044383729463,195.7103372545138,16576057
4584,2014-01-21,190.4473876953125,192.77542598713458,190.21567833564228,192.56579751304258,9806364
4585,2014-01-22,192.52166748046875,193.16160071831032,189.36611887170727,190.54668764796153,8517726
4586,2014-01-23,191.05422973632812,192.26789778246237,189.90676015848362,189.90676015848362,13767334
4587,2014-01-24,191.46246337890625,193.00713845675824,190.01708600090834,190.21568140061655,11879019
4588,2014-01-27,186.0561065673828,189.95090113946543,185.43823943806981,188.89169613766828,12345838
4589,2014-01-28,186.43124389648438,188.89169403825014,185.95680679361791,186.90568099935084,11573795
4590,2014-01-29,184.61070251464844,188.11932410200635,184.25764405180675,187.5235232155512,12374165
4591,2014-01-30,182.0509796142578,184.00389342245936,181.4331124903599,183.4632578477472,14102043
4592,2014-01-31,183.40809631347656,183.91563266349948,182.30475898393325,182.4923213216155,11038353
4593,2014-02-03,181.146240234375,183.11017225817608,180.82626625034345,182.31577593256895,8227762
4594,2014-02-04,181.28968811035156,182.41509160860753,179.43607195058013,179.7339798085478,12362252
4595,2014-02-05,180.34080505371094,181.278646166532,178.05689893249323,180.96970524487406,11298451
4596,2014-02-06,180.0319061279297,181.85240850757765,178.33275289709505,180.94766649251164,10826505
4597,2014-02-07,179.7229461669922,181.7861908174717,178.87336964135514,181.41105140909025,8459052
4598,2014-02-10,181.37794494628906,182.1833891247802,178.9947263762,179.89946825960908,10345205
4599,2014-02-11,177.6927947998047,182.05097860879718,177.14112614968425,181.60965547303024,12609169
4600,2014-02-12,180.4842529296875,181.36692873855387,178.1672473444296,178.29964429663565,9828890
4601,2014-02-13,178.16722106933594,180.70490259777404,177.6486516859249,180.70490259777404,8657303
4602,2014-02-14,181.40000915527344,181.83031393570943,178.29962579698696,179.16023535785894,9218744
4603,2014-02-17,179.24850463867188,181.38898078782373,178.09000193615762,180.4290734981707,9058505
4604,2014-02-18,179.4360809326172,180.47321985240245,178.10104887036488,178.10104887036488,5741275
4605,2014-02-19,179.2374725341797,180.94764390101363,178.74096926891667,179.40296871246338,6130140
4606,2014-02-20,177.73690795898438,179.55742461947608,177.2183385999318,179.02782218321835,8041497
4607,2014-02-21,179.07196044921875,180.0649668915376,177.7700131044678,178.1010201620443,6256274
4608,2014-02-24,179.259521484375,179.83325624443162,177.70381336660307,178.31064735913927,6800627
4609,2014-02-25,178.86233520507812,180.06498497244124,178.20033575386228,179.689845566907,7039336
4610,2014-02-26,178.8954315185547,180.2525443652679,178.35479594165173,178.9616299895536,13608048
4611,2014-02-28,176.52325439453125,179.92153083318445,175.01167850298108,178.89542510864354,18949872
4612,2014-03-03,177.2845458984375,178.03482464659996,175.90536698782856,176.55634803619594,11635479
4613,2014-03-04,179.39193725585938,179.76707666043944,177.10803105324706,177.19629568246305,8997053
4614,2014-03-05,178.07896423339844,180.50630036031797,177.67072560937274,179.96566479782282,11827655
4615,2014-03-06,181.48828125,181.91858604814502,178.58650791040725,178.59754098906706,10172590
4616,2014-03-07,191.84864807128906,192.86372082887732,182.05099376382378,182.05099376382378,33597187
4617,2014-03-10,195.39035034179688,199.40650865816104,190.52463027187133,190.89976966185552,32869474
4618,2014-03-11,193.02920532226562,195.90891228068088,192.44443746834085,195.29104519334965,12780183
4619,2014-03-12,192.27894592285156,194.82766080371832,191.46248335290866,192.86371383563042,9431389
4620,2014-03-13,194.0884246826172,197.4425689663172,193.0181865954145,193.08438506714927,17221827
4621,2014-03-14,195.54481506347656,196.38334368262375,191.7713847208775,192.86368885255285,16540547
4622,2014-03-18,197.8177032470703,200.5429472483033,196.2840611670285,196.2840611670285,19034847
4623,2014-03-19,199.26307678222656,200.78568575399194,197.55289075201338,198.60106263421633,16376397
4624,2014-03-20,199.92507934570312,200.25608642491673,198.1928418624045,198.9541389950607,29711945
4625,2014-03-21,195.46759033203125,201.5469934602739,194.6621608565725,200.14574827423039,22050970
4626,2014-03-24,199.79269409179688,200.53192511110294,196.63714513285083,196.67024436966696,28815466
4627,2014-03-25,194.0332489013672,194.73938062581183,192.53270609781248,193.96705043317655,31299573
4628,2014-03-26,196.65919494628906,199.25204193345564,194.44147261186185,194.46353876790533,13811011
4629,2014-03-27,198.76658630371094,199.68236130729898,196.85780474473557,197.464638810714,55407935
4630,2014-03-28,202.1648406982422,203.0033840576709,198.60105351628616,198.60105351628616,18667646
4631,2014-03-31,205.38662719726562,207.38365867688614,201.5138986455544,202.18693119138882,18751896
4632,2014-04-01,208.00152587890625,208.53112836112697,205.06663870516118,206.5451153701964,15640608
4633,2014-04-02,211.44393920898438,212.28248262825934,207.00852384861813,208.53113285914682,26780181
4634,2014-04-03,210.21922302246094,212.49209593221758,207.51604535541767,211.13499792509518,26550895
4635,2014-04-04,208.36561584472656,210.35162882027777,207.76981489814344,210.0758018683464,12513877
4636,2014-04-07,208.3435516357422,210.72677017475937,206.18100939074387,208.31045240120108,12905249
4637,2014-04-09,212.31558227539062,213.31962187262377,209.00557036629496,209.6344705667655,13438946
4638,2014-04-10,213.83819580078125,214.90843389112854,212.3266198338268,212.87828849698275,10649501
4639,2014-04-11,210.4619598388672,214.27952270120178,209.76686118880335,212.34867511385505,11691621
4640,2014-04-15,209.4358673095703,210.51715322171506,206.6775239613152,209.63447745810853,9264526
4641,2014-04-16,207.71466064453125,211.62048833658397,207.00852887931583,208.86213028691085,12381278
4642,2014-04-17,211.64256286621094,212.2383638683074,208.26633754711398,208.53114617605277,7845800
4643,2014-04-21,211.7528839111328,214.03679010245244,210.9805389484875,214.03679010245244,11817203
4644,2014-04-22,213.55130004882812,218.18532520239876,210.9805193227015,211.84112883407096,19331824
4645,2014-04-23,213.41893005371094,216.69584288838178,212.77899674340833,213.82716870577747,15288495
4646,2014-04-24,213.41893005371094,213.41893005371094,213.41893005371094,213.41893005371094,0
4647,2014-04-25,209.248291015625,213.82715097965652,208.75178777300926,213.60648941867674,13252156
4648,2014-04-28,208.5311279296875,210.9584640421038,207.72568376465443,209.59033289193752,16610579
4649,2014-04-29,207.49400329589844,210.0206520145592,206.98646693638761,208.76283682946934,8396497
4650,2014-04-30,206.50099182128906,211.84114918277925,205.02251509350842,208.2883947507357,14391181
4651,2014-05-02,204.8018341064453,209.06073493428687,204.3384448145445,207.42779514302026,9070553
4652,2014-05-05,208.93934631347656,211.51012710435987,204.11775871974334,204.11775871974334,15199246
4653,2014-05-06,212.5803985595703,213.38582804386067,209.0938425394861,209.17107409122784,12392211
4654,2014-05-07,212.02871704101562,214.3567703448275,211.19018831281656,211.86322085724194,10571569
4655,2014-05-08,211.90733337402344,214.06987556159896,209.79995657588498,212.52520046612915,11949181
4656,2014-05-09,220.13824462890625,220.44718553941283,210.91432639008312,210.91432639008312,18452114
4657,2014-05-12,227.0010223388672,231.48058475652027,219.3659258372122,219.54245509214607,30847764
4658,2014-05-13,234.65821838378906,235.84983514056495,228.28092177734848,229.49458996233244,26863271
4659,2014-05-14,230.70823669433594,235.67325417909584,229.73729640646212,234.7905932422738,19375695
4660,2014-05-15,232.45152282714844,233.9079333572258,229.32907327882705,230.70825226063243,20864719
4661,2014-05-16,238.15579223632812,252.71986843591338,234.37134316467075,240.55004394393865,52633579
4662,2014-05-19,247.15904235839844,248.1961811772939,239.8438905043318,240.74863238389887,23797958
4663,2014-05-20,238.28819274902344,249.1340185110026,237.3724324813419,248.89129077823242,22509088
4664,2014-05-21,237.9682159423828,243.38560451988153,236.9421102322224,238.2881752029291,21991587
4665,2014-05-22,242.91116333007812,245.69158730889677,239.35840917741714,239.645283929674,18745180
4666,2014-05-23,248.7919921875,249.79604660199308,243.17600748077334,245.28338456332116,16566818
4667,2014-05-26,243.1097869873047,251.56134598042124,237.21794636893537,249.9063547630167,16073584
4668,2014-05-27,240.07559204101562,244.4999741290924,237.24000263383454,243.3966368765525,11273379
4669,2014-05-28,240.2852325439453,244.1910601653401,239.36945757017725,240.43969564251424,11351815
4670,2014-05-29,236.8979949951172,241.27824510021716,235.75051061439078,241.07964968280547,27659174
4671,2014-05-30,234.945068359375,240.46175473604904,233.9079295529109,239.42463065999635,17293884
4672,2014-06-02,238.80674743652344,240.14179407556583,235.07746393224542,237.16277461121132,8806299
4673,2014-06-03,241.71957397460938,243.17598450593647,237.7365148527309,239.04949536571556,10874352
4674,2014-06-04,237.76962280273438,243.13186110414458,237.49379583427367,241.11274877336345,8826406
4675,2014-06-05,240.50588989257812,241.60922711338299,234.84575904934533,237.99027454776237,19974435
4676,2014-06-06,247.67762756347656,250.01669922909846,243.63940281313074,244.36760075628922,29319340
4677,2014-06-09,247.73277282714844,249.9504953060433,245.40473429126112,249.3546795932337,13497804
4678,2014-06-10,246.7728729248047,249.45398463125318,242.8339460880245,249.45398463125318,15760599
4679,2014-06-11,243.19805908203125,247.14800437524164,241.0796490469121,247.14800437524164,15164409
4680,2014-06-12,241.4437255859375,245.71365935642453,239.22601798069059,242.4146659132126,11767348
4681,2014-06-13,238.7405548095703,244.27932217631093,236.71040947133588,242.80084548603918,14646904
4682,2014-06-16,235.11058044433594,239.20397055651605,233.2790451570496,239.20397055651605,14371376
4683,2014-06-17,240.53900146484375,241.2561662760337,233.48865829112253,233.48865829112253,15824961
4684,2014-06-18,235.39743041992188,243.09873963106926,234.0513507457264,240.08662102853137,19212704
4685,2014-06-19,229.9579620361328,237.20690036058787,227.64095678157062,236.99727188284763,23126286
4686,2014-06-20,228.7222442626953,231.56885218499488,228.2257409967764,230.79652195490547,12855084
4687,2014-06-23,229.0421905517578,230.5758325768063,225.96387342371966,228.8325620708766,14768300
4688,2014-06-24,233.8748321533203,234.5257984994009,230.59790480563098,230.59790480563098,11890148
4689,2014-06-25,231.9219207763672,233.76450378170537,231.29302058026443,233.3893643875481,10564797
4690,2014-06-26,223.29379272460938,226.60381918742792,222.14632316914094,226.18454749935765,24480677
4691,2014-06-27,223.3379364013672,225.8535519273947,222.2566652578729,222.87453237838224,9225499
4692,2014-06-30,224.06614685058594,225.08121951381113,220.6678556253155,223.4372466578166,20656550
4693,2014-07-01,222.43319702148438,225.2025731984303,222.20148765751682,224.4633422561958,9653273
4694,2014-07-02,224.69505310058594,226.7031323245953,223.31587408629957,224.41921140556389,12293489
4695,2014-07-03,222.1022186279297,226.18457577990858,221.44021914475857,225.08123839781908,11575392
4696,2014-07-04,227.7182159423828,228.78845407724995,221.3960848452046,221.7712095350749,12957117
4697,2014-07-07,226.67002868652344,228.83257096871415,225.3018827773932,227.949895238281,14019093
4698,2014-07-08,219.5755615234375,228.28091110965858,218.4611911043234,226.40522879286866,17484768
4699,2014-07-09,220.87750244140625,222.8524676781835,219.0128532588843,221.10919708920724,14903156
4700,2014-07-10,220.0500030517578,225.4122267576814,216.48621541668726,220.7230356021491,18600100
4701,2014-07-11,213.27549743652344,221.1092043617267,212.6465972128237,219.60866144966369,17783841
4702,2014-07-14,212.2273406982422,215.12911429047358,211.5101610620896,213.73891679747678,13764770
4703,2014-07-15,214.53329467773438,216.25451387107827,212.5141823604432,212.5914286415083,15345123
4704,2014-07-16,218.3949737548828,219.12317162282073,214.93048419983225,214.93048419983225,13957671
4705,2014-07-17,216.80616760253906,220.2706424471218,216.32069744431553,218.01983563289238,9426887
4706,2014-07-18,215.53732299804688,217.0378658090222,213.89335017194924,216.25450253448122,9332698
4707,2014-07-21,220.1492919921875,222.43321290958062,219.5755571757981,220.66786141569446,16987269
4708,2014-07-22,227.49752807617188,228.1485091716531,220.91060341478035,221.55053670129615,28489939
4709,2014-07-23,228.00506591796875,229.4504434092107,225.31292108116492,228.40227147891676,13721398
4710,2014-07-24,229.72630310058594,230.20074024908035,225.96390515110156,227.2879188811724,9673900
4711,2014-07-25,225.4894561767578,230.2227792943471,222.22356191937806,229.9138383745911,13532588
4712,2014-07-28,221.9036102294922,225.8645885481582,221.02093448325718,225.30188681079667,9372911
4713,2014-07-30,222.02496337890625,223.0952014091419,219.12317547318457,221.55052629298197,18616706
4714,2014-07-31,222.09115600585938,225.05914230173067,221.1091826257323,222.42216306862036,17722817
4715,2014-08-01,215.4380340576172,220.4471990166598,215.1511740157053,219.56452327303006,15826199
4716,2014-08-04,217.3578338623047,218.39497263489173,215.38285401719318,216.47515817870394,14672155
4717,2014-08-05,217.1040802001953,217.98675597266106,214.26850527198675,217.3799219029955,12233949
4718,2014-08-06,218.05294799804688,220.35893507108113,216.14416648391781,217.33578316063333,16358373
4719,2014-08-07,218.3067169189453,219.93965668893867,216.99373641776282,218.24050371912466,10844144
4720,2014-08-08,216.36485290527344,217.02685238080298,214.7319130094138,216.15520967224043,9118453
4721,2014-08-11,216.36485290527344,217.8543627730244,215.68077254116068,217.39095872102993,6696796
4722,2014-08-12,217.22544860839844,217.78815033608558,215.44906406790173,217.57850711649283,9556263
4723,2014-08-13,218.4942626953125,219.91757387101023,216.2544890616809,216.98268690042303,14113750
4724,2014-08-14,221.31881713867188,221.7711880689649,218.84734873474585,219.56451353814043,12062077
4725,2014-08-18,223.54757690429688,224.07717939121267,220.1161864523989,220.91059754797837,7643510
4726,2014-08-19,222.72007751464844,225.7432294890029,222.01394574087715,223.97789268936853,14559347
4727,2014-08-20,220.30374145507812,224.73917134197376,219.6417420510557,223.09519854460572,13022078
4728,2014-08-21,219.5865936279297,221.55054056636516,218.48325629250604,220.66786480586137,16449220
4729,2014-08-22,220.292724609375,222.21253922595304,219.6307251565734,220.68993017322083,8571614
4730,2014-08-25,219.74105834960938,222.5435487542158,219.22248891431428,220.66786643192665,7455233
4731,2014-08-26,219.20040893554688,219.9948200218471,216.91650284065364,219.78517680693471,9548209
4732,2014-08-27,219.27764892578125,221.06506657357582,217.76608770272216,220.04999388555746,8391614
4733,2014-08-28,220.38101196289062,221.55054780902324,219.4762700153181,219.4762700153181,15914040
4734,2014-09-01,223.77928161621094,225.30189067590166,219.6969246328552,221.62777233696394,16197464
4735,2014-09-02,225.9197540283203,227.62994012861319,223.00694763327803,224.75021823887462,16556769
4736,2014-09-03,227.56375122070312,228.60089011087243,225.32396252441828,226.2176713871251,21922291
4737,2014-09-04,226.38316345214844,228.1485149873589,224.6619589626893,227.06724380072802,9346763
4738,2014-09-05,226.3280029296875,228.04920745619555,225.21363248256552,226.78037390206217,9078852
4739,2014-09-08,228.98704528808594,229.3511516225558,226.84656905773508,228.1485165604504,13886787
4740,2014-09-09,227.9499053955078,229.78145540820697,226.89070036395555,227.7513099759964,9166689
4741,2014-09-10,224.1654510498047,227.08930526303487,223.44828620996145,226.87966203909681,9459033
4742,2014-09-11,224.9488067626953,227.28789300034938,222.43320600370964,225.14741690131785,10619105
4743,2014-09-12,224.1102752685547,225.96387657978505,223.19450032582907,224.75020852848857,8749882
4744,2014-09-15,221.27468872070312,223.31586711676186,220.88853098230072,222.67593384842638,8738403
4745,2014-09-16,216.1220703125,221.58360548033417,215.4821371139429,220.97677151288815,13242995
4746,2014-09-17,218.1632537841797,218.58252545217857,216.02277786537567,217.33575825589716,10887270
4747,2014-09-18,221.74913024902344,222.87453371283445,217.07097240799706,217.35784717838604,9089107
4748,2014-09-19,219.66380310058594,224.15439827256182,218.68182973006705,221.99185613405712,17169819
4749,2014-09-22,218.80322265625,219.78518136072205,217.95364616168902,219.12318192869662,7900222
4750,2014-09-23,213.13206481933594,219.66382417196087,212.514182951569,218.8363285393934,17694403
4751,2014-09-24,212.95550537109375,214.95255139164243,210.8260624158111,213.71681720663636,15393998
4752,2014-09-25,205.18800354003906,213.56234559190267,203.5991960858266,213.18722093258845,33092058
4753,2014-09-26,205.9382781982422,207.79187949252324,202.41862320517245,205.00043710790172,15904980
4754,2014-09-29,205.9162139892578,208.0235908277456,205.13283598343088,206.75474265516667,12481132
4755,2014-09-30,208.68560791015625,209.29244198736436,204.12881369596005,204.77978008929878,17642155
4756,2014-10-01,204.60324096679688,208.6635316984827,204.33844708277138,208.22219382802834,8656245
4757,2014-10-07,204.3715362548828,206.30236908872877,203.77572058434006,204.6142639699541,12404189
4758,2014-10-08,206.69956970214844,207.75877462168847,203.26819415654364,203.26819415654364,9827783
4759,2014-10-09,210.66058349609375,211.2343183239957,207.03059745870596,207.03059745870596,11164671
4760,2014-10-10,211.9845733642578,213.82715636650323,206.5671846016142,208.97246932894518,15465656
4761,2014-10-13,211.3777313232422,212.88930718804053,209.20415605347873,212.23834086098464,13881865
4762,2014-10-14,212.1169891357422,216.0338351304169,211.53222124269664,216.0338351304169,19077913
4763,2014-10-15,212.1169891357422,212.1169891357422,212.1169891357422,212.1169891357422,0
4764,2014-10-16,205.4417724609375,211.15706882705422,204.77975832850208,209.99856619090878,19017182
4765,2014-10-17,206.9644012451172,207.57123531603688,204.16191081739086,206.54512951580884,15313270
4766,2014-10-20,206.33546447753906,207.56018029926415,201.14977062990366,207.09677630326152,21187302
4767,2014-10-21,205.07766723632812,206.76577234902575,204.58116399960397,206.15893833312094,17621790
4768,2014-10-22,208.674560546875,209.81099707027107,205.9162173254654,206.34650737828426,13384016
4769,2014-10-27,207.72567749023438,212.71277596293126,206.72163794901104,212.71277596293126,10072622
4770,2014-10-28,206.1148223876953,207.86912610719926,204.36051866819133,207.67053068890488,22023470
4771,2014-10-29,209.98753356933594,210.38473913144165,206.1368860047548,206.67752158941656,17516848
4772,2014-10-30,216.0889892578125,216.596525574617,208.9945286309257,209.19312403429703,32745121
4773,2014-10-31,220.7892303466797,221.48434377377382,216.6627410210828,216.6627410210828,14086084
4774,2014-11-03,221.18641662597656,222.65386017358904,218.49427197424797,221.55052292601556,12376151
4775,2014-11-05,218.74803161621094,222.54352822598793,218.10809837284538,221.109183919512,15730002
4776,2014-11-07,216.36485290527344,219.641765776078,215.82421729968198,218.5604945648951,11633677
4777,2014-11-10,213.90438842773438,218.4170500479787,213.44098440648006,216.87237488726814,10482542
4778,2014-11-11,215.7469940185547,217.97573500088964,213.2203451590817,214.57744339943235,10100100
4779,2014-11-12,214.94154357910156,216.9165236760107,213.76097464479773,216.68481428257883,9286081
4780,2014-11-13,213.88230895996094,216.21036199969853,212.59140941212993,214.9304807991235,7041533
4781,2014-11-14,213.86024475097656,215.7579930485717,212.95550291324764,213.8271455176751,8424014
4782,2014-11-17,217.40196228027344,217.92053165728058,213.165142643519,213.165142643519,10224348
4783,2014-11-18,218.1632537841797,220.16029969801917,217.40195671972694,217.45712210625175,13410579
4784,2014-11-19,215.84628295898438,218.90253424101962,215.48217661959896,218.163288483189,8099318
4785,2014-11-20,216.42001342773438,217.07097980952133,214.11402629876943,215.81317936129489,11342020
4786,2014-11-21,220.16030883789062,220.88852143107025,216.29862850796528,216.29862850796528,11739875
4787,2014-11-24,217.43508911132812,221.58364465394726,216.6296448844119,220.71200195310573,12426216
4788,2014-11-25,219.12319946289062,219.54247120454104,214.7760483978089,217.37992875124326,14606201
4789,2014-11-26,217.81019592285156,219.12316158665453,216.82822257912818,218.89146696259883,13155281
4790,2014-11-27,218.1632537841797,219.12316097053207,216.92751966520322,218.461161601824,12279963
4791,2014-11-28,218.8142547607422,224.496452125499,216.96063868282684,218.39498305450786,20881173
4792,2014-12-01,212.1942138671875,218.8914838212783,211.52116663703467,218.24050274749698,17382184
4793,2014-12-02,212.42591857910156,214.32366703865645,211.39981279836283,212.2824885558877,9453044
4794,2014-12-03,213.68374633789062,214.93051376629035,211.5211891314499,211.5211891314499,9789854
4795,2014-12-04,211.5211639404297,215.1401166520947,210.8922637614489,213.62855549909625,10775294
4796,2014-12-05,211.25637817382812,213.38582123988607,210.7598749123361,212.0618076324367,10048267
4797,2014-12-08,208.44284057617188,212.47003178599047,207.92428592349518,211.84113162573766,10238784
4798,2014-12-09,207.39468383789062,209.78893552881644,205.44178474859348,207.64845937426531,10598750
4799,2014-12-10,205.78379821777344,207.6374142230261,205.22109651555266,205.54107050444375,13242754
4800,2014-12-11,199.95819091796875,205.00045531327555,199.34032376500446,205.00045531327555,22620658
4801,2014-12-12,194.70628356933594,201.02841411718362,194.0442841496145,200.14573840394743,17874849
4802,2014-12-15,193.9229278564453,194.5849420826955,192.42238486357832,193.73536550624186,12647964
4803,2014-12-16,190.7894287109375,194.90488482970557,189.7081575584345,193.48158824412036,20886278
4804,2014-12-17,191.87069702148438,193.06231367161448,190.7563266500277,190.93287063360899,20779949
4805,2014-12-18,194.20977783203125,195.2469166261429,190.80045361291477,194.52975182484022,14970699
4806,2014-12-19,198.72244262695312,200.45468009522438,194.73938355429644,195.31311835098762,20073537
4807,2014-12-22,199.68234252929688,200.10159948535224,196.61505852095252,199.042394556601,8305143
4808,2014-12-23,197.22189331054688,199.51683242178848,196.79158854458632,199.11962688933176,10583206
4809,2014-12-24,195.10348510742188,197.97215902092208,194.18771017852308,197.2218949913639,22479751
4810,2014-12-26,196.14064025878906,196.97916898174006,194.20979253853096,195.64413698016304,4890141
4811,2014-12-29,197.93907165527344,198.391442607882,195.7213639370032,196.06340410371016,6931660
4812,2014-12-30,194.22080993652344,198.2480012346331,193.54777745064914,197.96112647730325,11627412
4813,2014-12-31,196.6481475830078,197.2549815605324,193.9780692436535,194.18769771083848,8464992
4814,2015-01-01,195.9309844970703,196.83572636565492,194.99314339405538,195.57792599648033,2963643
4815,2015-01-02,195.41241455078125,197.72943460651996,195.13658759796198,195.97511626494392,7331366
4816,2015-01-05,193.2719268798828,196.592986305459,192.88575443869294,195.29103897502844,10103941
4817,2015-01-06,184.50039672851562,192.6430443169684,183.5956548341516,191.981044879088,18627980
4818,2015-01-07,188.5165557861328,189.50956231161314,184.69900751357005,184.72107367056242,20720312
4819,2015-01-08,185.81336975097656,190.414295855752,185.3940980561029,189.79641402624807,19872227
4820,2015-01-09,189.84054565429688,190.2156850357702,186.46433541227043,187.2145994448059,13392787
4821,2015-01-12,187.63388061523438,189.9950330726451,185.71408075983462,189.88470228734832,10100113
4822,2015-01-13,186.0561065673828,188.65998675766843,185.47133867372523,188.2296819637361,9948711
4823,2015-01-14,184.24664306640625,186.90568872987686,183.41913268916798,186.02301295821104,11380041
4824,2015-01-15,190.71218872070312,192.2237645976908,185.3609985874618,185.3609985874618,16927085
4825,2015-01-16,191.9148406982422,193.08437644079612,188.02004627522373,189.77434988905463,19136963
4826,2015-01-19,194.11048889160156,195.51171932341407,189.49852949999462,192.02517813123848,13339962
4827,2015-01-20,199.27410888671875,199.82577752042434,193.9339370683059,194.51871966662043,13361320
4828,2015-01-21,200.09056091308594,201.11666658028756,196.8467477491616,199.70440320100724,17084297
4829,2015-01-22,195.01522827148438,200.18988933076284,194.07738714927774,199.73751838721336,23721627
4830,2015-01-23,195.7103271484375,198.11559715714506,193.5257187073502,196.39439273847196,18080494
4831,2015-01-27,196.1847686767578,197.87287389838525,194.2980533093782,197.0343304616805,17939876
4832,2015-01-28,200.11264038085938,200.76362145677777,195.5337803450443,195.5337803450443,19298126
4833,2015-01-29,205.0886993408203,206.21410274394384,200.12366699714477,200.16779930860758,36117653
4834,2015-01-30,201.9662628173828,205.49695107270946,200.58708380488014,205.22110937804416,21746801
4835,2015-02-02,200.37745666503906,202.99236995587714,199.85888723832932,202.14279343941635,19302710
4836,2015-02-03,206.898193359375,207.61535818685252,201.51388905764435,201.51388905764435,17092333
4837,2015-02-04,204.95632934570312,208.2663415229444,204.3163960149692,207.2292026064259,14072894
4838,2015-02-05,203.83091735839844,207.4057232912649,202.48483754633463,206.54512840983216,12365643
4839,2015-02-06,200.78567504882812,205.2210900597951,199.26306615824274,203.91915745025125,9045844
4840,2015-02-09,197.87286376953125,202.57308759902492,196.83572497057614,198.86587025622538,8839692
4841,2015-02-10,194.62905883789062,199.5940767552866,190.06123174798975,198.1597470840638,13651008
4842,2015-02-11,198.7555389404297,199.64924772213038,194.84971147256084,195.5117108851041,9781008
4843,2015-02-12,200.6201934814453,201.67939854012621,195.78757224251532,200.36643266112577,8709626
4844,2015-02-13,202.4627685546875,203.1909664796166,200.59811933192728,201.69042358452703,7393680
4845,2015-02-16,199.21896362304688,203.94125408603026,198.6010817281114,202.7275711849332,12266698
4846,2015-02-18,198.96519470214844,200.3664399960121,197.36535397641683,198.60108834664393,9835036
4847,2015-02-19,199.05345153808594,200.27816751118428,195.8537702120109,200.13472275226542,9550637
4848,2015-02-20,192.6651153564453,197.7184127223022,192.26790979148626,197.55290181082879,18717199
4849,2015-02-23,187.8876495361328,193.4705491101021,186.92774227702617,191.97000629166558,14104463
4850,2015-02-24,185.6809539794922,189.06821196722305,184.6989953277065,188.5055102706311,19946218
4851,2015-02-25,186.0561065673828,189.00202692318632,185.59270253779508,187.3028886349726,15274116
4852,2015-02-26,185.80233764648438,187.56767432891462,184.61072102369292,186.7070647786338,21459750
4853,2015-02-27,188.7923583984375,189.9950079906416,186.37605559777612,187.02702187550238,18659378
4854,2015-03-02,190.71218872070312,193.1947049223552,188.7923742273707,191.76036059135498,14579511
4855,2015-03-03,198.77760314941406,200.02437041603937,191.40730086811462,191.76035936179335,20636925
4856,2015-03-04,195.9199676513672,200.73053742458688,194.19876312715093,199.9250931925602,14476047
4857,2015-03-05,195.280029296875,198.3252474206609,193.7794863925278,196.94606838281527,10716702
4858,2015-03-09,191.90380859375,196.7805768302004,190.6901404393599,195.31313312765232,14065391
4859,2015-03-10,189.58677673339844,193.26089465358288,188.75926646012,191.74931884492915,15234060
4860,2015-03-11,188.8806610107422,191.8927650747789,188.09728298123576,189.98399831478108,11635873
4861,2015-03-12,190.61289978027344,191.40731089348182,188.8034159837498,189.33303321283,11782380
4862,2015-03-13,187.58975219726562,191.89277075650713,186.90568658380593,191.76037381140117,12936157
4863,2015-03-16,185.82440185546875,188.43931498270956,185.42719631870037,187.8986794325344,13839990
4864,2015-03-17,189.0792694091797,189.75230197017916,185.58168019307737,187.68905724000817,19070082
4865,2015-03-18,191.68313598632812,192.4775470917874,188.60481873089407,189.1123550676009,9269885
4866,2015-03-19,188.9248046875,193.45951803915307,188.47243371416172,193.2057572199509,13934612
4867,2015-03-20,188.47244262695312,190.02815104426023,187.25875967778842,189.3109714082962,10405717
4868,2015-03-23,185.79132080078125,190.6570412284551,184.9417442543439,189.0020351821287,13251683
4869,2015-03-24,187.11529541015625,188.51654045646166,185.82439587025155,185.82439587025155,9238431
4870,2015-03-25,186.44227600097656,187.45734867198203,185.58166642717273,187.34701788826658,10264941
4871,2015-03-26,182.99984741210938,187.40217813519956,181.85237783214794,185.60372748836556,20621346
4872,2015-03-27,179.11610412597656,184.25766590500254,176.85424942808908,184.0149234525995,23326922
4873,2015-03-30,178.9064483642578,180.4400903278155,175.75089981715243,180.19736262284303,17330588
4874,2015-03-31,182.2716522216797,183.79426120887823,180.5063007829739,180.5063007829739,20235395
4875,2015-04-01,184.48936462402344,185.14033098688267,179.42503428103467,182.02891446288342,14588531
4876,2015-04-06,181.97373962402344,184.91965981735876,181.25657482729602,184.4783219692145,12334096
4877,2015-04-07,183.78323364257812,184.50039847955398,182.28269076683932,182.28269076683932,21275454
4878,2015-04-08,191.07630920410156,191.87070560933262,183.7942709591572,183.92666790496034,24821205
4879,2015-04-09,197.51979064941406,198.38040019979758,189.50955501348542,190.9880316662727,27276420
4880,2015-04-10,199.56097412109375,200.54294755539058,196.19579684076518,197.48669646896377,25323219
4881,2015-04-13,203.56610107421875,204.06260433461097,198.3252415091964,200.10161132991726,20177342
4882,2015-04-15,203.8198699951172,207.33951028701853,200.18988419194451,203.23508739573663,22231264
4883,2015-04-16,204.85702514648438,206.98646830868674,202.79378045808159,204.00744860523176,20177302
4884,2015-04-17,204.5260009765625,208.3766483274012,203.5881598818529,206.33546996729604,23958678
4885,2015-04-20,195.4344940185547,206.86508779100262,193.85671954972807,206.83198855440983,37628162
4886,2015-04-21,193.4043426513672,197.60807814337298,192.52168163889783,196.4274945498854,17707007
4887,2015-04-22,194.13255310058594,195.67722826796256,191.31902972585794,194.60699020224112,14761313
4888,2015-04-23,193.53675842285156,196.2620025284793,191.77140689970201,195.03730132536379,13337818
4889,2015-04-24,193.94497680664062,195.1696927052458,191.68313680381502,193.52571982573926,12709854
4890,2015-04-27,193.1505889892578,195.84273390116584,192.30101245053075,194.19876094879316,11042925
4891,2015-04-28,190.92184448242188,194.62906204637346,189.45440082097159,193.0181883615188,14687371
4892,2015-04-29,187.56768798828125,192.1024159789791,186.99395315644966,190.21570056997027,16387960
4893,2015-04-30,190.29290771484375,191.076285675206,187.11529302438234,187.56766393058427,34802149
4894,2015-05-04,196.60403442382812,197.25500077363944,189.8846982468769,191.14249863331986,15078502
4895,2015-05-05,196.86883544921875,198.99827855908137,195.31312716192957,197.21087561918858,17846755
4896,2015-05-06,194.2428741455078,197.8838929481673,192.42235737897258,196.39438324747783,22438208
4897,2015-05-07,192.14654541015625,193.84568372239832,189.77435983591235,193.084386561146,16735535
4898,2015-05-08,196.32818603515625,197.22189480736395,190.01708870093267,192.20169705040837,17104443
4899,2015-05-11,197.70736694335938,198.47969713577797,194.93797597569412,197.02328664475894,14214007
4900,2015-05-12,191.6941680908203,197.47566317638123,190.91080479815042,197.47566317638123,16650201
4901,2015-05-13,195.3131103515625,196.09648833233646,189.15647620447245,192.7202634292438,16701434
4902,2015-05-14,193.79049682617188,195.55584814519247,192.047226392529,195.51170110484748,12329713
4903,2015-05-15,192.85267639160156,195.72136522641418,192.0031146041503,194.6069948206425,8331715
4904,2015-05-18,196.73641967773438,197.27705521248424,192.46650078793334,193.0623017108811,9847540
4905,2015-05-19,197.6190948486328,199.64924005080968,195.64411503451393,196.67022071321398,14513036
4906,2015-05-20,200.55398559570312,201.02842270705926,198.0935354099096,198.68935111657046,8708891
4907,2015-05-21,197.88389587402344,201.99935181540042,197.29912800903148,201.0835768796685,10759523
4908,2015-05-22,199.45065307617188,199.83682556781648,197.9390770766829,197.9390770766829,8349048
4909,2015-05-25,197.3874053955078,200.36642503354685,196.91296827994995,198.6010735160072,6617337
4910,2015-05-26,195.2028045654297,197.7184202655957,194.7835328269999,197.4977439520161,9510249
4911,2015-05-27,195.3572540283203,196.59300299897833,194.23185057195104,195.51171712574816,8078236
4912,2015-05-28,193.26092529296875,197.33224937900675,192.42238180924906,195.47863314358972,26538868
4913,2015-05-29,193.5257110595703,195.61102171282087,192.66510151903762,194.16564431079175,29277517
4914,2015-06-01,199.0975799560547,199.68236259857002,193.7463893855172,194.18772727192248,19594976
4915,2015-06-02,198.3031768798828,202.74962537036492,196.71436938047114,199.8699182222365,20178960
4916,2015-06-03,197.795654296875,200.90707104097137,196.0634166560825,198.38042223000352,15546279
4917,2015-06-04,201.40353393554688,202.1758640617767,196.95707129735126,199.52785190977298,15931395
4918,2015-06-05,200.31124877929688,202.3413940761482,199.5830361621503,200.78568586913136,13066337
4919,2015-06-08,195.39035034179688,200.8077537836817,194.87178093491727,200.10160731660426,10846953
4920,2015-06-09,195.0041961669922,196.5378235287955,193.60295101586888,194.97108220130747,9153355
4921,2015-06-10,199.8809356689453,200.78567749839118,195.29104278612988,195.5117043394529,13509379
4922,2015-06-11,193.55882263183594,200.69743074306177,192.78647766563006,199.9250857768559,14676438
4923,2015-06-12,196.3612823486328,196.9901825110363,193.80153465759096,193.9670455543157,21543824
4924,2015-06-15,198.98724365234375,199.7044232217811,196.39439653068158,197.47566769372264,12858570
4925,2015-06-16,199.4727020263672,199.7044113935304,197.10053134749884,198.3803978494279,13929305
4926,2015-06-17,205.48590087890625,207.94635084717135,197.27705541986225,199.71543923282502,26232634
4927,2015-06-18,216.0227813720703,216.69581382900867,205.7727577811652,205.78379085864927,49366799
4928,2015-06-19,219.9286346435547,222.08014392892954,216.80618496398162,216.80618496398162,45710935
4929,2015-06-22,218.83633422851562,222.58768419536244,217.68884982312585,219.9948369824751,19394187
4930,2015-06-23,219.56451416015625,221.26365237527176,218.68183845316136,219.04594476011874,16007498
4931,2015-06-24,218.65975952148438,222.0911497158741,217.7219184788985,219.56450133177268,18603004
4932,2015-06-25,221.67189025878906,222.65386366521906,217.35783890165038,217.79917675368299,27175118
4933,2015-06-26,220.82232666015625,223.77926520218108,219.65277620647234,220.64578268258276,20966796
4934,2015-06-29,218.6487274169922,219.31074152671067,214.4891393631358,217.99776111516584,20168946
4935,2015-06-30,220.68992614746094,221.29676019566043,218.01984749713617,218.43911921074672,23184864
4936,2015-07-01,221.91464233398438,222.97384733265233,220.88853657087407,220.88853657087407,14824266
4937,2015-07-02,223.06210327148438,225.02605009304634,222.23459295395526,222.65386465176454,15931202
4938,2015-07-03,222.25665283203125,223.71306328992924,221.34087791565477,222.81935452910827,13831096
4939,2015-07-06,224.09922790527344,224.83845882094204,219.60863283307094,219.8072429565358,12237733
4940,2015-07-07,221.38504028320312,224.3309459058604,220.66786071717758,223.09521164838134,11294999
4941,2015-07-08,219.91757202148438,222.58765038163043,218.82526790735238,219.75206113148147,15190654
4942,2015-07-09,217.887451171875,220.8885369162641,216.94961003545194,219.78518487138217,16245867
4943,2015-07-10,221.06504821777344,221.55051836435942,218.51633363079978,218.70389595068565,16110573
4944,2015-07-13,222.21255493164062,223.4262378663726,219.5976414413229,221.06508520423964,9860248
4945,2015-07-14,220.18238830566406,223.20554017797073,219.60865349688925,222.63180536919592,9942927
4946,2015-07-15,223.12831115722656,223.84547599371834,220.5685632803896,220.6126955946099,13532911
4947,2015-07-16,225.897705078125,226.8024470507605,223.1283284935701,223.31589084357935,14854295
4948,2015-07-17,225.4563446044922,227.5416553263447,224.6398820792909,226.2397226251812,10195142
4949,2015-07-20,226.12939453125,227.27686414974775,224.6178185938477,226.80242704645144,6348354
4950,2015-07-21,222.38905334472656,226.94584711398437,221.27468301041444,226.84654941238625,7923338
4951,2015-07-22,231.78952026367188,232.57288354453715,221.68292604677092,221.77119067217416,17309440
4952,2015-07-23,230.66412353515625,235.64017451063833,229.75938163764607,232.47359259976466,18642915
4953,2015-07-24,226.19558715820312,231.62400891415365,225.32394452320332,231.2599173350671,13099664
4954,2015-07-27,221.8484344482422,227.26583816551334,221.0540380454124,226.16250082633113,20118553
4955,2015-07-28,222.92970275878906,224.35299927031824,220.6899142905048,222.49939798979216,13382878
4956,2015-07-29,219.78518676757812,223.47035287384546,218.92459190389744,222.76420638059577,14790821
4957,2015-07-30,220.70095825195312,222.4332104912767,218.9687207430414,220.6899251734966,11701228
4958,2015-07-31,221.0760955810547,222.41114225303772,218.46118235926676,220.6678569515713,16634259
4959,2015-08-03,221.20849609375,223.7241116509848,220.5354635729184,220.88853681633736,9887787
4960,2015-08-04,218.0198516845703,221.91464631501717,216.25451489859182,221.41814304233384,12006872
4961,2015-08-05,217.96469116210938,220.84441315411192,217.15924693693376,218.07502195174644,14345010
4962,2015-08-06,216.0227813720703,218.90250297787392,215.70282212503247,218.68182669778213,8708037
4963,2015-08-07,217.21441650390625,219.34385956204474,215.62559428871117,216.03383292093736,8608888
4964,2015-08-10,213.80508422851562,218.19636712308164,212.83414390208435,217.24750768309818,9288894
4965,2015-08-11,213.1651611328125,214.85326634130092,211.3998096441032,214.26849844804983,8762464
4966,2015-08-12,208.06773376464844,213.16516341062757,207.5491643371209,212.635560904438,9650325
4967,2015-08-13,205.96035766601562,210.50611866718552,205.08871498730448,208.9724765356165,9340350
4968,2015-08-14,213.37478637695312,214.48915675377057,206.1699799715446,207.48296048954498,12739366
4969,2015-08-17,209.78892517089844,213.16515014424434,208.76281945836533,213.16515014424434,10857430
4970,2015-08-18,208.33253479003906,210.95848125362815,207.9132777865181,210.95848125362815,6630334
4971,2015-08-19,210.6495361328125,212.06179958399758,207.30641037087224,208.31044993421818,8877298
4972,2015-08-20,202.1979522705078,211.83010949249862,201.63525054748146,211.83010949249862,19008087
4973,2015-08-21,200.3553924560547,201.2270351382808,197.93907455732315,200.80776341529563,20050521
4974,2015-08-24,183.05502319335938,194.18772366560341,180.50630836277153,194.18772366560341,35635706
4975,2015-08-25,187.15943908691406,189.91779703664645,181.6537857265415,185.54856546839778,49504268
4976,2015-08-26,188.31796264648438,193.04025287356316,185.3610091913409,187.0822136487588,18955515
4977,2015-08-27,191.79347229003906,194.4635509911895,189.12339358888863,191.27490286001031,26997546
4978,2015-08-28,192.51065063476562,194.84972222907012,191.12043853430922,193.08438545469716,10770215
4979,2015-08-31,188.86962890625,192.60994562692002,188.40622487929818,192.60994562692002,20708942
4980,2015-09-01,185.32789611816406,188.42827936400286,184.27972426581033,188.42827936400286,21645696
4981,2015-09-02,187.46836853027344,189.13440743812433,185.93472655354458,187.56766622861497,19652369
4982,2015-09-03,188.41725158691406,189.9398605581548,186.33194090134643,188.461383899378,11659978
4983,2015-09-04,184.45626831054688,187.50148641169073,182.07304966126537,187.50148641169073,16199949
4984,2015-09-07,183.8604736328125,186.24369236378095,182.6468054743966,184.97484407960738,10234633
4985,2015-09-08,187.25875854492188,188.21866592666362,182.07306385193698,184.4783488460667,12900468
4986,2015-09-09,192.87472534179688,193.90083102672276,187.67799845109624,189.99501841564376,17340694
4987,2015-09-10,191.3190155029297,192.09136039440668,188.78133400729354,189.99501673241298,11074406
4988,2015-09-11,189.9840087890625,193.32712012078946,188.93583681939612,192.4223781786487,10634833
4989,2015-09-14,190.62393188476562,191.03217051778924,187.9869524834034,190.1605278594972,7964072
4990,2015-09-15,191.3190155029297,191.9810296185987,188.80340016245515,190.21567828402888,11509788
4991,2015-09-16,192.5437469482422,193.6029519428716,190.9218402208666,192.4444492419479,13424811
4992,2015-09-18,197.5860137939453,198.49074097174304,193.55882225192,193.84568229621303,34261453
4993,2015-09-21,193.76844787597656,195.99718864719975,193.31607692857162,194.18771958799178,12732187
4994,2015-09-22,187.10426330566406,195.26897645796078,186.35399929461914,194.18770538681358,15745524
4995,2015-09-23,187.64492797851562,189.0682394084316,185.36102162735875,186.0230211199471,15221260
4996,2015-09-24,184.77622985839844,187.12633438266244,184.20249507476564,187.12633438266244,29076982
4997,2015-09-28,184.09213256835938,185.55957599100313,182.8674315685398,185.31684829858872,11624639
4998,2015-09-29,185.52650451660156,187.6228483681783,182.29372411060785,183.1543337005605,15853471
4999,2015-09-30,190.28189086914062,190.83355951952691,185.02999824686555,187.78835622920872,17292020
5000,2015-10-01,190.81149291992188,192.8526713407378,189.46542789748423,192.8526713407378,8663393
5001,2015-10-05,195.9530487060547,196.3943865578177,190.1825868598564,190.39223007290974,16015412
5002,2015-10-06,198.1707763671875,198.71141193578,195.45655071548302,197.6411738769252,12330294
5003,2015-10-07,201.6462860107422,202.58412713701566,196.61506967885782,197.43153221213186,11515191
5004,2015-10-08,196.19578552246094,201.889015659029,195.5668853621726,201.889015659029,10753149
5005,2015-10-09,195.8096160888672,199.80370812730038,194.51871651524968,197.28809271697713,9327873
5006,2015-10-12,196.7805633544922,198.95413869667863,195.953053022905,195.953053022905,6212395
5007,2015-10-13,197.1887969970703,197.7845979393727,194.82764465344547,195.30208173777004,6162561
5008,2015-10-14,199.25204467773438,199.70441561326768,197.2660316848219,197.6742703076604,8002587
5009,2015-10-15,199.4175567626953,201.0284304958287,198.623160340389,200.3002325478469,9048478
5010,2015-10-16,201.86695861816406,201.86695861816406,199.4175416023083,199.5940708537532,15246935
5011,2015-10-19,212.61349487304688,213.05481801978948,207.6484621680713,207.6484621680713,33505855
5012,2015-10-20,211.11294555664062,213.31962014483133,210.296468299196,212.9444807511072,18091895
5013,2015-10-21,210.73780822753906,215.10702513339535,210.29647035949475,210.8481390119472,14404450
5014,2015-10-23,210.8812255859375,214.72085449610302,207.6815446477402,212.71277541879317,12153422
5015,2015-10-26,208.0566864013672,212.50313464018097,207.7146462559157,212.26040692628135,10938775
5016,2015-10-27,207.3284912109375,209.24830584920187,206.85405409078697,207.1629950284707,11601798
5017,2015-10-28,206.75473022460938,208.5090484584668,205.19902211499814,206.74369714717406,11958727
5018,2015-10-29,207.64845275878906,208.53112847310138,206.31340610915197,206.54511548110438,13280382
5019,2015-10-30,209.12692260742188,210.93639155932382,207.44985058922745,207.89117370158576,13366359
5020,2015-11-02,211.79701232910156,212.17215172492536,208.57526505544524,209.4137937438369,7222044
5021,2015-11-03,213.42994689941406,214.14712643832658,212.1169811417808,212.5583189971705,11373522
5022,2015-11-04,209.9213409423828,215.15118240650017,208.79593742709125,213.6065071601125,10033187
5023,2015-11-05,206.67752075195312,209.85513577509883,205.88312436137272,209.4137979001488,10767454
5024,2015-11-06,210.16407775878906,210.68264718662923,206.96439656239852,207.3064220011277,8367190
5025,2015-11-09,212.1169891357422,212.94448475667338,203.77573134230516,205.99345378095646,17031699
5026,2015-11-10,203.62127685546875,211.73082561216435,202.19796547233693,211.1791569314052,11486238
5027,2015-11-13,205.89414978027344,207.10781784342586,201.8007599236704,201.92212378390334,13682323
5028,2015-11-16,206.16998291015625,207.86912119554128,204.06260598862215,204.33844768236997,15346549
5029,2015-11-17,204.72459411621094,207.18504414524148,204.38256870057765,206.99748182053935,8588142
5030,2015-11-18,201.24908447265625,205.50797035817965,200.79671355123062,204.69149313796538,11249222
5031,2015-11-19,206.26927185058594,207.14091447850677,202.40759141511967,202.77169772166062,12183206
5032,2015-11-20,208.93934631347656,210.25232676874634,204.23912257608288,206.10377165421608,11304265
5033,2015-11-23,210.4619598388672,211.3777347811368,208.7959208560851,209.63446425172665,10499517
5034,2015-11-24,213.540283203125,214.4008927799121,209.86616497978272,210.29646976817628,14806176
5035,2015-11-26,218.1632537841797,218.89146634712785,213.66164040047238,214.26847438265565,23805828
5036,2015-11-27,216.04486083984375,219.01284724840883,214.95255664079204,218.24050231611105,10891864
5037,2015-11-30,213.4078826904297,217.22544559961696,212.34867771999413,215.923498177817,29919205
5038,2015-12-01,213.14306640625,215.98967394114013,212.11696077835973,212.72379474735968,12981379
5039,2015-12-02,215.80213928222656,216.18831175940218,212.8341527889139,213.22032526608953,7573628
5040,2015-12-03,215.63661193847656,218.22945883546177,214.95254639450943,215.12907563671752,11361395
5041,2015-12-04,213.04376220703125,215.41594751969538,212.15006819983222,214.55533801455945,13443688
5042,2015-12-07,210.08685302734375,214.70984571328893,209.57931666169807,213.04379185859082,14483909
5043,2015-12-08,207.6263885498047,210.42886408297562,206.56718357486008,209.3917252645752,7532164
5044,2015-12-09,202.1096954345703,208.18909856973798,201.43666290273615,206.58925796528524,9174419
5045,2015-12-10,209.71170043945312,210.47299757490345,203.014430395428,203.56609904253435,18592203
5046,2015-12-11,210.28543090820312,211.62047755031733,208.06772328716178,210.0206370336484,18155513
5047,2015-12-14,210.7598876953125,212.61350391208447,208.7518083706138,209.10488163343052,10563900
5048,2015-12-15,215.3497772216797,215.8021481883985,210.4399097917912,211.1791555412143,15718833
5049,2015-12-16,215.9565887451172,217.92053551201386,214.82015227271637,215.34975473667865,12097338
5050,2015-12-17,222.80833435058594,223.9778848539719,215.81317113916214,216.26554208465103,19369032
5051,2015-12-18,218.8804473876953,222.6538631822515,218.46117569265323,221.50639360770253,16016139
5052,2015-12-21,218.92459106445312,220.4472001010186,217.21441969186878,217.99778300212424,12331769
5053,2015-12-22,217.8654022216797,221.24161290295956,217.1371895199356,219.07907041736908,11579277
5054,2015-12-23,221.5063934326172,222.19045899951698,218.46117551997492,218.85838105866983,12919467
5055,2015-12-24,220.7892303466797,222.25667402226335,219.851403915745,221.52847608909252,11901877
5056,2015-12-28,222.9628143310547,223.70204532250867,220.6678603462078,220.80025728848398,12885935
5057,2015-12-29,224.06614685058594,224.7943447479381,222.24563001158816,222.96280956106494,14913870
5058,2015-12-30,221.66087341308594,224.19855520030066,221.10920474024903,223.97789362333083,8151610
5059,2015-12-31,223.8896026611328,225.01502083660162,220.4692600128539,221.4181342054823,18483713
5060,2016-01-01,224.05511474609375,224.83847803828547,222.47734035296372,222.83039885968148,5416562
5061,2016-01-04,219.63072204589844,223.71307895277803,217.7329736136116,221.77119820629028,30170947
5062,2016-01-05,221.80429077148438,222.87452881949437,220.005854830647,220.73405272347438,14946239
5063,2016-01-06,227.77334594726562,229.14149173604085,220.7561024954072,222.34490983217336,26759864
5064,2016-01-07,223.59170532226562,226.846551734883,222.44423574233946,225.3129096921549,19739943
5065,2016-01-08,226.35006713867188,227.92784162365413,224.35302092214215,225.08123359546474,21313199
5066,2016-01-11,232.0543212890625,234.0844666575282,223.09521111762388,224.18751535146393,29016443
5067,2016-01-12,230.69720458984375,235.0995204061748,229.73729737550113,232.8045813381825,23373377
5068,2016-01-13,237.62619018554688,240.47281285146482,231.08338306971245,232.38533053787336,71802356
5069,2016-01-14,234.2720489501953,238.54198327309024,232.3743150926552,234.75751917663888,27823189
5070,2016-01-15,236.8428192138672,240.4176399057131,235.14368086472967,236.05945587818908,28767318
5071,2016-01-18,224.3861083984375,239.1929267917884,222.4552754873835,237.21794683672678,27254669
5072,2016-01-19,230.28897094726562,231.65710206326253,223.77926351197743,227.06722382842,21489315
5073,2016-01-20,221.67189025878906,228.36916012473927,218.46117616652626,228.36916012473927,45114225
5074,2016-01-21,217.18130493164062,226.3500583532792,215.52629895805399,224.54058928000646,31768619
5075,2016-01-22,221.5836181640625,223.09519399588856,219.35487755336877,219.35487755336877,23682648
5076,2016-01-25,221.53948974609375,224.80536917583964,220.6678471341396,222.87452162827003,13099564
5077,2016-01-27,220.52444458007812,222.87454937903863,219.994842046328,222.4552923680633,17251028
5078,2016-01-28,224.39712524414062,225.4784110402551,220.02790867092213,220.8885181846091,23074633
5079,2016-01-29,228.4794921875,229.49456483374877,224.63987789496545,224.84950637891214,19177163
5080,2016-02-01,227.35409545898438,229.89177714937648,226.30592354754492,229.4835385171459,9918809
5081,2016-02-02,220.92161560058594,227.90574515982075,218.57149643888042,227.35407655390486,14771279
5082,2016-02-03,216.5634307861328,219.34385487287201,215.15116731679157,218.01984129865173,15691478
5083,2016-02-04,214.7208709716797,220.88853868797463,213.098964222575,218.0198498630138,18203784
5084,2016-02-05,214.24644470214844,216.6958472024867,212.15010073567495,216.05591387944395,20998404
5085,2016-02-08,212.07286071777344,217.31372042479958,211.38878037488576,214.2905684667564,12078110
5086,2016-02-09,211.28945922851562,213.78300839988304,209.63445340942027,210.2743866359381,19603494
5087,2016-02-10,212.42591857910156,214.70983952387513,209.33656815817656,210.0096154202351,16883350
5088,2016-02-11,204.01846313476562,213.15411683591222,202.02141710173456,212.4700365413553,17114833
5089,2016-02-12,200.0464324951172,206.08170276337796,195.97510897956533,206.08170276337796,29319458
5090,2016-02-15,208.9172821044922,209.9323547368852,202.57308551724137,202.57308551724137,19283523
5091,2016-02-16,205.3424835205078,211.39980555870864,204.5591054981895,209.87719655780734,13024856
5092,2016-02-17,210.2082061767578,211.2784442486048,202.22002168211796,206.34651087100778,15442221
5093,2016-02-18,207.44985961914062,213.76095716550645,206.5451177386024,212.4921089710128,14433087
5094,2016-02-19,208.3876953125,210.24131146953147,206.84302009177784,207.42780272805038,10235503
5095,2016-02-22,212.3486785888672,213.67269217253488,208.33252025519454,208.33252025519454,12770834
5096,2016-02-23,209.5572509765625,213.4299648365994,208.0346418761893,212.52522289353433,18989787
5097,2016-02-24,210.21922302246094,211.5211556415223,207.86910383900818,208.50905180133734,15186204
5098,2016-02-25,208.33253479003906,211.07985985348103,207.61536992202483,210.56129040818723,24826958
5099,2016-02-26,209.71170043945312,211.56531652119392,208.37665376981698,210.29646832156115,8349402
5100,2016-02-29,213.30857849121094,219.47624579619313,206.32443396160755,209.92132046635643,31032353
5101,2016-03-01,216.54135131835938,217.3688615926792,212.86723339355132,212.87826647106465,16453192
5102,2016-03-02,220.99887084960938,221.93671199939138,217.85435503945476,219.1011223926581,20105967
5103,2016-03-03,223.50344848632812,224.63988502778835,220.11619028844123,222.8745335536959,15880459
5104,2016-03-04,222.08013916015625,223.97788759264859,221.4402058737618,223.7572112912082,8987660
5105,2016-03-08,226.62588500976562,227.48647980989563,222.32285208747163,222.32285208747163,13222993
5106,2016-03-09,229.8697052001953,230.35517536918562,224.77227579100256,225.08121670960054,11854901
5107,2016-03-10,223.2606964111328,230.79650962589218,222.6538623919624,229.9469331608069,20706353
5108,2016-03-11,223.86753845214844,227.18859815523973,223.0069436086592,223.95581780954245,15319044
5109,2016-03-14,225.02606201171875,226.49349093615763,223.52551912084635,224.8826172585473,11880095
5110,2016-03-15,225.19155883789062,226.81346559882792,223.99995687687795,225.96388907768414,10487788
5111,2016-03-16,225.46737670898438,226.36108550889304,221.8705048136522,225.30188053507965,11064129
5112,2016-03-17,226.72283935546875,231.3867256112907,225.83022541185056,229.17752025228668,16832997
5113,2016-03-18,229.22213745117188,229.88043312437748,226.65588366991065,227.22492093268343,14030979
5114,2016-03-21,231.47596740722656,232.41321049110843,228.22910341316586,229.38949251879907,12708074
5115,2016-03-22,233.83023071289062,234.81208809769976,231.10775988979825,231.40902191322883,15333442
5116,2016-03-23,229.66844177246094,233.61823066277705,228.15100412367013,233.61823066277705,16806372
5117,2016-03-28,227.70469665527344,230.2263211966591,226.64472325342572,229.84695806127036,18070240
5118,2016-03-29,231.24166870117188,232.52478814438604,227.66007070671375,228.46341129732053,15871250
5119,2016-03-30,233.65170288085938,234.7005189853868,232.68098788467242,232.68098788467242,14453294
5120,2016-03-31,233.23887634277344,235.64892796930724,230.4494764619003,232.30164811225947,30833349
5121,2016-04-01,230.83999633789062,233.48435129138622,228.73120675603633,231.8776551764622,12381116
5122,2016-04-04,230.97389221191406,232.56943108229348,228.79815874287524,232.07849489938718,8632568
5123,2016-04-05,229.1663360595703,232.6140313161805,228.10636271200215,230.14820830308267,10259495
5124,2016-04-06,230.6837921142578,231.34208779746115,228.19563940433707,230.3155862693669,6990781
5125,2016-04-07,231.46482849121094,233.86372289689578,228.08407661556893,230.94042040217886,8789163
5126,2016-04-08,231.26397705078125,235.30302428975327,230.1147452543644,231.1635464454404,13411752
5127,2016-04-11,232.1454315185547,233.30583557618456,230.51642079274012,231.40903471514346,10308361
5128,2016-04-12,233.72979736328125,235.97248932051164,231.6433225145666,232.14541595021365,11164859
5129,2016-04-13,237.89161682128906,238.75075887893755,234.8790707609762,234.8790707609762,16038542
5130,2016-04-18,237.6015167236328,238.0589809880989,235.51504172750862,237.83582005856564,19065716
5131,2016-04-20,231.47596740722656,238.59453404877797,231.14123347833643,238.59453404877797,21687934
5132,2016-04-21,232.33511352539062,234.75630748960833,230.96272077836454,232.39090003182298,11380697
5133,2016-04-22,231.8441925048828,233.75213583819004,229.69077363098774,231.8553498068975,11705087
5134,2016-04-25,226.9236602783203,233.07151208935204,225.89715875958638,233.07151208935204,61157544
5135,2016-04-26,226.934814453125,228.48572401123022,224.82602493785166,226.58893811536402,26429236
5136,2016-04-27,227.48155212402344,228.94320336886037,226.7228406948508,227.1468330653874,14502641
5137,2016-04-28,222.41600036621094,227.43692025334468,221.13286596766966,226.27653107113045,61949033
5138,2016-04-29,219.29185485839844,222.8288236230127,218.43271287095266,221.69073420848568,23479680
5139,2016-05-02,220.24024963378906,221.4564252296373,218.24303317906111,218.46617919801935,10620873
5140,2016-05-03,217.7521209716797,222.02548687446907,217.07151064279623,220.47457718347817,17571826
5141,2016-05-04,218.26536560058594,219.5150132013017,217.12729101845835,217.3615943574935,13546285
5142,2016-05-05,217.62936401367188,219.45920603507358,216.65864905079656,218.68933738301615,21665684
5143,2016-05-06,216.22349548339844,217.975236367223,215.78834586352798,217.1272666249553,14748329
5144,2016-05-09,219.381103515625,220.0282418546172,217.0826399788109,217.57357610748906,15347096
5145,2016-05-10,219.25839233398438,219.73817120377814,218.24304808584685,219.38112265279432,7248302
5146,2016-05-11,217.662841796875,218.85670280817823,216.45780858819856,216.85948632442404,12339923
5147,2016-05-12,221.54568481445312,221.8581041389177,217.58473868305654,217.7967274021933,12786216
5148,2016-05-13,218.27651977539062,221.04360507805632,217.5735948720912,220.68655652742515,14648291
5149,2016-05-16,217.78558349609375,219.2472347067247,216.7032954393033,218.01988683165573,9327335
5150,2016-05-17,216.2681427001953,219.38111920595784,215.6433189179886,218.74513812221645,12157600
5151,2016-05-18,216.58056640625,217.01570117487657,215.14122979046232,215.54290755007395,8228838
5152,2016-05-19,212.2625732421875,216.88183060012315,211.01292555435884,216.8372013895768,9134784
5153,2016-05-20,208.46896362304688,212.9989620720799,207.83298254498118,212.4410821040601,18544619
5154,2016-05-23,207.53172302246094,209.91946003980289,206.5610079933259,209.17189104207185,18365734
5155,2016-05-24,209.86366271972656,210.65584598666115,207.09656269529566,207.09656269529566,12283217
5156,2016-05-25,212.2625732421875,212.61962182282363,210.0198958271718,211.96132607099952,9240115
5157,2016-05-26,211.29183959960938,212.53034477250617,210.67817311212224,211.99477939662927,14190024
5158,2016-05-27,217.5066375732422,217.99757374743817,211.71583409509483,211.7827779057219,13401594
5159,2016-05-30,216.167724609375,219.02406825216707,215.3420545123592,217.88599371561506,9633652
5160,2016-05-31,213.7465057373047,217.1272721810688,213.44525861325204,216.234658317276,23332727
5161,2016-06-01,212.79811096191406,215.58752563551354,212.3964481192872,213.7688259574555,9042808
5162,2016-06-02,213.38946533203125,213.59031165197146,210.90132755364885,212.99895978599312,10253825
5163,2016-06-03,214.148193359375,214.87343284704875,213.3002086599683,214.22629446921917,8643295
5164,2016-06-06,213.06591796875,214.89576019671532,212.56382447942005,214.449453217726,8672842
5165,2016-06-07,213.1217041015625,214.43829553579755,212.35182046769697,213.61264028795466,18954268
5166,2016-06-08,212.90969848632812,213.77998287338121,211.8050809823051,213.77998287338121,12135516
5167,2016-06-09,216.7144317626953,217.897135420239,213.37829460545598,214.22627924459817,15643495
5168,2016-06-10,217.95294189453125,219.6712259314903,216.07847053093573,217.35043270993756,16316760
5169,2016-06-13,218.934814453125,219.45922252680057,214.90690938842627,216.43550440286475,10214469
5170,2016-06-14,217.8525390625,219.8943849676398,216.30162935462795,218.90135527080872,10923848
5171,2016-06-15,219.71585083007812,220.13982828392326,217.2946419412762,218.68934930718908,11129082
5172,2016-06-16,217.86367797851562,219.5038459663323,215.79951764298647,218.91249409831107,9372207
5173,2016-06-17,217.55125427246094,218.38808164971513,216.48012357148295,218.0198758161717,10534878
5174,2016-06-20,220.9654998779297,221.5010652458356,216.01152394886586,216.93759486901092,10758608
5175,2016-06-21,220.27371215820312,221.84693621366551,218.62238699943063,221.83577891319263,13933068
5176,2016-06-22,218.80093383789062,220.00595224687714,218.04220750907368,219.80512081080084,12788710
5177,2016-06-23,218.78976440429688,219.1356407472499,216.45781393339257,218.67819139044104,9837526
5178,2016-06-24,212.31834411621094,215.31974768196483,208.29045388723543,215.31974768196483,24985097
5179,2016-06-27,213.2555694580078,213.8692359028529,209.87481791278682,209.87481791278682,9163399
5180,2016-06-28,213.7353515625,214.572178934078,213.11052780721153,213.4229471329873,7604977
5181,2016-06-29,215.7660369873047,216.22350122052384,214.2262847741267,214.67259170644445,7523987
5182,2016-06-30,216.2681427001953,218.13147164154444,215.79952113947436,216.9041237839367,12758283
5183,2016-07-01,217.22767639160156,217.97523040798384,216.45779287835657,217.07147418739734,6610193
5184,2016-07-04,220.1844482421875,221.72420046185388,217.68515324469683,217.68515324469683,7803505
5185,2016-07-05,221.6126251220703,223.79951567001055,218.75628162800328,220.0505583169326,11359882
5186,2016-07-07,220.45223999023438,223.2639543313199,220.0617195578921,221.47874147759725,12029091
5187,2016-07-08,218.33229064941406,220.69769802526918,217.8748264162505,220.2514059892685,7140617
5188,2016-07-11,221.47874450683594,222.0254671610876,219.91667765236505,221.1440105750696,8266601
5189,2016-07-12,223.91110229492188,224.26813591947553,221.1440023270547,222.0924026848008,9767494
5190,2016-07-13,225.10498046875,226.8790361150863,224.07847892720267,224.31278226121802,14915296
5191,2016-07-14,224.24583435058594,226.29883739613612,222.761868573502,224.95993143372036,10758372
5192,2016-07-15,225.87486267089844,227.83860745835204,223.93344738428223,225.16078042830836,13992989
5193,2016-07-18,224.54710388183594,231.7995585918875,223.5429169283664,229.400664226096,32106850
5194,2016-07-19,227.12451171875,228.27374357847802,222.10357702562473,224.491314054331,16649300
5195,2016-07-20,228.28489685058594,229.46760059430764,226.84556027779428,227.60428656731418,12265316
5196,2016-07-21,224.5694122314453,228.73120485267006,224.2681501952886,228.50804392685598,6711097
5197,2016-07-22,226.46621704101562,227.12451273600283,224.2904687334073,224.49131505979017,6899519
5198,2016-07-25,228.22911071777344,228.4522567466667,224.79255759897205,226.27652337990304,8241568
5199,2016-07-26,228.5192108154297,230.91810521505622,226.54432368226475,228.28490747457198,10516399
5200,2016-07-27,226.07569885253906,228.9543571944216,225.14961301184556,228.29606149283515,11030767
5201,2016-07-28,229.03245544433594,229.95854127345467,226.06453872526717,226.4885310840667,15610838
5202,2016-07-29,226.4773712158203,228.70889110472154,225.83021793517744,228.50804478111166,9629597
5203,2016-08-01,225.27232360839844,227.68237506430046,224.27929404393612,227.16912433085687,7978251
5204,2016-08-02,226.0087432861328,227.61543934841174,224.55824944072089,224.93761257794685,7710138
5205,2016-08-03,221.8023223876953,226.3657777675506,221.25559973036184,226.3657777675506,11872282
5206,2016-08-04,221.59033203125,223.15239898802508,219.44807047867437,222.92925294974188,10187608
5207,2016-08-05,226.7786102294922,227.39227668732093,222.49408742954722,222.7060761508153,12109001
5208,2016-08-08,229.6796112060547,230.73958466633783,227.3141887503758,227.59313619078588,13556347
5209,2016-08-09,230.00315856933594,230.8511432430221,227.83858257711205,229.17750339404867,13290768
5210,2016-08-10,223.96688842773438,230.8622939419194,223.5986826067607,230.12589719623466,13471958
5211,2016-08-11,226.29884338378906,228.25143076826123,223.06313651002972,223.58754458670833,14169454
5212,2016-08-12,231.1412353515625,232.72563170388983,226.9459709385329,226.9459709385329,16365425
5213,2016-08-16,228.70887756347656,233.14960247531704,226.61124541700136,231.2416593397015,13367575
5214,2016-08-17,226.12030029296875,229.57915279920792,224.75906495354582,228.53033676766867,15486572
5215,2016-08-18,227.1802978515625,228.42994542383582,226.72283358949892,226.72283358949892,7749690
5216,2016-08-19,226.4773712158203,228.06175272034238,224.7367725937653,227.1691388062764,8177802
5217,2016-08-22,225.7967529296875,227.5485089067855,224.75909406416653,225.8302248352679,6684236
5218,2016-08-23,225.48434448242188,226.49968872623248,224.26815391242332,225.83022083395778,7320433
5219,2016-08-24,227.7270050048828,228.05058162563336,225.6070582593947,225.76326047121637,8719596
5220,2016-08-25,225.98643493652344,229.62381950376894,225.16076483199737,227.8832208826088,14960746
5221,2016-08-26,229.37835693359375,230.02549535420212,226.4104251857399,227.14683691976373,9639663
5222,2016-08-29,235.97250366210938,236.48575442982528,228.97666704049325,229.2332998724831,16193208
5223,2016-08-30,237.9697265625,238.4383332402182,234.9794802889989,236.98785420713355,18170724
5224,2016-08-31,236.5415496826172,239.66568361062608,233.64056179392426,237.63499506779388,23295502
5225,2016-09-01,229.66844177246094,239.3867192299121,228.88740089758096,234.97946609509717,42621045
5226,2016-09-02,226.13148498535156,230.4160080338258,223.66564681361996,230.09243138633127,28124615
5227,2016-09-06,227.5931396484375,228.73121423837148,226.49969426624492,227.5931396484375,11510431
5228,2016-09-07,227.09103393554688,229.18866617148547,226.06453242024656,228.06174894417472,12927438
5229,2016-09-08,230.6056671142578,231.17471925974382,227.6600651587973,228.2960462142508,12206479
5230,2016-09-09,233.09384155273438,234.2877026681588,229.84697726895516,230.96273726979763,15269894
5231,2016-09-12,233.52899169921875,235.64893868432966,229.65730359474426,229.93623614738283,33684893
5232,2016-09-14,233.13844299316406,236.31836308570078,232.2793159388243,233.86369733471554,18604842
5233,2016-09-15,237.6573028564453,238.81769202014038,233.6405550938321,233.6405550938321,31371009
5234,2016-09-16,240.01156616210938,244.09525795703476,236.3407094468309,238.10362278795427,39324529
5235,2016-09-19,241.54014587402344,242.78980833561675,238.99622153719278,239.34209788502196,16678060
5236,2016-09-20,239.71029663085938,242.0645467717172,238.56106481346131,241.89718725353205,11531268
5237,2016-09-21,239.275146484375,242.09801816648113,238.54990701083372,239.6656669222495,10943394
5238,2016-09-22,243.0017852783203,244.5303802043422,240.78142279393,241.67403666659203,18761415
5239,2016-09-23,246.09246826171875,247.57643411174323,243.01296354202827,243.01296354202827,31085948
5240,2016-09-26,247.07432556152344,252.06178819802548,245.52341599428212,246.22634087142623,38213411
5241,2016-09-27,247.81072998046875,251.2584404572776,246.94044555724366,249.2612238808624,19374535
5242,2016-09-28,243.3811492919922,247.25283702747538,242.41043430879506,247.23052242539097,24820234
5243,2016-09-29,239.3197784423828,247.8665095916125,238.19286121681353,244.35187029909764,21260295
5244,2016-09-30,241.8302459716797,244.25145484135945,237.94738593912894,238.32674908057362,11199883
5245,2016-10-03,243.392333984375,247.24170755098177,240.1677842427118,242.5666638218056,18125170
5246,2016-10-04,244.65313720703125,247.31980691868637,243.68242212145228,243.9167403643151,13113580
5247,2016-10-05,243.10220336914062,246.91811951921267,242.29886279288445,246.3602395673988,10789932
5248,2016-10-06,247.877685546875,251.3253810837514,243.68240612161947,243.68240612161947,21111045
5249,2016-10-07,247.4759979248047,250.61127399872632,246.91811797647645,248.5917578214612,15280380
5250,2016-10-10,244.65313720703125,250.37701200053442,244.1287291064754,248.59178406044194,11553662
5251,2016-10-13,235.90554809570312,243.02409978336672,234.7563014041975,243.01294248236948,21938040
5252,2016-10-14,240.48016357421875,241.4508785652096,236.90972293820835,237.21098496502947,15265659
5253,2016-10-17,236.68658447265625,241.18311103869843,236.2625921198481,241.00457931862655,9826781
5254,2016-10-18,241.2500457763672,241.61825160789033,236.99899489916902,237.88043657984255,11073137
5255,2016-10-19,242.64474487304688,244.28492776025737,241.3169962168694,241.99760649702094,17073242
5256,2016-10-20,242.6893768310547,245.02131228684243,241.9083359813446,244.1175411281462,10125508
5257,2016-10-21,237.47879028320312,244.7981888416538,236.1844985803142,244.7981888416538,43608816
5258,2016-10-24,237.27792358398438,239.66566045529484,236.68657174066638,238.7730465917425,10513017
5259,2016-10-25,236.73121643066406,237.71308876555102,235.2472506267159,237.65730225746242,7658966
5260,2016-10-26,235.21377563476562,236.41880888245518,234.77862598112193,235.6600825898806,10945927
5261,2016-10-27,234.01992797851562,235.18031719046917,232.8372241623424,234.555493376053,12842476
5262,2016-10-28,235.41461181640625,236.0952220730991,232.9264592141756,234.3100092258056,8127969
5263,2016-11-01,234.53317260742188,235.63777527979303,233.72981708409878,234.60011641832145,10223897
5264,2016-11-02,228.45225524902344,232.71447843931563,227.83858877732635,232.3016433923059,7039997
5265,2016-11-03,228.49688720703125,230.9069388136291,227.74933310987072,228.47457260401941,7311872
5266,2016-11-04,224.39089965820312,229.15520154572275,223.1523944819476,227.67123573231225,11535892
5267,2016-11-07,223.40902709960938,226.8455653940178,222.94040553286933,226.27652811217573,9506040
5268,2016-11-08,223.93344116210938,224.42437734533172,222.77303706777928,224.42437734533172,13432073
5269,2016-11-09,224.1789093017578,225.16078170103467,207.5317375159784,211.99479252212186,21640144
5270,2016-11-10,225.4731903076172,229.6126684519029,224.71446399152092,227.30303249442662,9764091
5271,2016-11-11,223.54290771484375,227.0575619071275,222.05894194937892,222.67260841870325,14775330
5272,2016-11-15,219.8943634033203,223.15238473169825,218.5889144739709,222.3713587513395,14487470
5273,2016-11-16,220.15097045898438,222.438291573623,218.845536490366,222.0366138539471,16550762
5274,2016-11-17,218.18727111816406,222.73956958501626,217.43970207837683,220.02827066960822,12628378
5275,2016-11-18,220.3629913330078,221.52338048408768,219.13564347651695,219.80511136051695,18163751
5276,2016-11-21,221.255615234375,221.71306461752928,219.40344351264403,220.37415858162214,13232434
5277,2016-11-22,223.4759521484375,224.89295913511123,221.6572525425507,222.63912480031271,17646355
5278,2016-11-23,225.1607666015625,225.49550054586177,223.0519770138838,224.2681526809403,13107911
5279,2016-11-24,220.3295135498047,224.39089036648605,219.1802817309121,224.39089036648605,18913793
5280,2016-11-25,221.7465362548828,222.23747243979096,219.66007608935357,220.9208810095357,10454964
5281,2016-11-28,220.1732940673828,223.2862704537605,219.60425681467257,221.5903159967366,8312777
5282,2016-11-29,222.63914489746094,224.11195341705115,220.48572607494998,220.69771480817093,9885281
5283,2016-11-30,220.93202209472656,223.1412273165213,220.1732958208948,223.1412273165213,27596098
5284,2016-12-01,222.65028381347656,226.49967176894128,222.0366173717212,223.15237724696053,12627845
5285,2016-12-02,221.98085021972656,224.26815667374674,221.3225545172729,222.2374681611225,12481430
5286,2016-12-05,221.78001403808594,223.0854481132386,220.13983112357874,222.0366319739866,3987213
5287,2016-12-06,224.31277465820312,224.6140366879898,221.94736720992947,222.2597716446944,6726369
5288,2016-12-07,222.96270751953125,224.84833608520424,222.3378837646558,224.0449955135824,4930865
5289,2016-12-08,227.62660217285156,228.0171226207581,224.12310523569556,224.2793074563527,8750556
5290,2016-12-09,229.61265563964844,230.2597940051989,227.6823829479284,228.0617460848083,8239158
5291,2016-12-12,229.22213745117188,232.4578442069428,227.72701438763156,227.72701438763156,9023848
5292,2016-12-13,232.03384399414062,232.30163411262328,229.30023078599953,229.4006464943319,10365823
5293,2016-12-14,236.42996215820312,237.53456477757925,231.67681774599598,232.03385138699778,24139260
5294,2016-12-15,234.96832275390625,238.237501570423,234.00876500319316,234.8455924336733,19331986
5295,2016-12-16,235.90554809570312,236.98783608496225,234.7563014041975,234.7563014041975,14942206
5296,2016-12-19,237.11056518554688,238.09243746081856,235.28070824628702,235.42576805477378,15009634
5297,2016-12-20,236.0729217529297,236.76468935246336,235.0129483021659,235.35883955006472,11688169
5298,2016-12-21,237.26675415039062,238.1705252686162,235.91669101947306,236.5638293341386,20367894
5299,2016-12-22,235.0575714111328,237.13288905216135,234.52200604881136,236.0952302316471,28892834
5300,2016-12-23,235.9390411376953,238.53876698429212,234.75632243723206,234.75632243723206,10265033
5301,2016-12-26,233.740966796875,237.8804448065453,233.11614301916816,235.28071908636525,15321770
5302,2016-12-27,237.59034729003906,238.1259126388022,233.64054353274648,233.83023254760337,17442849
5303,2016-12-28,234.2430419921875,238.67262439051316,233.66284746554192,238.3044185749691,9637310
5304,2016-12-29,237.75772094726562,238.50528995753538,234.19843741282637,234.31002532666378,8772325
5305,2016-12-30,241.54014587402344,242.12035534678046,237.23330830836346,237.61267145708499,15711974
5306,2017-01-02,242.14266967773438,243.23611502023482,239.29746840991618,241.89719414780325,7097888
5307,2017-01-03,243.10220336914062,244.79817272306738,241.25004669592283,243.2026339754029,6434204
5308,2017-01-04,238.13706970214844,243.90555822075262,237.5010886441765,243.88324361858741,10392483
5309,2017-01-05,240.4243927001953,240.98227268931885,238.49413479010934,238.99622826994695,8734164
5310,2017-01-06,239.87765502929688,242.1203470438257,239.46481999010393,239.71029551189292,7845839
5311,2017-01-09,240.49131774902344,242.34348929787313,238.99620962427522,240.33511553520918,5228980
5312,2017-01-10,243.20262145996094,244.21795070507653,241.00455877288982,241.00455877288982,11349916
5313,2017-01-11,242.35464477539062,244.50806343467985,241.89718054211352,244.35186122204084,11475958
5314,2017-01-12,241.74098205566406,243.31420619599515,240.95994118790432,242.56663723145974,4371992
5315,2017-01-13,243.32537841796875,244.9097599565301,242.01992942338086,242.01992942338086,7234429
5316,2017-01-16,240.16775512695312,244.1175439354039,239.65450438720978,243.22494496352283,12013154
5317,2017-01-17,232.35743713378906,238.32675741231014,231.743770642985,237.65730441291151,39234251
5318,2017-01-18,230.41598510742188,233.86369528409213,229.5680004650092,232.6586621244116,15867619
5319,2017-01-19,230.67262268066406,233.26119096770225,230.07009864025434,230.99618440637957,15284274
5320,2017-01-20,228.9097137451172,231.50943938062346,228.48572140739807,230.72841340799405,8784907
5321,2017-01-23,226.7005157470703,230.07011016117804,226.00874816118878,228.0171220064243,13708502
5322,2017-01-24,229.24444580078125,229.5791648307744,226.94596731351314,226.94596731351314,9419288
5323,2017-01-25,227.01292419433594,230.44946225227076,226.75629137713725,230.29326003952724,23856654
5324,2017-01-27,228.75350952148438,229.60149418947765,227.39227411155053,227.6712215326383,21861796
5325,2017-01-30,233.14962768554688,233.51783354995848,228.6865876894052,228.7200595956004,15678126
5326,2017-01-31,233.23887634277344,235.1579918027219,232.14543099362064,233.6070821917784,15125194
5327,2017-02-01,234.2318878173828,234.51083523197505,231.00733852791694,233.43970456906416,11312284
5328,2017-02-02,232.85951232910156,234.48852294098532,231.6879659480485,234.31000612749543,9099129
5329,2017-02-03,230.66148376464844,234.410441435244,229.86928554602196,233.41741178464892,13219481
5330,2017-02-06,232.44668579101562,233.1719252685682,230.30442436584633,231.40902698218278,9991907
5331,2017-02-07,230.04779052734375,232.60288698379225,229.22213534217317,232.5247858753821,9905562
5332,2017-02-08,228.76467895507812,231.68798134785783,228.0617540589769,230.04779842984865,16230826
5333,2017-02-09,230.46063232421875,230.7395797586959,229.1328836497955,229.40065888648036,9861688
5334,2017-02-10,229.88043212890625,231.08545045705822,228.8539306208469,230.96272014324452,12518554
5335,2017-02-13,229.81349182128906,230.73957763215,228.0617508086621,230.51641670737226,8565757
5336,2017-02-14,234.26536560058594,234.95714805593514,229.82464062719777,230.962715123078,18244623
5337,2017-02-15,234.60009765625,235.98364765965118,233.25001955562172,234.95714618209033,15236663
5338,2017-02-16,238.2151641845703,238.65031381095304,234.87904187607398,234.87904187607398,19655195
5339,2017-02-17,240.00039672851562,240.60292081228206,236.19565257851332,237.9920377355952,14847356
5340,2017-02-20,239.9780731201172,240.7479567003383,237.99202880510097,238.8957851043099,11650581
5341,2017-02-21,242.83444213867188,243.44810863141055,239.45367543333603,239.9334543050257,14186476
5342,2017-02-22,269.45648193359375,270.3825527314452,243.6823740762642,243.90553497290898,127323130
5343,2017-02-23,263.9335021972656,272.69223752943736,263.17477586651256,270.8177512028846,62249698
5344,2017-02-27,276.4635009765625,280.4579041378463,265.62944881431724,265.66290582126953,83422197
5345,2017-02-28,276.2738342285156,278.4942118020723,274.14271507072715,274.92375600122796,36111716
5346,2017-03-01,275.48162841796875,277.69083361305877,274.4774415299709,276.7312759293041,24385665
5347,2017-03-02,275.98370361328125,279.98927870309075,273.81912776556123,276.24030662444926,18063590
5348,2017-03-03,280.84844970703125,287.37566506962946,277.0548776255223,277.0548776255223,84305639
5349,2017-03-06,291.29193115234375,292.7758967555694,282.34353812507925,283.18035052948403,66724743
5350,2017-03-07,291.20269775390625,296.12320159061375,289.2389531811446,294.30451682798014,42071555
5351,2017-03-08,288.1343994140625,291.81639857724,286.99632477871455,291.81639857724,43336972
5352,2017-03-09,287.1413269042969,289.65179417724124,285.96979537194073,287.866596177335,31094457
5353,2017-03-10,286.0032653808594,289.20551527225973,281.43979487692627,287.9223808760861,24785585
5354,2017-03-14,287.7549743652344,294.3379902428165,286.8065889214428,294.28218884375826,27765035
5355,2017-03-15,291.20269775390625,293.735479577324,287.9558486622306,288.10087867983236,24107889
5356,2017-03-16,289.57366943359375,292.4188553668397,288.66988346007594,292.32959696834746,15924023
5357,2017-03-17,290.25433349609375,294.54999899473296,289.6629816000533,291.8833293634775,22727289
5358,2017-03-20,285.8135986328125,291.4928289603061,285.2668759625585,291.43702755649235,12869337
5359,2017-03-21,282.02001953125,286.50537426753385,281.0158325224147,286.12602598581844,22596181
5360,2017-03-22,281.1050720214844,282.4886072189144,278.17062720557385,279.38678798195343,20291685
5361,2017-03-23,284.1399230957031,285.0883085511408,280.7256997050973,281.8749165730662,11807911
5362,2017-03-24,287.1413269042969,288.31288822917986,283.05763545980915,284.3184551950611,16282523
5363,2017-03-27,279.18597412109375,285.35615597460543,278.3156747449088,283.6490142330344,32452615
5364,2017-03-28,277.9920959472656,282.0646151128291,277.17756828013194,280.72570919151764,21707345
5365,2017-03-29,280.4244689941406,281.17202312049744,275.22501732667536,279.31985141312157,18924345
5366,2017-03-30,283.548583984375,284.46351247503634,279.6099523880736,280.0562444359443,27862325
5367,2017-03-31,294.7619934082031,298.4997936958156,282.51091881394694,282.51091881394694,45390562
5368,2017-04-03,306.7564697265625,308.06191884184534,298.36593968787224,299.47055735292633,44886623
5369,2017-04-05,315.7606506347656,316.43011856148064,307.9726451260337,311.34223977902286,40323877
5370,2017-04-06,321.00469970703125,323.32547792633835,312.90429054170875,314.4217132874015,50620850
5371,2017-04-07,313.8861083984375,320.000487690742,312.9823521819018,317.1664738421196,31875272
5372,2017-04-10,308.2515869140625,317.9698502199166,307.347800760725,314.64488483696965,30768410
5373,2017-04-11,306.24322509765625,312.51380784294213,305.7411315900838,309.70207824203067,32249647
5374,2017-04-12,302.1483459472656,309.38965833522263,301.51236484174467,308.5751306065046,27448279
5375,2017-04-13,304.5583801269531,306.47746564493434,300.66434810603045,302.1483137918279,12713918
5376,2017-04-17,310.59466552734375,311.42033563192103,304.60303075532426,304.60303075532426,11837502
5377,2017-04-18,305.763427734375,314.64487830729644,305.0493306266552,312.4022159567304,16016414
5378,2017-04-19,305.4509582519531,308.5193201667727,302.94049115529157,305.4955874540038,11572557
5379,2017-04-20,305.6183776855469,309.4677512034176,304.4021870616864,307.72718227446256,8393496
5380,2017-04-21,312.9712219238281,317.099542346746,307.6267110376439,308.06186066055477,30230907
5381,2017-04-24,316.2961730957031,320.22366193484976,312.45794265812583,314.4328294816334,25512511
5382,2017-04-25,319.73272705078125,327.5319037249726,318.23761895660544,325.8024774186038,36764315
5383,2017-04-26,316.0841979980469,321.35059312814536,312.99355108370503,320.22369081045406,16763153
5384,2017-04-27,314.5332946777344,317.80248826865034,312.9042988773835,316.2069494763062,12571594
5385,2017-04-28,311.34222412109375,316.9433385247376,310.40498098784,314.58910318245586,11848658
5386,2017-05-02,305.84149169921875,312.8596276721654,304.89310621896556,312.8596276721654,18591411
5387,2017-05-03,305.7410888671875,308.11763865074914,304.60301438139015,307.2585115840754,9500038
5388,2017-05-04,303.0298156738281,307.86106144125876,302.1595163369992,306.8345598785298,14365934
5389,2017-05-05,296.40216064453125,305.12743855367825,295.6769211504849,303.8443041918871,15598448
5390,2017-05-08,294.8735656738281,298.9126279888431,294.19295538574335,296.7926811177882,16066733
5391,2017-05-09,296.87078857421875,297.60717045235714,294.61692435748836,295.45376663507176,21106150
5392,2017-05-10,303.2864074707031,304.2905943924851,296.9377390946261,297.86381001009136,22906024
5393,2017-05-11,303.3868408203125,305.6629899189043,301.62392759242016,304.4021701564383,13783848
5394,2017-05-12,301.35614013671875,304.3798432119503,299.92797580536876,303.49840153000684,7523427
5395,2017-05-15,299.9391174316406,302.68390286889667,297.57371002280115,302.68390286889667,6738085
5396,2017-05-16,302.6615905761719,307.25851781625937,299.2473372570021,300.37426936100564,12655992
5397,2017-05-17,301.9474792480469,304.8149799870838,300.753603393592,301.92516464681944,9844573
5398,2017-05-18,296.2013244628906,301.2557160296017,295.47608498048567,299.0799975823868,9790379
5399,2017-05-19,294.3045349121094,298.06464987641937,292.32964781319345,297.4621555818053,12813204
5400,2017-05-22,295.4872131347656,297.59601746485225,293.490011605076,296.0116211680248,8801430
5401,2017-05-23,291.33660888671875,296.7592363979858,290.544425550778,295.83313564590907,9223001
5402,2017-05-24,289.5848388671875,293.15529431023555,289.0046592228338,291.77172941941785,14326531
5403,2017-05-25,290.6448669433594,292.86521480598185,289.3059310725746,290.0981442304233,25922008
5404,2017-05-26,298.42169189453125,300.0060584220815,290.0981070449707,290.97954871635284,21430443
5405,2017-05-29,302.79547119140625,304.70341433116323,298.042312052681,298.3547462699267,24022633
5406,2017-05-30,303.3421936035156,304.5360694858748,300.9209848324367,302.5723249469129,9658309
5407,2017-05-31,299.1803894042969,305.2613120951846,298.0869441147655,305.0493084801144,16423338
5408,2017-06-01,296.40216064453125,299.0242009793716,295.23062909031097,297.3952051672093,9534069
5409,2017-06-02,295.6211242675781,298.7341157087436,293.89169781916524,297.9084455922676,11495005
5410,2017-06-05,296.64764404296875,299.24736997430864,293.63511282055214,295.9558912966126,10835031
5411,2017-06-06,292.9544372558594,297.67410964994,292.5527744194583,297.67410964994,9591064
5412,2017-06-07,298.8010559082031,299.4705237931399,292.1064962289454,292.59741749671224,11199223
5413,2017-06-08,297.1720275878906,300.09532994233126,296.35752968662433,299.02419921171827,7903123
5414,2017-06-09,298.06463623046875,301.91400943256417,297.01582012125886,300.1622684488884,13836547
5415,2017-06-12,294.43841552734375,296.7369090111732,293.8916928582348,296.022811923501,8432435
5416,2017-06-13,293.3003234863281,296.12319507536733,292.55276943505504,294.69503077774755,6025338
5417,2017-06-14,302.92938232421875,303.48724741167933,293.6462391361226,293.6462391361226,52939271
5418,2017-06-15,308.8317565917969,311.297594741994,303.2864138033367,303.48724523338103,28290813
5419,2017-06-16,309.9140625,311.4761145411125,305.56256584487426,309.9810063106536,32710880
5420,2017-06-19,314.47747802734375,315.9391291317403,310.2264421172698,310.2264421172698,15236956
5421,2017-06-20,315.16925048828125,317.34499857274403,314.0758052439166,314.4216964565773,10142474
5422,2017-06-21,317.32269287109375,318.661598764646,313.3617170058581,314.1539300544206,19992472
5423,2017-06-22,319.69927978515625,322.5444660465942,318.5946622876135,318.9851827223248,22118609
5424,2017-06-23,320.4133605957031,321.78575337760583,319.2418290345882,320.4468473966769,31143289
5425,2017-06-27,320.70343017578125,322.0088790657909,317.9921315842385,319.55421329040917,32591540
5426,2017-06-28,312.07861328125,321.32826893841985,311.42031763369476,321.32826893841985,15567803
5427,2017-06-29,310.7843322753906,314.64487786280444,310.20415258261704,312.4133579209266,12898245
5428,2017-06-30,307.9503173828125,310.71738780444775,306.8456998197408,310.62812939036456,7814271
5429,2017-07-03,308.1846008300781,311.23064843516113,305.941938523783,309.78013964475525,9195278
5430,2017-07-04,317.3115539550781,318.46080075111934,309.95869827765597,310.1818443178983,18816782
5431,2017-07-05,321.9307861328125,323.001916786022,317.7689789306654,318.98516938835513,27209010
5432,2017-07-06,321.908447265625,323.57092962327954,320.89308829585286,323.28081003618877,13590313
5433,2017-07-07,332.753662109375,334.2264555695761,321.33943086337337,322.00886889413533,35845310
5434,2017-07-10,333.1330871582031,334.92948743636833,332.29627453049187,333.63518069333617,3504540
5435,2017-07-11,333.4678039550781,335.71046634834715,331.8276358704743,334.9517698115095,20995547
5436,2017-07-12,337.20562744140625,340.30744699033744,334.17075170912267,334.5947292145575,17104482
5437,2017-07-13,342.3603820800781,343.01267990088553,338.7728041243631,339.3576259667453,23010262
5438,2017-07-14,344.9807434082031,345.4868282157332,340.8870809663758,341.8880196007194,20530867
5439,2017-07-17,349.0294494628906,350.79511592380203,345.7117754558164,345.7117754558164,18749450
5440,2017-07-18,341.86553955078125,349.040665040632,339.8636922415327,347.91603543232355,19640167
5441,2017-07-19,344.80084228515625,345.9367329789137,340.2235865645759,340.2235865645759,11790198
5442,2017-07-20,343.889892578125,348.63582310816315,342.72024891061056,346.33031880589306,13626050
5443,2017-07-21,356.50823974609375,358.01523318278055,347.49994203930237,348.6358026072658,97142371
5444,2017-07-24,363.3122863769531,365.48280871144146,356.5082634103505,359.88215239550226,43429394
5445,2017-07-25,360.36572265625,365.49404680504136,359.342292010935,365.437801812269,20063064
5446,2017-07-26,364.99920654296875,366.6074290202508,360.1295551269762,360.8268369106096,21954323
5447,2017-07-27,358.7125244140625,366.96729559121684,357.26174590225526,366.18007588002655,18409364
5448,2017-07-28,358.6337890625,361.22045821342533,354.93375130027994,357.9140152939132,14331863
5449,2017-07-31,363.301025390625,364.110767155338,358.98244268463935,360.32076129127626,16567422
5450,2017-08-01,360.6918640136719,364.999185348355,357.9702430427578,364.999185348355,12311920
5451,2017-08-02,366.45001220703125,367.91202182940054,361.7040513813784,362.1314292917748,20786240
5452,2017-08-03,371.1509094238281,374.479844169787,363.7171112956541,365.92138644623105,19707381
5453,2017-08-04,364.8642578125,374.0524919051466,363.2785273132883,374.0524919051466,18579866
5454,2017-08-07,363.5596923828125,366.9897962791104,362.7049666467624,366.9897962791104,9537088
5455,2017-08-08,360.4557189941406,364.6168578179296,356.91312499273187,363.9308370165277,10961296
5456,2017-08-09,359.6121826171875,364.38063472998374,356.50822788248837,360.2194963874997,10436651
5457,2017-08-10,356.362060546875,361.3779251961973,354.92254294728593,358.3189240213774,10188164
5458,2017-08-11,347.7923583984375,355.38360105068546,344.8120642923076,348.84951207427525,16996281
5459,2017-08-14,353.82037353515625,356.3957818274254,351.11001328382014,351.11001328382014,13440617
5460,2017-08-16,352.25714111328125,354.4839083456484,348.68079432301295,353.58419865016805,13576650
5461,2017-08-17,352.4820861816406,359.353585312798,351.1437675387491,352.9094340535411,15828719
5462,2017-08-18,354.34893798828125,354.88877583501954,349.34433454922777,351.7847907970208,7935890
5463,2017-08-21,351.874755859375,356.31705945195927,350.9413231681933,354.70883696527045,7573558
5464,2017-08-22,350.8963317871094,355.36109724842197,349.99662208851925,353.5841998723338,9533641
5465,2017-08-23,355.84466552734375,356.8568351147345,349.3443001896084,351.97595312856805,8320052
5466,2017-08-24,352.6957092285156,358.3301181280208,351.8972285343951,357.63286640794615,12654347
5467,2017-08-28,352.35833740234375,355.82219417884954,351.15497081394756,355.16992642583494,12316426
5468,2017-08-29,344.6208801269531,352.5720242903593,344.1372872981884,351.3011817348872,15164812
5469,2017-08-30,351.8072814941406,352.86443516197204,346.66772611966576,348.08475166442287,10334911
5470,2017-08-31,358.64508056640625,359.3086093971009,354.03407169814227,354.25899163577367,25104625
5471,2017-09-01,362.1539001464844,363.6159096835157,359.6572289285094,359.8483958494465,15431918
5472,2017-09-04,362.8848876953125,368.01321187182845,358.9486690901517,363.36848052419816,21560532
5473,2017-09-05,367.2147521972656,367.72083704649725,364.61685197316746,366.62993035908926,25216776
5474,2017-09-06,370.0937805175781,371.69077202488717,365.0104701553385,365.8201818757477,48745984
5475,2017-09-07,368.02447509765625,374.5023793819651,366.62994148189216,370.22878053199304,16205339
5476,2017-09-08,367.4846496582031,370.3412227622752,365.3253583433007,368.87918320718035,13248413
5477,2017-09-11,367.93450927734375,371.960696224256,367.32722545390607,369.4640248913958,12690592
5478,2017-09-12,370.566162109375,371.1284619451464,367.52965290811835,370.1162922113942,6500191
5479,2017-09-13,381.9249267578125,386.82830115615985,369.7788906637913,370.678600377722,29377106
5480,2017-09-14,379.608154296875,387.5480675978058,378.77595060440063,384.9839204865943,11867640
5481,2017-09-15,378.68597412109375,383.65682428990414,375.51451327625676,378.7759420858244,28595395
5482,2017-09-18,380.3729248046875,382.8471340615131,379.2707871456144,382.3747721908461,5061995
5483,2017-09-19,377.2464294433594,381.8124538343344,376.5266857201404,381.7899618429838,7718697
5484,2017-09-20,381.0926818847656,392.4964518764396,380.1704802056673,385.118868473014,24942703
5485,2017-09-21,378.4835510253906,383.1395437757718,376.1893076547627,381.0252363511753,12950541
5486,2017-09-22,367.7095642089844,377.8312608680766,365.8201768287056,377.8312608680766,12294087
5487,2017-09-25,369.57647705078125,372.4555422410113,362.2213851389894,366.62993588159475,14229631
5488,2017-09-26,368.9241638183594,372.05064080086623,365.3703389869748,369.6439375931995,10564143
5489,2017-09-27,359.499755859375,371.4433642198981,357.8578103787947,371.3983802349332,18448855
5490,2017-09-28,353.78662109375,361.186696438457,350.97503209260475,359.7246869743035,29547622
5491,2017-09-29,351.2899475097656,356.91309544283007,350.48020579918335,356.17082970568293,16666208
5492,2017-10-03,359.1398620605469,361.61404114133506,353.2917641958612,357.6328686268364,18345748
5493,2017-10-04,368.3618469238281,371.105929884852,357.90277081406884,359.5222241956081,18907611
5494,2017-10-05,370.74609375,372.6804652213101,368.2719144426201,371.12845763388276,10631751
5495,2017-10-06,376.5491943359375,377.5838560131055,370.0487983431006,370.6786041580837,12997688
5496,2017-10-09,373.67010498046875,377.78625942970035,372.47799943425116,377.4263575461944,8850408
5497,2017-10-10,379.3157653808594,381.16016879195905,373.82756916112646,373.82756916112646,14732024
5498,2017-10-11,377.9437255859375,386.1535429761878,376.07683017407817,380.26046084192586,15420644
5499,2017-10-12,392.60888671875,394.430797968943,378.82090645592075,378.82090645592075,18642942
5500,2017-10-13,394.2733459472656,400.6837436352909,392.8788124591843,395.55544950835935,21509701
5501,2017-10-16,394.43084716796875,401.2685931625592,387.458119187073,395.42052488157566,32009221
5502,2017-10-17,393.3287048339844,397.6697795150253,390.1122297808167,394.9706503200419,13898844
5503,2017-10-18,411.3902587890625,412.919744213558,393.621075317042,394.700720919439,36671941
5504,2017-10-19,409.3209533691406,414.71918161614616,406.2169683734422,411.97506849379414,8014767
5505,2017-10-23,422.7490539550781,424.9758513698965,408.96107174219895,410.6705232840706,27455320
5506,2017-10-24,420.2748718261719,426.3253981323836,417.55328060858324,426.3253981323836,13857773
5507,2017-10-25,422.8165588378906,425.5156580733414,418.1380741180855,422.9065268104481,10011782
5508,2017-10-26,426.1904296875,430.8688841780504,418.8128460474583,422.8615247570142,16840049
5509,2017-10-27,418.29547119140625,430.37403050595435,416.4285759113363,427.360013674972,11498547
5510,2017-10-30,423.98614501953125,425.3581865414338,418.6329008526458,420.16238631631535,7823263
5511,2017-10-31,423.243896484375,425.44817181751694,419.35266164780114,425.08829993597953,9504986
5512,2017-11-01,428.50714111328125,430.86886021941046,425.448140259033,426.34784992550135,17571371
5513,2017-11-02,425.8305358886719,430.28410057157106,424.77338220680394,428.61963305996517,10277678
5514,2017-11-03,425.2457580566406,430.0366727567285,422.92902268330664,430.0366727567285,4798537
5515,2017-11-06,419.4875793457031,423.9861276443576,417.91310996319413,423.9861276443576,9757496
5516,2017-11-07,407.8813781738281,420.6122051829979,406.2394328336023,419.86996949452424,20447574
5517,2017-11-08,399.3791809082031,407.56650602257184,397.71474351323343,405.99203659331073,17752793
5518,2017-11-09,405.09234619140625,409.32096089845794,401.2910793418143,402.5056769660624,15007224
5519,2017-11-10,397.602294921875,405.29476641538093,395.5104796006323,405.29476641538093,13923102
5520,2017-11-13,393.7335510253906,401.2235945685226,392.9463012758607,398.11960958377443,9088619
5521,2017-11-14,398.8843688964844,402.6181296719244,392.721382886969,393.6210926000308,12481463
5522,2017-11-15,397.5347900390625,400.6387447777565,394.94812105100453,397.894661886016,15272059
5523,2017-11-16,406.5993347167969,407.5665204116715,398.34453333671166,398.34453333671166,15160866
5524,2017-11-17,410.22064208984375,416.06870987927186,408.6911266476669,413.39210289950296,12219276
5525,2017-11-20,414.246826171875,415.8213257008866,407.1166843945448,407.6564922129288,9231195
5526,2017-11-21,419.5101013183594,422.7040543225241,416.3386403065614,416.92346213745907,13082246
5527,2017-11-22,418.70037841796875,422.25420320514917,415.416427502624,421.7143653733933,11058315
5528,2017-11-23,426.0104675292969,427.31503302470924,416.8559570118959,418.81282026969456,16031638
5529,2017-11-24,427.8548889160156,431.63366391177186,426.1904513807333,427.36006506290465,13987125
5530,2017-11-27,427.96734619140625,430.7339514408563,424.6609331055933,426.1229727211363,10237135
5531,2017-11-28,424.3684997558594,427.9673084355437,422.00678062139906,427.29254869961835,10153618
5532,2017-11-29,425.5606384277344,427.36005792225353,423.31137907426694,423.69374295437296,8038351
5533,2017-11-30,414.5617370605469,423.5137901317396,413.639535357094,423.5137901317396,20637767
5534,2017-12-01,409.4109191894531,418.9253020553873,408.3312735457165,415.8663010599066,11114967
5535,2017-12-04,405.5871887207031,411.0753852899609,403.67530921153576,410.9404333287534,10103208
5536,2017-12-05,411.0303649902344,414.2018258865182,402.8205778698615,405.33974098190606,18306627
5537,2017-12-06,416.8559875488281,418.49793302643184,408.82610601225565,409.36594386021795,24078081
5538,2017-12-07,419.0602722167969,421.0621196474942,415.2140213060066,418.3854823991289,12095301
5539,2017-12-08,414.3143005371094,421.4894563007494,413.43711283564835,420.09492274598756,12224184
5540,2017-12-11,412.13250732421875,416.5635798566205,410.9628937209948,414.96658837973916,10792248
5541,2017-12-12,411.8851013183594,417.9131353846873,408.46622842690135,412.0425452632515,15782031
5542,2017-12-13,411.4577331542969,416.0912034212449,409.68080580523133,412.46990277942325,9147866
5543,2017-12-14,414.53924560546875,416.0687310962798,408.80360744886303,413.41461597210014,10983157
5544,2017-12-15,413.75201416015625,419.6900805082186,412.8298124147051,418.8128627489181,24408414
5545,2017-12-18,414.3143005371094,419.5550849003416,388.06542476562015,410.2431598345497,18581421
5546,2017-12-19,416.54107666015625,417.0134084753568,413.8644396192708,415.4839230443942,8891691
5547,2017-12-20,413.0321960449219,417.1933344349276,412.514880259684,416.51857471505207,10443493
5548,2017-12-21,410.6929931640625,415.64138154828055,409.36593560739556,413.16717234149064,9071450
5549,2017-12-22,414.04437255859375,414.94408222945776,409.05100040144674,411.4577335305502,10658428
5550,2017-12-26,418.2729797363281,422.3666421516082,413.0321957686669,416.0462126035083,11596338
5551,2017-12-27,415.5514221191406,421.7368701898104,413.4146227776286,419.7125608399128,9520350
5552,2017-12-28,415.75384521484375,420.3423317387967,413.4596019528673,416.22617705080745,15511891
5553,2017-12-29,414.3367919921875,419.3976404100962,413.18967035470985,416.788509242717,11089700
5554,2018-01-01,409.25347900390625,415.07905512344286,408.2413093267732,415.07905512344286,9453202
5555,2018-01-02,409.8832702636719,413.6620452088343,407.74647086784773,410.7155040348521,9499419
5556,2018-01-03,411.5252380371094,416.5635945256702,410.7379882668487,416.11372464436585,13507800
5557,2018-01-04,413.9993896484375,414.67417941067276,411.9300664089006,413.0322040019565,9008932
5558,2018-01-05,415.32647705078125,416.96845257769934,413.97692745852055,414.67420926204727,7441284
5559,2018-01-08,417.7107238769531,418.8128615638883,415.43897252404787,416.608586190018,8827020
5560,2018-01-09,423.28887939453125,424.6159369836928,415.66388371828424,417.5307491283809,14294571
5561,2018-01-10,423.9186706542969,426.1904218814277,420.8371776942136,424.21106654726026,11727682
5562,2018-01-11,421.849365234375,424.05364057964124,420.6122455760603,423.6712466740418,7849171
5563,2018-01-12,426.91015625,428.6196076454589,422.074258008892,424.21105723853526,15071161
5564,2018-01-15,426.9776611328125,431.1837839030606,425.200763672589,427.36005503970233,11120925
5565,2018-01-16,415.1914978027344,426.3253637877714,413.86444029041996,426.3253637877714,10825151
5566,2018-01-17,415.8887939453125,417.91313328533766,408.0163565053564,416.5635837351082,13204016
5567,2018-01-18,413.7294921875,418.18302661115405,411.6601689157915,417.91312271380804,9381821
5568,2018-01-19,418.94781494140625,420.342348542218,414.80916809578355,415.21402397136535,9973533
5569,2018-01-22,437.0318603515625,438.29144191449717,422.86151521716505,426.46032397260143,45700733
5570,2018-01-23,442.317626953125,445.78148374610043,438.6063582526573,438.6063582526573,22526810
5571,2018-01-24,434.7151184082031,441.6428319115741,433.0506509916462,441.6428319115741,14289485
5572,2018-01-25,434.5126953125,437.2567783429965,430.12660680916986,435.41237497537674,13669901
5573,2018-01-29,433.8829040527344,439.64100423482836,431.5436767921762,434.6476618211576,9897064
5574,2018-01-30,427.53997802734375,434.46772180404577,426.9101722187847,434.46772180404577,9182956
5575,2018-01-31,432.4433898925781,433.8829074420059,423.55878259041316,427.36004944053536,12551686
5576,2018-02-01,424.59344482421875,437.52670088138944,421.33201581926346,433.320608190169,16524809
5577,2018-02-02,406.8242492675781,424.63841737073534,405.3172557792915,420.61223069884727,28965593
5578,2018-02-05,405.8345947265625,410.490587467088,396.6801132566826,402.16830974584195,19191099
5579,2018-02-06,401.3135681152344,403.96771329678205,391.82167709300376,394.5208062591863,24062503
5580,2018-02-07,402.3482360839844,407.29662461803156,400.3688806703655,406.0145510065219,15532284
5581,2018-02-08,406.9142150878906,409.65832817625324,401.426018940527,403.92272011902844,13825894
5582,2018-02-09,403.9002380371094,405.7671034321366,398.56945567222976,399.91903527239884,11580639
5583,2018-02-12,411.8401184082031,413.05471601561504,405.78959233396773,406.21697021486585,11877059
5584,2018-02-14,420.00494384765625,423.98614650660267,414.31428975623515,415.2139994559923,22247829
5585,2018-02-15,420.9046630859375,425.4481656418459,417.53074412804847,421.8043728060838,13363743
5586,2018-02-16,414.4492492675781,424.03110750208236,413.00970181426453,422.6815280109309,9628162
5587,2018-02-19,417.013427734375,419.26268701697717,410.96290164597053,414.31429857763504,8941900
5588,2018-02-20,414.3592834472656,418.1605502611881,413.3246518020716,417.91313834603307,8458450
5589,2018-02-21,418.070556640625,419.4875820971133,414.83161986196575,418.3629525224133,11917390
5590,2018-02-22,415.82135009765625,418.81287535480493,413.86448658247764,414.76419636193384,11196908
5591,2018-02-23,420.2748718261719,421.96183136353187,415.1015632782128,416.29366893914374,10610664
5592,2018-02-26,422.2767028808594,425.06579999873287,421.3320091801177,422.4116548339136,8435611
5593,2018-02-27,427.5849609375,429.96917215433825,422.1192567206733,422.4116526174232,14021366
5594,2018-02-28,429.4068603515625,430.5539819438058,424.3010281503598,425.53811770831936,56650480
5595,2018-03-01,426.6402587890625,431.813567006645,425.53812117070976,427.2475725919497,8956590
5596,2018-03-05,415.7088623046875,427.42752058829007,414.5842326629819,424.2110756089013,12325694
5597,2018-03-06,409.748291015625,421.15206104130544,407.1616519316337,417.9131241737547,16019726
5598,2018-03-07,400.25640869140625,409.0285258039758,399.4916509342471,409.0285258039758,15853546
5599,2018-03-08,410.0182189941406,411.39029061641304,401.85341538585607,403.81024879273616,13283967
5600,2018-03-09,410.7604675292969,413.57205660488495,409.8382658320342,411.57020926705945,10638527
5601,2018-03-12,418.4979248046875,419.7575364153992,412.7623166979326,413.864454335284,8315150
5602,2018-03-13,419.1951904296875,421.0620857524408,414.4717521743326,419.21768242082044,11148731
5603,2018-03-14,417.9356384277344,419.2851880204276,413.50459574401503,417.8231784641235,14724464
5604,2018-03-15,410.1756591796875,418.11557281601654,409.36594744469767,416.1137254124553,12711836
5605,2018-03-16,404.8899230957031,409.2309978171023,398.59198494488675,408.9160798890075,30814962
5606,2018-03-19,402.8430480957031,407.97134200889934,401.26854871372495,405.31722709097215,12630833
5607,2018-03-20,400.2789001464844,406.6668060403938,399.0418105591098,401.85339964267877,15192983
5608,2018-03-21,403.47283935546875,405.9245264547758,401.8533859598497,402.5506376869887,14715126
5609,2018-03-22,408.53369140625,410.2431428122757,402.9555273892959,403.0679873463554,22129723
5610,2018-03-23,402.1233215332031,404.8674047342614,399.96403014936317,400.63878993846123,23469999
5611,2018-03-26,405.36224365234375,406.8017611786689,401.4935008868072,402.1457986882307,13227705
5612,2018-03-27,404.7774353027344,409.70333189220264,403.51785367159704,408.1063703677329,15179544
5613,2018-03-28,397.0849609375,403.0005352048296,395.8703633000678,402.9780432120876,19160609
5614,2018-04-02,401.6959228515625,405.2947616579818,398.7943958498549,401.7184148433686,12494499
5615,2018-04-03,404.6649475097656,405.63213316683556,398.23205780976826,400.818726902189,13922126
5616,2018-04-04,402.5731201171875,410.1756231670903,401.2910466199878,406.981670404743,14214534
5617,2018-04-05,408.55621337890625,409.36595515851695,406.4419059723114,407.1616797796724,8527915
5618,2018-04-06,409.8157653808594,413.18965418430537,407.116666349847,408.46621586535315,9664888
5619,2018-04-09,412.06500244140625,413.41458191375574,410.51302508637167,410.51302508637167,7813897
5620,2018-04-10,412.53741455078125,415.6189076755938,411.23284892922874,413.1446983609384,8455132
5621,2018-04-11,418.745361328125,419.6000570130585,412.0875215767974,414.6741907113909,13140816
5622,2018-04-12,417.7781982421875,421.3545152053183,415.7538588202303,418.2955140794577,10822592
5623,2018-04-13,422.34417724609375,423.6262508245797,417.7781827343973,419.57757213095084,12616816
5624,2018-04-16,421.534423828125,422.8615113834022,417.6882031991789,420.3648102424781,8934275
5625,2018-04-17,424.77337646484375,426.100464069413,421.0621076468519,422.86152708977284,9599816
5626,2018-04-18,421.9618225097656,426.55030911282444,420.6347348890262,425.22325152144765,7360987
5627,2018-04-19,423.89617919921875,425.1107767855044,420.6122282797185,422.45663166562264,9802587
5628,2018-04-20,417.41827392578125,423.69371979121183,414.4042869768752,421.96180639958095,7326696
5629,2018-04-23,421.0621337890625,424.81838682487125,417.6882446461351,418.36300445710214,7674482
5630,2018-04-24,436.37957763671875,438.9212628714127,420.6122404903418,420.9721423988698,19921115
5631,2018-04-25,436.58203125,441.6653416100362,433.4555542428,437.999056789464,14079382
5632,2018-04-26,438.7637939453125,444.4544178574608,432.8707120832971,437.70664033108534,34096999
5633,2018-04-27,448.1882019042969,454.8010273862231,443.3297817369338,445.2641530075447,25518647
5634,2018-04-30,433.34307861328125,446.52374593222265,431.8585471214599,441.7553236357323,19406069
5635,2018-05-02,437.57171630859375,440.4957354056755,434.13032132292375,435.00753906379333,13381914
5636,2018-05-03,432.5783386230469,439.91093832925765,431.52118495401675,439.91093832925765,8634812
5637,2018-05-04,429.1369934082031,433.97289209932427,427.3600658735704,433.1406583154227,8302649
5638,2018-05-07,436.80694580078125,437.8191154677694,430.2166119840656,431.34124161079,7683268
5639,2018-05-08,435.0525207519531,441.7553447177182,434.1977950081992,439.73100533543453,10792648
5640,2018-05-09,439.37109375,442.789966620359,432.8707278891117,434.5127033630062,9831044
5641,2018-05-10,441.3729248046875,442.92493225334294,438.26893993673724,440.8556090080428,8781584
5642,2018-05-11,445.01678466796875,445.93895638250706,439.8434761225231,441.41794566451273,8774740
5643,2018-05-14,443.82464599609375,446.2313793230266,439.37111128713633,446.2313793230266,5642499
5644,2018-05-15,440.38323974609375,449.85263812854157,439.3485781408726,442.2276430487403,10501479
5645,2018-05-16,430.1266174316406,438.1564988560123,428.4621799848523,438.1564988560123,18840763
5646,2018-05-17,425.2682189941406,431.8585527393425,423.5362755742725,431.56615684720106,10353948
5647,2018-05-18,420.09490966796875,428.93450261932617,419.2626759477441,425.3806778513395,11440117
5648,2018-05-21,418.97027587890625,420.92713919122843,414.80913734863424,418.700371981858,14491208
5649,2018-05-22,416.9009704589844,420.1623994427049,416.11372069619324,419.7800355721823,11310073
5650,2018-05-23,410.3780822753906,416.56355990163956,408.98351879155956,416.56355990163956,9991028
5651,2018-05-24,411.99755859375,414.31429382650145,409.43341144920913,411.1653248610966,11632489
5652,2018-05-25,414.2243347167969,415.39394835417534,411.36779161541756,412.06504338173477,17782410
5653,2018-05-28,414.04437255859375,417.01340546363684,413.00971094150424,416.06871181069766,11369679
5654,2018-05-29,412.71734619140625,417.4632767757892,411.34530460525275,414.539257661608,17878384
5655,2018-05-30,412.1100158691406,415.3039687977015,407.83641730316987,411.5477160732821,13105124
5656,2018-05-31,414.4717712402344,414.89911909141796,411.41277021736033,414.3142972656994,37080158
5657,2018-06-01,418.61041259765625,420.9496398120842,413.1671703860967,413.8644521637934,19174278
5658,2018-06-04,423.243896484375,424.6609220472912,418.61042589213025,419.8924994994699,12250151
5659,2018-06-05,426.3028869628906,429.6092998803693,423.31136193392564,424.12110367660824,17436812
5660,2018-06-06,429.3393859863281,430.0591297147556,424.05361783388327,426.0104811542677,9164022
5661,2018-06-07,436.9643859863281,439.05620127815564,429.36188256800915,429.56431049379347,14999572
5662,2018-06-08,442.8125,443.80214767288504,432.1284732083664,434.7151424414946,14289325
5663,2018-06-11,442.0477294921875,449.8301689012738,440.4282460153834,444.049576831594,15018718
5664,2018-06-12,448.5705871582031,449.85266072640337,440.9905756791873,442.38510920693477,16285583
5665,2018-06-13,450.9773254394531,452.50684106702266,445.12925694118013,449.8526957271174,12962502
5666,2018-06-14,453.42901611328125,455.1609295523502,444.1845369998072,448.70554757636074,11997529
5667,2018-06-15,456.2406005859375,460.42423151014106,449.51531432793894,452.5518235499606,24705890
5668,2018-06-18,456.8478698730469,459.0521450880279,453.00161922784486,453.81136094726014,12363932
5669,2018-06-19,448.07574462890625,456.5104814776901,446.9960690036061,456.1055956108625,13881382
5670,2018-06-20,458.5123291015625,460.1543046099813,447.5359364866968,448.0532523133127,15735681
5671,2018-06-21,464.2254638671875,466.0473752701821,459.43451944470297,460.4017051259617,22988909
5672,2018-06-22,455.4758605957031,462.9883964571665,453.653949105451,462.6284945400946,35370008
5673,2018-06-25,451.8545227050781,457.27524307769403,450.8873369922735,454.98099976987385,11369371
5674,2018-06-26,440.38323974609375,452.5517671101726,438.71880239904414,452.5517671101726,17649122
5675,2018-06-27,437.3946533203125,446.24805185216223,435.96812515797444,443.12331762384474,19595831
5676,2018-06-28,427.92987060546875,438.59471689032125,425.82407216119594,435.65112149110263,18770484
5677,2018-06-29,440.38348388671875,441.7647272993627,429.76392249232794,429.8092071792934,17425606
5678,2018-07-02,435.0171203613281,440.3382225119727,433.3868413141624,440.3382225119727,14570004
5679,2018-07-03,439.86273193359375,443.10067790347887,434.90390731296014,437.009705822121,11084063
5680,2018-07-04,448.37646484375,449.236904110585,439.7268479494513,440.0891254386039,10938521
5681,2018-07-05,436.7832946777344,456.6638481793181,434.11143747801,451.5012423117704,40946479
5682,2018-07-06,442.693115234375,445.16119125473733,436.7832819161392,436.8964936390824,20039239
5683,2018-07-09,451.5465087890625,452.8597949907029,445.3876097488258,447.0179190012823,11309207
5684,2018-07-10,464.498291015625,465.76629252450954,452.8597935328258,454.1051526974463,22846197
5685,2018-07-11,470.4307556152344,471.3817642822294,460.9433415191179,464.1812873636088,18953870
5686,2018-07-12,490.15277099609375,497.692882914538,472.1515941875275,472.9441064319544,52736376
5687,2018-07-13,498.0552062988281,502.22151851127825,489.0885660124294,489.3150196823138,39301408
5688,2018-07-16,487.36773681640625,502.1762535824376,485.94120862942987,498.05522589579465,14427529
5689,2018-07-17,494.6814270019531,496.3117060665502,484.37885776072835,488.3187466978297,14150770
5690,2018-07-18,494.7720031738281,500.22895952582127,487.86587626663237,497.4212180264541,10241565
5691,2018-07-19,500.3421325683594,504.93864921596804,491.96422363855976,495.1116000731056,11885426
5692,2018-07-20,511.1202087402344,515.5808409933595,503.53478200834326,504.214082527197,17538801
5693,2018-07-23,507.33880615234375,511.64097240306893,504.07824817863275,511.64097240306893,12779803
5694,2018-07-24,503.1046142578125,510.25977653617866,501.4969473300767,508.10872356782585,9775749
5695,2018-07-25,505.006591796875,508.56156075369444,500.0477975008311,502.6743698860298,13014255
5696,2018-07-26,502.9687194824219,507.88228954172484,501.6780756362565,502.71965369686524,14053674
5697,2018-07-27,511.66363525390625,515.0827197996501,503.6480038447164,506.97651901680604,14610585
5698,2018-07-30,521.4227294921875,524.0945863325089,510.82581103952697,511.7315047277062,30344461
5699,2018-07-31,537.0916748046875,539.0842614578434,519.498120763105,521.2416114120432,30350826
5700,2018-08-01,539.9674072265625,544.745093339209,536.8200304711521,539.084325510568,21227054
5701,2018-08-02,529.0986938476562,539.5824307943747,528.0118614244346,539.5824307943747,13668930
5702,2018-08-03,532.9933471679688,535.959584955725,529.6421592977715,532.1102655119087,14536058
5703,2018-08-06,540.08056640625,541.620245684125,532.2687466945903,532.8800597071794,8785462
5704,2018-08-07,536.276611328125,544.065820080121,533.0159926309447,541.1221942223493,8879612
5705,2018-08-08,551.4473876953125,553.6211132672871,536.6388708999482,536.6388708999482,17307566
5706,2018-08-09,551.5606079101562,557.787403666664,548.8660782812576,553.1682445658076,14976885
5707,2018-08-10,545.333740234375,550.2246678209184,544.4733311796238,548.4132198770353,7833494
5708,2018-08-13,537.8616333007812,543.4091591132515,535.5973382846751,542.3222660662155,10211072
5709,2018-08-14,548.2321166992188,551.2209667014217,536.3218804600365,538.9031682519665,11592139
5710,2018-08-16,543.7940063476562,550.6775207015737,541.3938574453812,544.903571883818,13086024
5711,2018-08-17,545.1300048828125,550.4058222296509,543.4544109525312,547.5074812528945,8379864
5712,2018-08-20,559.2366333007812,560.0970424646271,546.8961615121933,547.0094034743803,16639535
5713,2018-08-21,564.8067626953125,566.7540649172295,555.6590130436582,560.3008451377862,15923396
5714,2018-08-23,574.8829345703125,576.9434182757733,560.8216447856081,564.399195895336,17429373
5715,2018-08-24,578.5283813476562,579.637886407891,570.6259918651801,572.9808560464826,14550512
5716,2018-08-27,584.8684692382812,586.8383835200032,579.0945200054399,579.3888402658114,12188510
5717,2018-08-28,597.3220825195312,599.1335304937357,586.4534551345012,586.906302013003,19018790
5718,2018-08-29,586.0911254882812,601.8506807653548,584.27973794857,596.099343946177,24230135
5719,2018-08-30,577.1471557617188,587.4270817781317,575.3357078626801,585.8193847358655,21545859
5720,2018-08-31,562.2933959960938,575.1319379236412,560.0064284997251,575.1319379236412,33479841
5721,2018-09-03,556.6326293945312,569.6523705610097,555.2287435658774,563.8104642600688,26686176
5722,2018-09-04,562.4292602539062,568.2484940757777,556.5647417419852,559.3497804101344,19333815
5723,2018-09-05,555.658935546875,567.2747899900329,547.281026829932,562.6782432291102,22584608
5724,2018-09-06,571.2373046875,573.1846066855488,554.9117215989152,557.085447031598,24487897
5725,2018-09-07,579.0264892578125,580.2718483280224,568.112577848944,572.8223060192136,23389269
5726,2018-09-10,568.7239990234375,578.3019827951564,566.1200387218041,577.396228557102,15440786
5727,2018-09-11,560.5045776367188,574.4074008868971,558.9422255792808,570.1505190456335,23787332
5728,2018-09-12,567.2069702148438,570.0146815769699,556.4968080336495,566.8899169108753,17642490
5729,2018-09-14,567.5012817382812,577.667966999023,565.0105632582984,570.3316656328807,17233514
5730,2018-09-17,555.1608276367188,566.4144050724176,553.2135256034898,566.4144050724176,14773803
5731,2018-09-18,551.1982421875,561.2744173008862,549.9302709861299,555.2060880280312,16660044
5732,2018-09-19,548.2999877929688,554.3003600911172,543.8846400317568,554.3003600911172,24642640
5733,2018-09-21,551.3567504882812,560.3686444963455,535.9595346192953,552.0360207521477,41713856
5734,2018-09-24,557.9459228515625,561.5008615058033,545.4695984708945,549.9755760215469,22098277
5735,2018-09-25,557.2892456054688,563.8104217543523,541.1674137467262,559.5082556743209,21250513
5736,2018-09-26,566.708740234375,567.8635300323754,555.7269310961867,561.093317885753,13992341
5737,2018-09-27,567.77294921875,571.9619340115746,560.4139758039641,568.3390380491638,23642923
5738,2018-09-28,569.6749877929688,575.9018442390377,564.8520171881647,570.5580694724483,24220992
5739,2018-10-01,557.7874145507812,569.5617964330919,545.2431929567051,569.5617964330919,16039441
5740,2018-10-03,545.7413330078125,561.3650346119136,543.4544259513752,556.7911600388393,16135428
5741,2018-10-04,508.2218933105469,539.0842849776674,500.86291987070416,538.6767227840529,50774608
5742,2018-10-05,474.98199462890625,505.07451633995845,470.13638184755206,497.91935423342267,47998260
5743,2018-10-08,502.4026794433594,505.8444065703434,464.4303786313438,475.5028178567761,53983473
5744,2018-10-09,493.63983154296875,508.69741360893505,489.6320157120604,507.95018602263883,24042005
5745,2018-10-10,499.0968017578125,505.32362794966804,491.03588517953256,495.3833362954274,20784941
5746,2018-10-11,492.62091064453125,504.8254670272717,472.33279532444976,481.8428522148098,28926389
5747,2018-10-12,510.169189453125,511.2786945307674,499.0062116452188,500.38742484879026,19814528
5748,2018-10-15,516.14697265625,519.3849186584803,506.36520761504323,511.6862795725315,19406012
5749,2018-10-16,527.0382690429688,528.6685178589439,516.2601502206029,518.9773525009604,16358598
5750,2018-10-17,521.3775024414062,534.0801903533485,516.2601511569379,533.9217241704965,27967162
5751,2018-10-19,498.7344665527344,503.12723234641413,484.6731782345493,498.145765621173,55606079
5752,2018-10-22,481.2314758300781,504.84810638766044,478.83132683439334,502.67438083871957,28798142
5753,2018-10-23,477.6312255859375,482.15981518758235,472.6271165426631,476.7481439629952,23128845
5754,2018-10-24,473.578125,487.25449340300247,467.0795910645013,486.77897396156953,29869514
5755,2018-10-25,466.807861328125,471.2685542101223,460.2866849288874,469.16275577515404,30833933
5756,2018-10-26,473.19317626953125,478.6728047676564,462.82271089355856,467.758862688426,20085933
5757,2018-10-29,492.62091064453125,495.3606948265281,473.69136624304406,473.69136624304406,16781215
5758,2018-10-30,478.6728210449219,491.5793200176945,476.45378062000145,491.5793200176945,19263668
5759,2018-10-31,480.59747314453125,482.6806293719703,474.14422335454935,479.57853737610776,35999348
5760,2018-11-01,478.3331604003906,483.6089778090536,475.50280688323585,483.6089778090536,20552752
5761,2018-11-02,486.77899169921875,489.5414483845954,481.45788965656226,483.20141062185155,36739798
5762,2018-11-05,493.7530517578125,494.83991452471423,482.29569290126113,486.12237004498365,16585905
5763,2018-11-06,500.00250244140625,503.5800834381014,494.3417351329678,495.428597861213,18886485
5764,2018-11-07,502.9913635253906,504.9386655883359,501.17994575785235,504.9386655883359,2808599
5765,2018-11-09,495.1795654296875,504.39527201176816,491.35291839445046,500.9761871907846,23712291
5766,2018-11-12,489.0885925292969,497.6023561676155,486.62051644162483,497.10422457308,12690610
5767,2018-11-13,497.896728515625,499.5043652283378,484.5826367669122,486.3714424683292,14899604
5768,2018-11-14,497.2174377441406,503.87446863470035,491.5793426209197,500.4327414630607,17034346
5769,2018-11-15,496.71929931640625,499.50436820675344,492.0321827590731,496.76458400632737,14943663
5770,2018-11-16,510.5541687011719,511.7089585324534,496.8325145664205,497.21743443348095,24131016
5771,2018-11-19,520.788818359375,521.5586581043791,512.1844852508765,513.0448943776458,15987574
5772,2018-11-20,515.082763671875,523.4606732892713,511.73157564083596,518.5245210842826,12511640
5773,2018-11-21,503.9876708984375,518.7509331900764,501.33845609115735,515.1280370941822,16422494
5774,2018-11-22,499.4364318847656,509.6257892285387,498.19107270499325,504.7122493129682,12670591
5775,2018-11-26,502.5611572265625,506.07081125836635,496.96834707379537,502.22152206448123,13969873
5776,2018-11-27,510.9164123535156,511.73153672384274,500.6138437053428,501.7233487728307,14896607
5777,2018-11-28,521.9888916015625,524.2984712910405,510.0560430525252,512.8410817649891,17507771
5778,2018-11-29,529.1666870117188,534.3292622927223,525.3173676645546,525.7702145382923,27640198
5779,2018-11-30,528.7364501953125,537.0916865939686,526.3589134271406,530.8875030672996,23443212
5780,2018-12-03,523.709716796875,532.0649530009073,520.1094330980334,532.0649530009073,12182825
5781,2018-12-04,521.830322265625,524.4116098885626,517.256447951603,524.4116098885626,11358720
5782,2018-12-05,523.1209716796875,524.773953465581,515.9431370922229,517.9583963785215,12729759
5783,2018-12-06,508.85595703125,520.3358979532624,506.41049309455923,520.3358979532624,12831451
5784,2018-12-07,513.452392578125,514.878890393171,501.9271076543746,511.4824785402412,15779984
5785,2018-12-10,493.73040771484375,504.6216776909113,490.4924617697939,502.6743756089738,20521072
5786,2018-12-11,497.0362548828125,499.0967685799445,477.7670766242069,482.7485130624664,29518062
5787,2018-12-12,502.9007873535156,504.2593884484363,492.5982488026425,497.6928971032496,27572962
5788,2018-12-13,501.33843994140625,510.82585419751103,495.90412620272195,510.82585419751103,20337275
5789,2018-12-14,503.670654296875,504.893371090991,494.43230596452315,499.54962680886655,15795834
5790,2018-12-17,511.686279296875,513.0901651363164,503.3536847900322,505.36891393978846,11077711
5791,2018-12-18,514.6298828125,515.8072846926126,507.42937562794594,508.697407343649,12841994
5792,2018-12-19,514.81103515625,519.5660484103416,513.1807258959275,516.939475994388,16118419
5793,2018-12-20,511.0296936035156,512.8637538079022,505.4594952639696,507.655832994141,12609700
5794,2018-12-21,498.236328125,512.2976162492918,496.33431083521714,509.46723265782686,18115814
5795,2018-12-24,493.2322692871094,499.5949497566164,492.054837090379,498.55337163295866,9065704
5796,2018-12-26,497.3985595703125,498.1457871689453,482.5900430452602,491.71517995006195,15771193
5797,2018-12-27,507.2935485839844,510.37302843176724,499.95724740579647,501.40638771937057,27294221
5798,2018-12-28,509.7163391113281,514.1090747043794,507.7463645214391,509.6936665375563,16768547
5799,2018-12-31,507.76904296875,513.4750950210645,505.48210577107665,512.1617786126135,15799099
5800,2019-01-01,507.65582275390625,510.50887913231384,502.7196706442551,509.5805127611161,9746670
5801,2019-01-02,501.0440979003906,510.3730159046778,498.59863400425166,504.71224839944995,15628818
5802,2019-01-03,494.862548828125,504.75752529203896,493.6624743581399,501.5422217326132,16288287
5803,2019-01-04,497.5343933105469,500.16099585565246,489.5867191046988,496.968334721148,18516544
5804,2019-01-07,500.296875,506.5010588314543,498.5986386864641,501.31581074210163,12060290
5805,2019-01-08,500.2515869140625,502.6517358973481,496.3343403852307,500.4553680150793,12304389
5806,2019-01-09,503.0140075683594,505.84439129546394,497.5570514428995,503.58009640582,12614237
5807,2019-01-10,501.542236328125,503.1272609248648,499.5043648352309,501.6554480521636,8925160
5808,2019-01-11,497.2626953125,504.39524529484095,492.98317136911515,501.5875039439588,14139060
5809,2019-01-14,496.6966247558594,498.37218840436327,491.98686615903915,495.88147016005036,8994060
5810,2019-01-15,511.57305908203125,512.637279438425,500.410051396404,500.410051396404,22011407
5811,2019-01-16,514.4035034179688,518.5245312716053,511.8901123453095,513.9958807336005,13961606
5812,2019-01-17,513.7467651367188,519.8377063551742,511.7315059852784,518.2753545091292,16379077
5813,2019-01-18,536.344482421875,538.8578733612807,514.1090954358923,520.2453219693449,56181172
5814,2019-01-21,560.5045776367188,561.5235134063872,538.2918020420274,540.7146236819683,48206814
5815,2019-01-22,559.3497314453125,564.6935057839759,552.3077511483489,558.3081836653481,36207430
5816,2019-01-23,555.3419799804688,563.4481811260099,553.3946778995768,558.5119686604006,19313542
5817,2019-01-24,564.9199829101562,567.5239432978667,552.5342875574617,554.7532978467591,28775487
5818,2019-01-25,564.2633056640625,572.7317843225119,559.4630077240321,566.2785650088292,18703992
5819,2019-01-28,556.8137817382812,568.7693027677135,553.5758356836684,566.3011964500698,18744303
5820,2019-01-29,548.2547607421875,557.7648485033887,544.0431634036992,557.4704677709478,20405845
5821,2019-01-30,541.4844360351562,554.7532729451437,539.4012799105362,550.2246831890476,17164298
5822,2019-01-31,555.7269287109375,556.8817185039815,543.8846500735704,544.3374969609996,22279301
5823,2019-02-01,566.0520629882812,568.3390303930422,555.6816277294216,558.8290041950708,20187323
5824,2019-02-04,584.5966796875,587.3364937922129,562.4744764596751,564.7160985742997,25528059
5825,2019-02-05,584.8910522460938,590.7103463403772,579.0265339234205,585.09486357484,20479210
5826,2019-02-06,593.3595581054688,596.7107461353131,586.1138262179636,587.0195200313264,20586783
5827,2019-02-07,584.3703002929688,598.3183469420773,582.4229982510157,593.359522461299,20150710
5828,2019-02-08,578.6189575195312,588.9441685651316,576.1508513617729,581.8342307905515,14230054
5829,2019-02-11,567.5465087890625,577.849107537472,566.5275731088988,577.8038228508025,16457901
5830,2019-02-12,568.9730224609375,576.1961417961526,566.7540122922657,566.7540122922657,13998153
5831,2019-02-14,554.3909301757812,561.998999594646,551.5832190617705,561.998999594646,14496604
5832,2019-02-15,563.5613403320312,566.0294464672347,549.7717601302086,556.9043099532474,20994460
5833,2019-02-18,552.5343017578125,567.2069650425827,550.2247220283786,566.0747872935414,21106139
5834,2019-02-19,550.7228393554688,561.4103285859991,548.5038290666798,551.5832484726764,13658461
5835,2019-02-20,558.9874877929688,561.5461634019673,552.0360764473968,554.2324745457828,13776558
5836,2019-02-21,564.6708374023438,569.6070496028794,556.723163324677,559.7346856620035,23142949
5837,2019-02-22,558.081787109375,563.9463053903291,555.2061187141811,563.6293125724665,19152470
5838,2019-02-25,558.05908203125,562.9047247740838,552.7832650050426,559.7346758596992,17176522
5839,2019-02-26,552.6021728515625,559.1913067767107,546.148953454953,547.7339175855767,22160532
5840,2019-02-27,554.0739135742188,563.7651386836245,547.5074527206316,556.1344574784533,24308835
5841,2019-02-28,557.4930419921875,561.4782155964502,555.4551705004668,558.7157890712998,24688859
5842,2019-03-01,555.228759765625,562.6104061785069,553.5079415218278,560.1875845397012,17329606
5843,2019-03-05,560.48193359375,561.4555846173071,551.8549284459393,554.0286539333928,15577500
5844,2019-03-06,572.777099609375,576.5358499063169,559.327183536937,561.4556244874677,26332276
5845,2019-03-07,575.2451782226562,579.5699567218985,569.7655494610938,572.4147944636773,17738092
5846,2019-03-08,573.8186645507812,577.147179798574,571.5090850098718,573.343145098183,13211934
5847,2019-03-11,590.5745239257812,594.1520749761855,574.2262667876727,575.1546331835855,21258869
5848,2019-03-12,602.9149169921875,604.1149914988287,595.1709932159713,596.3710677226125,24561597
5849,2019-03-13,610.1380615234375,615.8893382681661,601.4431589088471,605.4736173754316,24577591
5850,2019-03-14,607.5340576171875,616.7950484436269,605.0659514150207,611.2475229774611,22753310
5851,2019-03-15,598.5221557617188,615.3458707153623,593.7897547404957,609.0964024241416,34764353
5852,2019-03-18,611.3833618164062,614.9609730227093,601.8506630976227,602.756356840891,22104063
5853,2019-03-19,623.3842163085938,624.9465683702215,608.2360337948866,615.8893279154347,21448030
5854,2019-03-20,622.885986328125,628.5693658241165,617.7007384002646,623.9502067265042,21639437
5855,2019-03-22,607.6246337890625,625.3541033650217,605.3377267746831,621.5500685856238,25078643
5856,2019-03-25,599.7901000976562,605.4055825082141,596.2804462636306,602.5751989600724,17394088
5857,2019-03-26,619.172607421875,621.1425216631201,602.3035465181849,602.4394005879191,20734876
5858,2019-03-27,611.0211181640625,624.0181868610606,608.756823220274,624.0181868610606,22079870
5859,2019-03-28,615.8892822265625,620.327362973286,608.1001346115345,611.473934513839,22930248
5860,2019-04-01,630.3129272460938,637.0831393643945,617.0441506817808,620.417950683794,22088854
5861,2019-04-02,629.3392333984375,635.4075626584605,624.9917826539725,633.0979832292255,17526740
5862,2019-04-03,622.7728271484375,635.3623336279475,621.3236566199429,630.7205017899412,17169813
5863,2019-04-04,612.7420043945312,626.6221549415441,610.1153714407495,624.4937140405007,18320845
5864,2019-04-05,613.1268920898438,617.6554820189743,608.1907399499275,616.3195534312989,14717266
5865,2019-04-08,601.9638671875,614.7571847827961,599.4505367254635,614.0779144498401,19081843
5866,2019-04-09,604.3187866210938,607.1491098803177,598.2277844117233,601.8053957209336,20774977
5867,2019-04-10,602.9375,610.4549999649034,600.7184898525642,605.9037377211964,16651949
5868,2019-04-11,609.91162109375,612.7193323506889,601.8507043848927,603.6394798806568,12558520
5869,2019-04-12,608.2360229492188,614.4854915444946,605.3150697564072,611.3607270167565,12948769
5870,2019-04-15,606.9000854492188,610.885259027677,604.567833260169,609.0964231101808,9285737
5871,2019-04-16,608.5303955078125,615.8893086784099,606.8321289667214,609.0964238946435,17360317
5872,2019-04-18,627.6410522460938,629.3618703694253,618.1536381531563,622.6822278191594,39286534
5873,2019-04-22,609.2548828125,619.0592890387755,607.4207624072269,615.8892402159486,23607922
5874,2019-04-23,617.6328735351562,621.7765133928056,609.5493446963483,610.4550385034189,19807450
5875,2019-04-24,629.2487182617188,631.6488672691561,618.7196954054739,620.5538160233797,16101112
5876,2019-04-25,621.5048217773438,639.6192425422502,617.0668010842832,629.0676071082912,30469914
5877,2019-04-26,630.7431030273438,632.1696614165198,620.7349449499766,622.6822470308658,15069884
5878,2019-04-30,630.7431030273438,632.3734122862602,618.9687816245004,632.3734122862602,22348580
5879,2019-05-02,636.2907104492188,640.2984962379905,625.8975414763179,630.3808467441611,18992003
5880,2019-05-03,638.011474609375,641.9287511455851,635.2037635836915,637.6039124305139,14240262
5881,2019-05-06,627.16552734375,635.2717281686851,624.0860477031217,633.0980027294988,15832114
5882,2019-05-07,608.4171752929688,631.7394562060074,606.9227200306757,631.6488868240625,19417647
5883,2019-05-08,588.4686889648438,606.832144891678,585.1854582101856,606.832144891678,31958919
5884,2019-05-09,568.9957275390625,583.6457179119554,566.8672866246588,583.6457179119554,42670173
5885,2019-05-10,566.5955810546875,578.6189989721152,563.8104818850684,572.8676618699944,24557430
5886,2019-05-13,557.9459228515625,570.9656030212992,555.885378882802,565.1237574213008,17603659
5887,2019-05-14,570.8071899414062,574.837648418763,557.6968787170841,559.9611737598437,28438234
5888,2019-05-15,569.199462890625,578.7548346296494,566.3464670058013,576.4905397054624,24419559
5889,2019-05-16,573.026123046875,575.9923606404709,569.7428926544527,570.5806895671625,14451308
5890,2019-05-17,573.9545288085938,578.2793072660568,566.9804449139415,573.7733900539481,17276949
5891,2019-05-20,600.4468383789062,605.790613388046,590.302765122036,594.876700371133,26979100
5892,2019-05-21,606.7415771484375,619.0593757705495,602.3262291182892,603.2998801976893,30343560
5893,2019-05-22,607.0132446289062,615.7534311825729,604.61309572424,609.3907814198553,24689918
5894,2019-05-23,604.0696411132812,630.3807684787457,600.0391832496247,621.3235896868039,38766006
5895,2019-05-24,605.4056396484375,613.081606214091,596.1899331625932,610.455033733907,22269265
5896,2019-05-27,593.5406494140625,605.6999808776155,591.8877281067274,605.5188421294251,16076686
5897,2019-05-28,599.47314453125,604.4772537652236,594.7634160028742,597.6843691038896,42594251
5898,2019-05-29,594.6275634765625,603.797985000192,590.597105265827,598.2277869149715,15558515
5899,2019-05-30,602.1903076171875,607.7378327529907,596.0766936813568,596.0766936813568,23494381
5900,2019-05-31,602.3714599609375,607.6925617889175,597.8654824920625,605.8811138640441,25724066
5901,2019-06-03,615.9799194335938,619.1725806244698,598.3183469907365,604.5678153086341,18556942
5902,2019-06-04,612.1079711914062,622.3426137005786,610.5003344241824,614.7345437404288,15442761
5903,2019-06-06,601.1034545898438,616.7497679524105,598.2730708620862,616.7497679524105,16764835
5904,2019-06-07,595.4653930664062,601.0582035722297,591.2537958703374,600.4695025874593,14722419
5905,2019-06-10,597.3899536132812,600.944892146834,593.2915988489115,598.1824658466533,11768468
5906,2019-06-11,601.9185791015625,604.3414006323965,596.8692456314554,598.6127363729687,11492074
5907,2019-06-12,603.2771606445312,606.1075442809968,600.0392148238171,604.4319503966672,10297599
5908,2019-06-13,601.0581665039062,604.4319664757866,592.6349726312419,602.3035256634488,15686169
5909,2019-06-14,596.6654663085938,600.0392664811744,592.974673298752,598.6353805988167,14942768
5910,2019-06-17,580.7021484375,597.7749603217981,578.9812697499722,597.7749603217981,14908257
5911,2019-06-18,580.1134033203125,583.2607797395096,574.7243442168544,579.1623644384335,16797371
5912,2019-06-19,578.46044921875,589.6234575665964,571.780806453766,582.7852881603217,14492763
5913,2019-06-20,587.2459106445312,588.7177536992385,578.754820008393,579.6605137711073,10748848
5914,2019-06-21,579.43408203125,586.9062973074098,577.645306645411,586.8836247335678,23236832
5915,2019-06-24,571.6902465820312,578.0528966304313,569.2900975695985,576.1055945146462,11267228
5916,2019-06-25,586.83837890625,587.812029981796,567.9994035223343,570.105232320227,14966899
5917,2019-06-26,586.0685424804688,590.8009438134885,582.536215682207,584.6420444920019,11593027
5918,2019-06-27,577.0112915039062,587.3138294510879,575.5847332307419,585.6156235270939,24905533
5919,2019-06-28,567.4786376953125,580.9512255810828,565.4633783569328,578.347265289331,18942165
5920,2019-07-01,574.6112060546875,576.3320242808127,564.4671331575786,569.7202781366775,13478857
5921,2019-07-02,578.9812622070312,580.1134399073023,572.0978080067981,576.9207786000015,10146746
5922,2019-07-03,580.8153076171875,582.6041435013753,577.41889552302,580.9738342568718,8806492
5923,2019-07-04,581.4719848632812,584.6420340791482,579.6605368056717,580.2945829249651,9351405
5924,2019-07-05,572.120361328125,584.4155462830961,570.6032941522294,581.9700523754512,10926753
5925,2019-07-08,567.0031127929688,574.2715168736306,565.2596220638429,569.6976424363072,14009219
5926,2019-07-09,579.7057495117188,581.2454892385226,564.0368255183854,565.599177357249,17535754
5927,2019-07-10,579.1397705078125,583.8947836859076,574.5432235082085,579.6831867658353,12018196
5928,2019-07-11,580.3624877929688,584.0986259150337,579.3435520251694,582.8305941190297,8608376
5929,2019-07-12,579.8870239257812,588.7177803528398,578.7774583259252,581.0191411804295,15692436
5930,2019-07-15,577.8944091796875,583.962678291849,575.2904489294914,581.9248068717299,10659498
5931,2019-07-16,585.5477294921875,586.4081990635294,578.3246098169028,579.6379262888456,10070773
5932,2019-07-17,580.4983520507812,587.3591944023791,579.6605550305385,586.1364472754836,9482233
5933,2019-07-18,571.4411010742188,582.558823955268,569.6976104430046,580.5662373223685,11942908
5934,2019-07-19,565.6219482421875,576.4679040909738,562.7688917142407,574.3168509821711,16336536
5935,2019-07-22,579.8870239257812,581.6984115332185,555.79484322446,566.5276170995281,29092589
5936,2019-07-23,576.7396240234375,585.9552697155615,570.7844758932939,581.9248115310506,20316348
5937,2019-07-24,570.19580078125,579.1171266333696,567.6824097730398,576.7169775812918,15189179
5938,2019-07-25,557.6968383789062,574.7017527756673,555.6589669418014,572.414785322397,21805071
5939,2019-07-26,549.6812133789062,562.6782818619469,547.9603347395081,557.6968451596564,20387504
5940,2019-07-29,548.3905639648438,553.3946731910565,545.7413189991667,551.0850936189888,17626045
5941,2019-07-30,534.7821655273438,552.4890242983917,532.5405430359982,549.7492097332333,20853117
5942,2019-07-31,528.1477661132812,536.6388568444544,526.4042149102453,532.4499324547206,21229950
5943,2019-08-01,534.48779296875,538.0880163324737,520.9472481202637,526.8570510177042,22628222
5944,2019-08-02,539.5639038085938,545.8964414001674,529.4273062578427,535.6231743144041,23766807
5945,2019-08-05,520.88525390625,531.6596427541716,513.8921163970637,531.6596427541716,30399133
5946,2019-08-06,514.02880859375,523.7326502434483,511.158687373219,516.9672949972063,29067994
5947,2019-08-07,505.4183654785156,518.6984842415695,502.54821395222467,513.2087724196543,25349369
5948,2019-08-08,524.9854736328125,527.5594470444589,498.9947225199675,504.9399995602614,31198568
5949,2019-08-09,529.4273071289062,535.5320621721702,524.9626473316008,529.3134462610985,21970009
5950,2019-08-13,580.7482299804688,593.5271665408387,558.5387910126155,561.7961729616427,104827144
5951,2019-08-14,586.8984985351562,594.27883564578,583.2994125885517,594.0738617617441,31688983
5952,2019-08-16,582.2288208007812,588.5158018476279,579.9509344061074,588.2424627790406,21977767
5953,2019-08-19,588.8802490234375,590.7936833106893,583.1399461616822,583.6183199392733,16317602
5954,2019-08-20,581.2948608398438,588.8802325991569,579.7686873506472,587.6046503253075,14969299
5955,2019-08-21,579.0169677734375,582.5249406318238,576.9896727003057,581.1581845312464,10677848
5956,2019-08-22,567.9920043945312,579.0397319021074,564.415727083243,579.0169840583981,14031953
5957,2019-08-23,581.2493286132812,584.9622755501628,558.7665514547467,564.4612978845336,21307915
5958,2019-08-26,577.1263427734375,589.5180174164024,573.5728134024442,589.5180174164024,19202504
5959,2019-08-27,580.7937622070312,585.4178393673185,574.5750854951327,585.4178393673185,28401906
5960,2019-08-28,575.5318603515625,583.5956065764664,572.2289218705502,580.292668095454,11605488
5961,2019-08-29,565.714111328125,574.1423089685898,562.7756251991485,572.4111007658854,18890222
5962,2019-08-30,568.81201171875,571.4771587732106,556.2608587582495,567.4225077601222,24735240
5963,2019-09-03,549.6094360351562,566.2836054933983,546.6936977116261,565.9419012524706,18730619
5964,2019-09-04,547.2176513671875,549.0855292039781,540.3384355060123,546.9443122920154,32949395
5965,2019-09-05,546.055908203125,552.7073412375388,543.6413523118683,549.7916637283652,22995486
5966,2019-09-06,556.9442138671875,559.905508686194,544.529730269558,548.0604510563904,23186819
5967,2019-09-09,556.8075561523438,561.7277810208366,552.6846006434598,556.1013998153694,11747929
5968,2019-09-11,562.3656616210938,564.9168872078062,556.9442540291035,556.9442540291035,12127900
5969,2019-09-12,551.408935546875,565.121809846022,549.2905274434177,562.6389496665383,11880005
5970,2019-09-13,558.3565673828125,559.6777062796849,549.8372560312068,552.1606990522705,12947715
5971,2019-09-16,551.5911865234375,555.3952464736155,540.3611718960425,541.6823715544818,20547730
5972,2019-09-17,545.531982421875,551.7051025562492,543.7324698220347,551.7051025562492,15640772
5973,2019-09-18,549.29052734375,554.1196389964413,545.4181023904539,548.9488231109823,14933909
5974,2019-09-19,537.1493530273438,551.1128193388115,534.2336754292916,550.269993453249,13766222
5975,2019-09-20,571.454345703125,578.538595794003,534.9853563558977,541.2039719452742,48165560
5976,2019-09-23,564.5524291992188,583.5955991079659,562.6389948234006,580.4748867218609,21610844
5977,2019-09-24,582.5477294921875,591.7048317884125,566.1697070906982,566.5569678581361,34958974
5978,2019-09-25,582.9349975585938,589.9736917021636,578.0603290184775,584.9622927998516,18192270
5979,2019-09-26,590.793701171875,591.7048314204396,584.7345025495783,588.6069277522059,18350457
5980,2019-09-27,596.37451171875,599.0852153779786,584.9622711016782,588.83469621156,19058663
5981,2019-09-30,606.9439086914062,608.5384473646258,594.7799555819121,596.8073115117165,25263770
5982,2019-10-01,594.48388671875,611.3858390276982,589.1991489286858,609.107952635307,17920384
5983,2019-10-03,597.2857055664062,598.9485486495571,583.7322480298894,585.8734648958773,13524851
5984,2019-10-04,595.9417114257812,605.2811006315036,594.0055292272416,601.3175623860402,14992253
5985,2019-10-07,596.8529052734375,601.727573794237,593.0260365481064,595.9417141933939,10061584
5986,2019-10-09,603.527099609375,605.896159975223,588.8347285461177,596.2151270804624,17588647
5987,2019-10-10,620.839111328125,623.686423804396,601.8186893162473,603.6410106607789,35006390
5988,2019-10-11,616.2149658203125,622.1374949133606,608.902932684761,621.2718603529356,16597126
5989,2019-10-14,618.675048828125,621.8413175299308,615.417667105682,621.8413175299308,13394275
5990,2019-10-15,621.4768676757812,624.1420147736394,616.9893993355357,620.7251548412742,9672791
5991,2019-10-16,625.212646484375,628.5383326966195,621.2718561230316,624.0964815244113,19403660
5992,2019-10-17,636.2147827148438,637.3537562795008,625.0531337321348,626.4198898451011,16038940
5993,2019-10-18,645.258056640625,650.5199858338933,637.2171193925154,639.6316753513925,28121951
5994,2019-10-22,644.2557983398438,654.5973696139132,639.3355126898243,649.1987710106612,27786502
5995,2019-10-23,634.346923828125,649.6315894467807,630.1328553246293,645.2352948992277,18446160
5996,2019-10-24,654.4151611328125,656.6702997191485,631.6818533364011,638.2649214005625,22642488
5997,2019-10-25,652.0233764648438,656.6930099277647,642.9345791068283,656.533592555916,13539957
5998,2019-10-27,653.4129028320312,658.3103798337843,651.4766598753273,656.4880585664032,3014841
5999,2019-10-29,668.3558959960938,674.2556165225404,656.989211407722,658.538193682068,25768505
6000,2019-10-30,673.8455810546875,676.3285021637283,665.2807136084404,674.2555896577948,16341366
6001,2019-10-31,667.1257934570312,678.6519559794333,665.9185154724761,676.0779218061059,19463741
6002,2019-11-01,663.7317504882812,665.9640804369695,656.4880824890148,662.8661767457119,13904301
6003,2019-11-04,664.0734252929688,670.1553715353812,658.3559311365268,667.8319286642073,14063434
6004,2019-11-05,659.3582153320312,669.2214742253132,656.4880941536109,666.5563877695438,12685356
6005,2019-11-06,653.708984375,658.9709134224005,650.7933068649986,657.2625138583702,14625505
6006,2019-11-07,664.5062255859375,666.5107120075832,652.478942117402,653.7545852088322,14084039
6007,2019-11-08,658.5381469726562,664.9845452011248,656.6247127278561,660.1326856471749,12019353
6008,2019-11-11,650.4744262695312,657.9686853385274,648.0826181663189,655.6224337470968,11357841
6009,2019-11-13,670.7476196289062,672.3877148717824,651.4766677886735,651.4766677886735,25225749
6010,2019-11-14,666.3969116210938,674.9845273376792,663.230642683079,672.4333017464038,14258133
6011,2019-11-15,670.0870971679688,677.3535738380801,666.5791240372932,667.7180976800332,15691605
6012,2019-11-18,664.7796020507812,676.9890514215673,663.0483937661069,670.9071049922475,14076051
6013,2019-11-19,687.8090209960938,690.1552724814939,667.4219050755025,668.3330352699625,30176255
6014,2019-11-20,705.075439453125,716.3510103715514,703.0481443166666,708.446742889074,43538120
6015,2019-11-21,700.4968872070312,708.8795288117608,696.3739315850736,703.8681907831955,14897371
6016,2019-11-22,704.551513671875,715.0298153089565,700.4968625499317,702.5469663663849,22352865
6017,2019-11-25,711.4080200195312,712.8886371176563,706.6016557945779,706.6700209762848,15146156
6018,2019-11-26,710.8157348632812,718.1505154744042,708.879491945223,714.3920121484479,35330983
6019,2019-11-27,715.1893310546875,717.7633652939037,708.9250975875062,710.6791145863369,9642739
6020,2019-11-28,719.9501342773438,721.7040904421433,712.5014315092969,716.4649089696081,13747479
6021,2019-11-29,706.6699829101562,720.701753230316,705.166557224742,720.701753230316,18559594
6022,2019-12-02,722.774658203125,735.5080374165003,718.446668058888,728.9249695906898,31225364
6023,2019-12-03,719.312255859375,726.1914715498816,716.4421348181588,725.6220455689571,12990426
6024,2019-12-04,707.3761596679688,718.6744788325336,698.7429268841796,716.6243749561746,20987607
6025,2019-12-05,706.5333251953125,719.6995220271033,703.4126129063931,717.0799313673334,19942460
6026,2019-12-06,708.37841796875,714.34650367528,702.0914366693934,707.5128442167919,13085234
6027,2019-12-09,716.442138671875,718.6289120538767,704.5515241942397,708.9478796256215,12642677
6028,2019-12-10,711.5902099609375,716.8976955643037,708.0366804472823,716.1915392303736,10173333
6029,2019-12-11,711.7952270507812,717.3076864061647,706.4193764022663,708.6972627250307,12364641
6030,2019-12-12,714.4375610351562,717.0115950685123,709.175632105721,715.3714998957938,10326606
6031,2019-12-13,721.1345825195312,724.3692164991846,716.351027140772,719.8133828560042,12668303
6032,2019-12-16,713.7086791992188,726.1459108549086,712.6836272871026,725.2803371433246,11892718
6033,2019-12-17,711.9319458007812,719.3578399123801,708.6745638764085,713.7770149946166,20324601
6034,2019-12-18,717.9227294921875,719.8133550679012,711.6130008022194,712.0685659020165,14742077
6035,2019-12-19,733.4579467773438,735.7130853224812,716.0776815344282,716.9432552495575,20507816
6036,2019-12-20,728.5149536132812,736.9203425972383,727.1481974888583,735.7586211795677,21271510
6037,2019-12-23,715.8954467773438,718.697202601145,709.6995788435307,710.7473785911997,25107772
6038,2019-12-24,704.5287475585938,716.1915181782858,702.7291741875471,714.756457708604,18048449
6039,2019-12-26,690.383056640625,707.4899822548463,687.9912486399223,702.3419749979173,29761019
6040,2019-12-27,702.660888671875,704.4148447570507,693.0709694017163,695.6677513520056,17677571
6041,2019-12-30,703.5037231445312,705.075453204925,696.146133646615,704.3009925083965,17123749
6042,2019-12-31,689.76806640625,703.275967959933,687.0346147831144,702.5014464101453,22203005
6043,2020-01-01,687.7406616210938,695.71329418231,685.8728447066956,691.5675301163265,14004468
6044,2020-01-02,699.4490966796875,702.0231309084611,688.8341249955183,688.8341249955183,17710316
6045,2020-01-03,700.2918701171875,702.3419738793503,693.8454111057252,698.401183727618,20984698
6046,2020-01-06,684.050537109375,696.0777601328983,682.4559984007375,692.4787349396005,24519177
6047,2020-01-07,694.5744018554688,699.0846181349457,689.5174466155153,692.0231155682121,16683622
6048,2020-01-08,689.3580322265625,699.0618124993036,687.9229716982027,690.2008581035432,16047902
6049,2020-01-09,705.2349243164062,706.1460545384556,697.6039958258494,700.9524906265494,14982742
6050,2020-01-10,705.075439453125,709.767881698561,701.4307969531442,707.0116215682394,12478359
6051,2020-01-13,703.2759399414062,710.1095991385498,700.8613840078024,703.8909832584651,18282382
6052,2020-01-14,696.7611694335938,706.1460540060764,693.321561613282,701.5902812530394,15816535
6053,2020-01-15,694.2327270507812,701.5447603290233,691.6815014784388,699.6996911256139,15817859
6054,2020-01-16,700.633544921875,703.1164660495333,696.123328607651,696.5789545487438,12847975
6055,2020-01-17,720.2689819335938,722.0684944917035,707.6039072039894,707.7405767341073,29463471
6056,2020-01-20,698.1051025390625,733.0251711346966,695.3943989516875,733.0251711346966,32545850
6057,2020-01-21,698.811279296875,704.255434474368,693.3898719635566,696.3967233662753,18922720
6058,2020-01-22,698.5606689453125,704.6654237834097,697.5356170539271,703.4125893409511,10322817
6059,2020-01-23,695.5994873046875,702.4787033341204,692.7976704809724,699.995782105906,11247739
6060,2020-01-24,693.1848754882812,699.9274214343135,691.8181193658394,695.6677356936214,14628445
6061,2020-01-27,686.3511962890625,694.5060553497816,685.6450399310917,690.1553171549481,13387750
6062,2020-01-28,670.4970703125,687.9229525273819,666.784123482271,687.2851005590206,24532236
6063,2020-01-29,674.1873168945312,680.8159416798308,666.9891444546691,671.5449174600141,24746565
6064,2020-01-30,657.7409057617188,674.1189279948669,656.0325061506004,673.8000324109488,22402689
6065,2020-01-31,643.1168212890625,662.0688771430911,641.0895261519104,661.9549554548163,34750310
6066,2020-02-03,631.2034912109375,637.7866202198592,620.9757803391669,624.0964927141115,30712290
6067,2020-02-04,649.8366088867188,652.6156168163996,636.8070821041359,637.8093253228989,25383901
6068,2020-02-05,659.9048461914062,661.8638369578762,651.6133788455309,653.7089783198215,18472100
6069,2020-02-06,664.1417236328125,668.3330442297388,656.0780388344074,662.4561327504642,15538577
6070,2020-02-07,653.1395874023438,661.6588985800611,650.7022227352583,661.043855246306,12209212
6071,2020-02-10,654.0279541015625,658.5381704022313,642.5701568916897,650.5655375690975,15142476
6072,2020-02-11,661.8411254882812,667.9686285196045,658.3331523553433,659.4037608180389,13999816
6073,2020-02-12,669.8364868164062,671.9093993236276,662.8661580899145,663.3900883835446,13533565
6074,2020-02-13,671.5904541015625,673.2305493654294,666.3285248796951,673.2305493654294,13565659
6075,2020-02-14,677.718017578125,684.0277465787818,662.0005342763124,673.0027665052698,21227841
6076,2020-02-17,673.4583129882812,686.1689444853641,671.6588003937245,678.3557899744812,13149130
6077,2020-02-18,668.5153198242188,672.3877451358492,663.9595468069297,672.3877451358492,11127161
6078,2020-02-19,685.0983276367188,686.3056055739146,672.023244212816,673.9594263164361,14084409
6079,2020-02-20,676.96630859375,687.011793300471,675.9868131637884,682.00045528101,16892268
6080,2020-02-24,658.28759765625,672.8888554037397,655.8274851343797,669.5859169809235,21370214
6081,2020-02-25,645.2808837890625,661.2260892059667,642.3651452916142,661.2260892059667,27745062
6082,2020-02-26,634.1647338867188,643.4357581099381,632.0463255923955,642.3651496285956,29362748
6083,2020-02-27,631.545166015625,634.984773821128,623.6863941862033,632.3423745443288,25054993
6084,2020-02-28,605.3038330078125,618.2194993599866,603.6409899275759,617.2627517959893,39315769
6085,2020-03-02,599.609130859375,623.6863851490178,592.7526631915989,617.3538477602337,29500495
6086,2020-03-03,611.7730712890625,616.8072181209545,602.2742644592462,605.782237667522,27398798
6087,2020-03-04,610.3379516601562,616.7616019529802,595.8505559134851,615.9415847840235,22105261
6088,2020-03-05,597.3312377929688,618.6522925629214,594.9849863088358,616.0327020205981,30510390
6089,2020-03-06,579.0397338867188,586.8529491734296,565.4179722528313,578.5841687798553,33734039
6090,2020-03-09,507.58233642578125,565.3724120812213,498.8580213933914,564.9395948209478,88187018
6091,2020-03-11,525.5321044921875,536.8759793924714,504.7805063315845,504.7805063315845,59578576
6092,2020-03-12,484.2795104980469,501.5914709670085,477.76474706707563,494.3022468622761,55970485
6093,2020-03-13,503.55047607421875,519.3590113331041,429.3368204123628,454.66694028272855,73297403
6094,2020-03-16,462.7306823730469,491.88767062151203,457.855983622141,483.16335544370344,38482258
6095,2020-03-17,459.2227478027344,482.9128030692173,457.03597440618387,477.1041653266847,45445979
6096,2020-03-18,441.2274169921875,471.93338856425487,437.8105872964356,467.10424614814195,44730415
6097,2020-03-19,418.0840148925781,440.54401303469564,406.46677027954416,419.17740154751465,61404010
6098,2020-03-20,463.7557373046875,471.4777788758974,423.6876298476558,428.0156200813736,63360475
6099,2020-03-23,402.75384521484375,432.79921679858717,398.92697651015874,417.4006593662028,40670949
6100,2020-03-24,429.7923889160156,441.9107556027328,408.10688103087216,423.6876338550005,45734887
6101,2020-03-25,493.0494079589844,524.6209531391378,438.835637364467,439.0861981838717,73130298
6102,2020-03-26,485.73736572265625,508.83518624299154,474.87183355055674,499.2224885560531,45744488
6103,2020-03-27,485.4640197753906,504.4616323213266,476.62581332524957,498.85802939552474,41657940
6104,2020-03-30,469.4504699707031,489.6553613349292,464.6896927091085,474.0746081046582,30229866
6105,2020-03-31,507.4001159667969,514.7121184343924,477.44585853135567,489.2681076350969,44292810
6106,2020-04-01,492.2293701171875,512.3431170041558,476.17024391817705,511.2725085908885,41597459
6107,2020-04-03,490.86260986328125,516.830581040119,481.2271342245424,516.830581040119,41367807
6108,2020-04-07,549.4727783203125,553.0718035568752,501.13592062073866,502.09263777511086,54373624
6109,2020-04-08,543.117431640625,559.9055231344522,528.4706178347502,537.5821634324217,49880330
6110,2020-04-09,555.7825317382812,561.6366957900202,543.5047168036008,553.071827946098,33032857
6111,2020-04-13,541.750732421875,553.5274250943012,537.5821595892558,548.4932785488741,23673784
6112,2020-04-15,523.8464965820312,563.0945577424359,520.7257842081884,545.3497789400192,35321842
6113,2020-04-16,532.1380004882812,540.9762068879281,521.6369510306208,523.8464722189766,37455706
6114,2020-04-17,557.6275634765625,560.3610757533957,543.3452020814,553.9829818126375,33269335
6115,2020-04-20,566.6480712890625,572.6616524777401,547.6049019966156,558.5387689166379,36030932
6116,2020-04-21,563.7095947265625,570.3837758607924,530.2929500736037,551.2494932165421,61371628
6117,2020-04-22,621.226318359375,630.9301598621173,592.2515850380435,601.3631310414584,142683366
6118,2020-04-23,624.5520629882812,631.3629746182852,616.533873342364,622.9347763520208,65464502
6119,2020-04-24,645.55419921875,681.0665036167123,613.7548417534081,615.0987892580879,134986308
6120,2020-04-27,651.36279296875,671.9776918729361,648.2876372628953,653.2989750843866,58482901
6121,2020-04-28,650.6339111328125,663.0711430921186,634.2330801385784,660.5882827630392,78453401
6122,2020-04-29,650.087158203125,662.2511116508546,646.9208894352005,658.2648256800725,37494672
6123,2020-04-30,667.8775024414062,681.0665079936625,655.1441228315041,662.387790696772,71345899
6124,2020-05-04,653.845703125,667.4219080210322,645.7591489094824,656.0324764244652,53456868
6125,2020-05-05,665.4401245117188,673.8000179866202,659.3126217226816,662.2739165847549,44903763
6126,2020-05-06,665.4857788085938,676.5107592016705,658.5381976123233,666.9663959103116,40489094
6127,2020-05-07,686.5333862304688,689.5857940651655,658.3103678257597,662.8661404995557,50026966
6128,2020-05-08,711.5219116210938,719.7678226730263,700.2690883404237,703.8681743956269,84262770
6129,2020-05-11,718.3555908203125,735.7586652851459,716.3054869223387,719.8133992291014,67085063
6130,2020-05-12,673.9138793945312,714.5059472020546,667.421924512169,712.8885998251221,100683202
6131,2020-05-13,688.212158203125,702.2619926335703,668.6895211050157,702.2619926335703,66430125
6132,2020-05-14,660.388427734375,688.3271605383935,657.6750477639823,675.5880024545381,49266771
6133,2020-05-15,671.1730346679688,674.5302881289011,650.799602528888,664.0906087254111,62152260
6134,2020-05-18,662.595947265625,681.566676898904,656.7322948440275,676.0479523636494,62796089
6135,2020-05-19,647.9481811523438,672.2307744297442,645.3498178286442,670.0692426929081,42315854
6136,2020-05-20,659.3536987304688,665.401340969578,640.6358719382737,648.4541358531619,55320985
6137,2020-05-21,662.8258666992188,672.1157452840495,655.3525311285731,659.9514881495519,39167981
6138,2020-05-22,658.3648681640625,670.5291255142084,656.042398476682,667.6777988728218,37828973
6139,2020-05-26,654.9156494140625,666.711987746456,651.3514150884637,665.9991408813363,33216635
6140,2020-05-27,664.803466796875,668.6895773052198,649.3739196290542,658.1119508999542,35667956
6141,2020-05-28,677.0826416015625,680.5318594707194,666.3900601248649,669.1494222555681,40126278
6142,2020-05-29,673.4724731445312,676.9676732209404,668.0687046665274,675.1280782272748,40022527
6143,2020-06-01,699.2037353515625,707.4818829451973,678.7843208400942,680.6469070898178,39943702
6144,2020-06-02,706.2630615234375,708.2406641496016,699.4106082088995,701.8021121043951,22153960
6145,2020-06-03,708.99951171875,717.4385969223771,705.18231400567,710.5401611566365,25381289
6146,2020-06-04,726.5445556640625,731.0055660770797,708.700574835107,710.0802255113514,34202350
6147,2020-06-05,727.4183349609375,744.1125763541613,723.7391448727824,733.5349504680499,33076685
6148,2020-06-08,721.8076171875,744.2965991694005,719.7381106858822,744.2965991694005,31414953
6149,2020-06-09,706.929931640625,728.0162095211309,705.0213632303459,717.5765306932424,25857161
6150,2020-06-10,723.0263671875,726.4296028526746,708.2636852138279,709.6663270324005,22132647
6151,2020-06-11,707.1829223632812,721.0947498633603,704.1016234241401,720.1979738752296,20385805
6152,2020-06-12,730.6836547851562,732.6152144576557,688.4651139949265,689.8448255423326,38548899
6153,2020-06-15,742.5259399414062,748.2286541304361,717.944461562223,719.738074321748,53107403
6154,2020-06-16,743.974609375,758.1623907318874,729.073920333293,755.6100096990599,51187003
6155,2020-06-17,742.8938598632812,752.1377564867167,736.8002355237924,739.6285710737751,41782053
6156,2020-06-18,761.5426635742188,765.7277195337433,738.4098697010658,739.0537431788737,40471557
6157,2020-06-19,809.1419677734375,822.662884832114,764.3480567847827,768.0271860294589,105804173
6158,2020-06-22,803.04833984375,829.7453067944708,797.9204649082677,815.5805163315279,60198705
6159,2020-06-23,791.4359130859375,811.1424793297066,789.2283991035939,804.8188829721181,37962078
6160,2020-06-24,794.6322021484375,815.2585971943009,787.2049092994675,798.3343834160429,51586221
6161,2020-06-25,790.0562133789062,804.3590113817793,787.8257082275528,794.2412692239427,39679374
6162,2020-06-26,800.978759765625,805.7387156195185,789.6423050208405,795.0691254651592,30921913
6163,2020-06-29,792.470703125,800.1049767587942,788.9755030360393,794.724199397444,25621946
6164,2020-06-30,783.709716796875,800.6798521927149,779.7775632987472,798.8403179323647,30276420
6165,2020-07-01,799.1162109375,804.3590417153952,785.5262592909625,791.0220533998545,28464103
6166,2020-07-02,809.578857421875,812.9131196079647,797.9434568867177,801.5996558055275,28789533
6167,2020-07-03,822.2489624023438,824.5944840246723,813.0970305643506,818.5237901574163,29434266
6168,2020-07-06,851.6364135742188,854.4877403042802,824.1805560989435,830.1132425737019,47016185
6169,2020-07-07,838.5983276367188,857.4081191198532,830.7111510738159,855.4075860574779,35189589
6170,2020-07-08,826.8939819335938,843.8871079698339,823.2147918742058,838.874249528363,26204095
6171,2020-07-09,838.9662475585938,843.9101327881033,821.4901853136708,831.9528558525262,36418942
6172,2020-07-10,863.7086791992188,866.7210046141734,838.966202422353,840.9208139301466,43759967
6173,2020-07-13,889.8997802734375,895.7404411930387,873.8033695999184,875.3440190119952,69608392
6174,2020-07-14,881.6216430664062,892.9810891276039,867.9627184293223,889.4399067182862,67331128
6175,2020-07-15,848.0491943359375,910.0432747129854,826.8940030129448,891.2564746178755,139669773
6176,2020-07-16,847.7733154296875,859.5466633014162,833.539490093024,849.4289206158425,60961724
6177,2020-07-17,879.1842041015625,883.0013409115383,845.2897955321264,848.5091019825423,49726765
6178,2020-07-20,882.955322265625,888.5200896825573,873.642452166094,881.9895728799362,36592938
6179,2020-07-21,906.708984375,909.2154439936105,890.5896432571818,891.7393825415759,42173371
6180,2020-07-22,921.6326904296875,924.392052624469,901.7191422132825,911.974831513282,59771457
6181,2020-07-23,946.3751220703125,956.4468216090578,915.8149739252204,921.6096528717499,58333751
6182,2020-07-24,987.0069580078125,994.7561876482625,946.3751108075335,946.4670753556424,120597372
6183,2020-07-27,991.62890625,1011.2205177956014,978.6138547090544,1002.022603231629,80304827
6184,2020-07-28,1001.5166625976562,1009.0129896248745,989.0764504789688,991.6288924147179,55114422
6185,2020-07-29,964.2420654296875,1003.8621194109529,952.1927635068929,1001.608683907694,72663399
6186,2020-07-30,969.8528442382812,984.0406264074155,952.9056390082703,965.3228603128719,72857444
6187,2020-07-31,950.652099609375,979.1196880321627,944.0756006462246,972.4512245239739,74958061
6188,2020-08-03,923.9321899414062,946.0072096447332,921.2187491360764,943.3857942123627,46715383
6189,2020-08-04,989.053466796875,996.5957761543451,919.9080484052575,929.2669616914684,92041055
6190,2020-08-05,977.9469604492188,1009.9327402204789,974.1987969969156,997.5155802647049,74549993
6191,2020-08-06,981.4651489257812,996.917686240715,969.3698649129506,991.996792380421,49322975
6192,2020-08-07,987.1448974609375,992.3647370507441,975.0726650952371,979.4876324257579,32984416
6193,2020-08-10,974.9116821289062,995.6760243175754,969.5079133565963,992.9626443628061,26958997
6194,2020-08-11,981.3272094726562,993.3765113033899,965.9436454510583,981.787093024438,46828306
6195,2020-08-12,978.475830078125,986.4780837317549,968.9099966647256,975.440513458856,30264617
6196,2020-08-13,975.9234619140625,983.6726915213508,970.3816855675101,978.6598329703886,24830322
6197,2020-08-14,972.1293334960938,991.9968389602483,960.8388603684683,976.1533907618278,33224635
6198,2020-08-17,961.8046264648438,968.0821798405315,952.0318121426657,968.0821798405315,30979066
6199,2020-08-18,974.3138427734375,981.5572065729588,957.6655833561128,958.8842960873559,30547672
6200,2020-08-19,980.2924194335938,990.6171426716428,975.6014977545876,984.63847406836,34087543
6201,2020-08-20,964.426025390625,976.7742733076775,960.2639604769175,974.9806604791936,22537845
6202,2020-08-21,957.4356079101562,975.9004712046636,955.2051026884009,974.0608761339832,25280895
6203,2020-08-24,963.8281860351562,967.8522432642645,952.215776267342,961.8276529891677,32717218
6204,2020-08-25,957.550537109375,970.979550342344,955.6649598169711,968.5420641324448,19388008
6205,2020-08-26,982.9368286132812,987.8347313556234,941.4082066516024,958.8842681383856,59870421
6206,2020-08-27,970.6576538085938,988.7775894751101,967.2774092240633,987.8577615155625,28085062
6207,2020-08-28,973.2100830078125,980.9133303492624,968.6571080138008,974.9806438456301,27166900
6208,2020-08-31,956.90673828125,999.8150722535719,947.547825093058,999.8150722535719,62076132
6209,2020-09-01,959.9190673828125,976.0843910687488,948.4905869157411,965.7827195934813,38616258
6210,2020-09-02,978.7517700195312,983.258762608319,958.8842654693021,962.1035111338008,26949439
6211,2020-09-03,971.3474731445312,983.6036951815257,967.1624172667932,978.6598101565984,18586429
6212,2020-09-04,955.320068359375,964.3800361627369,952.9975985655864,958.217438228873,28475945
6213,2020-09-07,957.8035278320312,968.4271361550547,940.1434759598758,958.4244101761973,21926473
6214,2020-09-08,969.0480346679688,975.4405440195206,956.8147424380137,962.1035555508096,27397082
6215,2020-09-09,993.9973754882812,996.9637188004601,957.2516380479899,958.8843129204282,55310877
6216,2020-09-10,1064.2005615234375,1078.4343859341311,1000.4358625204973,1004.0000968187054,140304404
6217,2020-09-11,1066.844970703125,1075.1691005097607,1051.829446775961,1063.2808578386287,59470807
6218,2020-09-14,1058.934814453125,1085.3558891000262,1049.4838755248436,1069.2595382540042,44063445
6219,2020-09-15,1066.43115234375,1069.6044159401526,1052.3122824780569,1063.2578887473474,27178393
6220,2020-09-16,1069.052490234375,1089.6558337965828,1062.6139985914106,1066.9599317919196,33952295
6221,2020-09-17,1057.187255859375,1073.2606157374064,1054.0138706147848,1066.9599491700144,25828669
6222,2020-09-18,1060.3834228515625,1066.7069583872453,1046.9774010038443,1064.3155153174728,33074915
6223,2020-09-21,1037.4576416015625,1074.3182725168763,1033.5484185099845,1057.7619779808433,33627381
6224,2020-09-22,1016.9002075195312,1047.1843390082588,1012.4851794790341,1047.1843390082588,34792254
6225,2020-09-23,1025.9371337890625,1047.0693943343322,1014.2098294765422,1039.3661471418593,42988708
6226,2020-09-24,1003.1263427734375,1023.7296248116402,1000.7578299395919,1015.4055560691428,29826318
6227,2020-09-25,1012.55419921875,1017.6590832270454,996.733802995973,1006.7135379931502,28374935
6228,2020-09-28,1019.2456665039062,1029.2484529856345,1015.0146283843463,1024.189551492653,19666849
6229,2020-09-29,1032.49072265625,1041.2057016713554,1019.2456989601889,1023.2698169818689,25842539
6230,2020-09-30,1027.56982421875,1042.5853469763251,1023.269752003533,1039.3661014218962,24465159
6231,2020-10-01,1023.384765625,1041.1137299598875,1018.210908321742,1041.1137299598875,20783227
6232,2020-10-05,1017.3831176757812,1034.3762441860695,1014.5317909175478,1032.0077921293787,18922799
6233,2020-10-06,1016.5322875976562,1027.3628158164918,1012.531160836682,1023.3847410148749,18412175
6234,2020-10-07,1038.2164306640625,1061.9010714333815,1020.9702810511242,1027.8687165670553,53170865
6235,2020-10-08,1029.8232421875,1043.0453352872962,1021.9360659175334,1038.90620084613,21077808
6236,2020-10-09,1027.1558837890625,1036.1468777124985,1019.6365658608873,1027.8687306507113,18545499
6237,2020-10-12,1028.8115234375,1037.4115466919661,1023.8447080212893,1027.8687651843618,14226473
6238,2020-10-13,1048.8861083984375,1051.2085782336862,1023.6606944907272,1025.8452175004377,23112012
6239,2020-10-14,1052.0133056640625,1059.6015969248315,1043.275214323191,1048.0582220834056,26742011
6240,2020-10-15,1014.7616577148438,1053.1629980661855,1009.4728448979125,1053.1629980661855,20036197
6241,2020-10-16,1000.6428833007812,1026.718968437377,999.1941983880563,1018.6708540847125,21583600
6242,2020-10-19,1000.8267822265625,1024.9713678491967,991.145993335239,1007.1963609293142,31200385
6243,2020-10-20,991.490966796875,1008.5531276349489,989.8123096661433,1002.1145752276924,18482288
6244,2020-10-21,977.09619140625,1008.0932314511589,964.7479437248575,997.0557218658756,34082321
6245,2020-10-22,968.97900390625,980.729360647866,961.6436754279431,978.3838996916511,30802210
6246,2020-10-23,971.7843627929688,981.8790530416254,964.1270979336923,968.5420651627921,23422125
6247,2020-10-26,933.1760864257812,966.679526121706,928.3011745863002,966.679526121706,37324416
6248,2020-10-27,935.6595458984375,947.3178771642434,922.0925853043849,935.8434749962264,36478896
6249,2020-10-28,925.0588989257812,946.3291062699273,923.1963127548269,939.0167084050275,29924017
6250,2020-10-29,932.1642456054688,939.1087243941122,915.6539943793605,918.4133564919455,30655304
6251,2020-10-30,944.857421875,949.7323334673916,929.818785821624,935.1995632353475,34021563
6252,2020-11-02,863.4327392578125,932.2102374942775,855.0166451925887,932.2102374942775,99366895
6253,2020-11-03,850.9925537109375,877.9424849606418,843.9561709090199,869.2044538897093,88691623
6254,2020-11-04,879.8740234375,887.1404390829489,844.829935447876,844.829935447876,80180117
6255,2020-11-05,899.0977172851562,901.8340883139159,888.5200913572733,899.074726148459,37205373
6256,2020-11-06,933.1990356445312,938.1889029471109,909.7443054679644,915.1941171450746,66674086
6257,2020-11-09,943.1098022460938,951.5258963308023,936.3493132852254,948.3526329024045,35838510
6258,2020-11-10,958.6773071289062,961.183766804897,938.7408286975707,955.2050980599338,36934242
6259,2020-11-11,918.5053100585938,963.4832099893808,909.7212971819584,960.7238479097771,56724780
6260,2020-11-12,910.5950927734375,923.6791781108836,903.6966570812214,911.0550371447414,40046527
6261,2020-11-13,918.1373901367188,936.6482349159697,911.3999533079113,911.5149089877052,45388670
6262,2020-11-14,920.850830078125,926.829498987621,917.654575386235,926.6455698879392,5226220
6263,2020-11-17,916.688720703125,958.8842680858894,912.894574974977,958.8842680858894,46542562
6264,2020-11-18,913.9063720703125,922.7824104993479,901.4431689451914,916.6887253440032,30402290
6265,2020-11-19,907.44482421875,924.5989489741617,905.1683367816574,913.906367525353,27796343
6266,2020-11-20,873.573486328125,912.342747020128,871.5039190726598,908.2956378797236,57471248
6267,2020-11-23,897.1201782226562,905.9961559471725,885.8756876491196,897.2581250432714,45327567
6268,2020-11-24,903.259765625,907.8357316217318,888.5200751692222,903.2367744887217,30936268
6269,2020-11-25,895.7864379882812,916.5507795069022,893.2110657631027,910.5951019870631,32637879
6270,2020-11-26,897.9939575195312,903.6966717497683,887.6233126766197,898.2009385722888,25838637
6271,2020-11-27,887.50830078125,899.603585049604,883.6451815766827,892.4291947455022,47336811
6272,2020-12-01,899.0517578125,904.2715974987295,887.6233378907592,892.3602420478736,19750687
6273,2020-12-02,900.54638671875,902.3170083295824,889.8997875636767,900.7073246728658,22188887
6274,2020-12-03,903.259765625,911.1010203812627,900.7762971451564,906.9159645243745,27785372
6275,2020-12-04,895.3035888671875,905.5362871200058,892.1992987679386,905.5362871200058,18464552
6276,2020-12-07,900.5693969726562,903.696678161044,892.47523953709,892.47523953709,18242188
6277,2020-12-08,916.918701171875,926.3465877365395,896.7982330627772,901.9261080377375,43403061
6278,2020-12-09,932.187255859375,935.3375889991554,919.4481589492231,924.369052909527,29175254
6279,2020-12-10,923.0123291015625,932.900099258684,920.252966942697,929.7268358171443,16065507
6280,2020-12-11,922.4605102539062,937.2691748225875,907.9507304710536,925.7717206203113,26944202
6281,2020-12-14,915.7919311523438,926.6914934887071,913.5154437492299,923.4491959040702,17312747
6282,2020-12-15,907.9967651367188,915.0561390602583,901.9030797969265,915.0561390602583,18551265
6283,2020-12-16,909.0084838867188,917.470621172084,904.0186164939477,914.2743057445737,18561011
6284,2020-12-17,913.1705322265625,922.0925529106348,909.2844219411489,912.6646664023,20252358
6285,2020-12-18,915.9069213867188,922.0465889244446,903.6966813681098,910.6411603425789,18466344
6286,2020-12-21,892.061279296875,929.9107728443128,853.2230452191567,924.3920484794959,44135540
6287,2020-12-22,890.681640625,900.8913477429787,868.4916047130437,896.3383727102225,28140001
6288,2020-12-23,893.9699096679688,897.4651098796369,883.3002582918086,887.6003307631306,19501410
6289,2020-12-24,917.1027221679688,919.2412020554608,894.9126860783801,895.418551922809,20776988
6290,2020-12-28,921.3107299804688,928.0712188833561,917.6315399333644,922.8743705447101,17221499
6291,2020-12-29,915.2171020507812,925.4497999099578,911.7678233808459,923.9321416244311,18611939
6292,2020-12-30,917.7235107421875,923.1042882083563,908.5485875212698,917.6085550596533,22043630
6293,2020-12-31,913.0325927734375,925.2658237849854,909.9512938839491,916.803747407193,18781189
6294,2021-01-01,914.0443725585938,918.4133575064199,911.5149218057816,914.2742839214145,10015175
6295,2021-01-04,915.5850219726562,919.2871423220407,905.0763696447189,917.5395726721728,24513534
6296,2021-01-05,904.2025756835938,912.2507505862702,899.5575755011397,905.5362440438009,24123091
6297,2021-01-06,880.35693359375,904.1565303797895,876.1718777887322,904.1105481078027,46401468
6298,2021-01-07,878.9312744140625,894.4987678409818,876.1719122246285,883.2312860680491,32325918
6299,2021-01-08,889.3019409179688,891.4634727773206,879.3681881369157,882.081568118275,27540187
6300,2021-01-11,872.5386962890625,891.6473720293039,870.3541733653831,891.6473720293039,33307825
6301,2021-01-12,900.04052734375,901.3971868646356,873.75740074419,875.1830944975887,41161546
6302,2021-01-13,891.6473999023438,908.2726684617194,882.2885472245928,903.0298376102422,26619458
6303,2021-01-14,901.6731567382812,904.5705265675393,891.7623953507039,894.498766398829,21553242
6304,2021-01-15,891.0265502929688,907.7437828751936,883.0243574434858,901.6731496222676,20593268
6305,2021-01-18,912.4117431640625,918.4134032020886,884.5420445163554,896.3843658073105,35100458
6306,2021-01-19,927.3353881835938,934.0498340435954,917.3326015685158,917.3326015685158,32006615
6307,2021-01-20,944.9494018554688,946.4670601673662,920.4368966754129,929.6348719165438,30924537
6308,2021-01-21,965.5067749023438,974.9806439053049,954.2853361984107,957.5045819569044,39087742
6309,2021-01-22,942.6039428710938,972.8421534864934,935.958409547472,970.8415596545278,30532660
6310,2021-01-25,892.6591796875,935.8664600865435,888.5201059597343,935.8664600865435,54207104
6311,2021-01-27,871.50390625,885.300838614097,868.2846605530153,885.300838614097,42370131
6312,2021-01-28,863.0188598632812,884.5190399476701,860.0065343212968,864.6744650252732,34067814
6313,2021-01-29,847.1064453125,879.828064426366,841.6106511597961,871.1819978836411,43712383
6314,2021-02-01,871.6419067382812,876.1028562397947,849.8887640332064,855.1315946391464,34180952
6315,2021-02-02,885.6687622070312,892.1992790039848,853.0850908090528,880.3569581210144,41470034
6316,2021-02-03,887.8992919921875,897.718028184654,873.8034135668755,886.8185260711194,30301696
6317,2021-02-04,884.9788818359375,892.1992541772169,876.1028435875226,884.8408741968614,25626981
6318,2021-02-05,884.7259521484375,894.3378287602692,883.0013735908732,887.6233219787306,20248046
6319,2021-02-08,897.465087890625,905.5362540182547,887.1634166029531,889.002950799624,21183400
6320,2021-02-09,899.6265869140625,915.0101513286479,897.8560260710052,902.2940453933865,19604141
6321,2021-02-10,907.9736938476562,912.7796321118398,886.358558461834,898.5228769221944,21234156
6322,2021-02-11,945.4093017578125,949.3184641115497,907.0309508771953,910.5951245288678,42539278
6323,2021-02-12,938.9247436523438,955.6649672276488,926.8754417965652,945.3173135870456,30497029
6324,2021-02-15,934.7857055664062,947.9847472173333,931.2905052803761,941.8911226483573,15791099
6325,2021-02-16,947.1569213867188,956.308853584307,935.8894396656668,938.0739625995037,21421660
6326,2021-02-17,958.0794677734375,963.9201288196099,943.0638226412065,947.3868253785272,23742994
6327,2021-02-18,950.9281005859375,969.645866749394,946.9729559015728,958.8843114063209,18646877
6328,2021-02-19,956.7227783203125,968.0592337296107,944.3055569860003,946.0072052658201,23403483
6329,2021-02-22,923.5181884765625,961.1377700717302,917.4706072352109,956.5847951710209,23804335
6330,2021-02-23,930.57763671875,944.121605937911,926.0476528878163,941.8681095908541,25644108
6331,2021-02-24,947.8468017578125,949.801352551396,931.8193636041976,933.5899852986745,10807663
6332,2021-02-25,986.1791381835938,989.6973294952614,953.3654946086485,954.7452060986104,34855693
6333,2021-02-26,959.252197265625,981.373198405256,952.3077183764561,973.6009777757527,37481215
6334,2021-03-01,966.5645141601562,971.3014788991583,948.5365439409729,970.4736155298826,17680764
6335,2021-03-02,968.5420532226562,979.579562394004,960.7698327775582,975.9004332189623,17150760
6336,2021-03-03,1012.7381591796875,1020.92434193139,969.0939871822964,975.4635660240123,31924461
6337,2021-03-04,1000.6658935546875,1007.1504282574747,992.3187726175437,1002.5744620635819,21435754
6338,2021-03-05,1001.9765625,1017.2681624041307,990.1802236627707,991.536944042792,25511666
6339,2021-03-08,1007.6793212890625,1026.443069171857,997.0557130847674,997.2856244518049,19506841
6340,2021-03-09,1007.65625,1018.1189200466699,987.2139062375128,1011.7723324452575,15154484
6341,2021-03-10,1003.47119140625,1018.716808454396,998.0904140118981,1014.9916361588872,11519358
6342,2021-03-12,983.0748291015625,1014.7156808029489,976.7742237954561,1009.4728502304387,16864952
6343,2021-03-15,969.8757934570312,988.2716220111874,956.8146992263174,984.2015826539098,16698099
6344,2021-03-16,966.0586547851562,977.7400375231296,963.7131939476789,972.2212524733782,13873801
6345,2021-03-17,945.2483520507812,967.1624331332048,935.9354210810808,964.8859456542906,19210236
6346,2021-03-18,923.9781494140625,958.7923263975925,920.2529770061453,953.3195234701853,20647480
6347,2021-03-19,957.5045776367188,963.8741565372181,911.8828633518402,915.6540180264462,41787429
6348,2021-03-22,948.4906005859375,953.8253959057877,935.0616477381006,952.4457452132764,18572478
6349,2021-03-23,960.0339965820312,970.2437032287586,945.5472695688583,948.2836405250156,17421165
6350,2021-03-24,941.546142578125,956.4697619959876,938.3728792140666,956.4697619959876,16822814
6351,2021-03-25,915.8609619140625,944.6274974135966,912.8946185988304,944.6274974135966,22001648
6352,2021-03-26,917.3325805664062,926.0936023157717,907.697774002638,925.311782045388,20180202
6353,2021-03-30,933.2680053710938,942.2819905650166,915.9068995828849,923.4721998959112,20441701
6354,2021-03-31,921.2186889648438,942.7418591401606,919.3331117006187,928.0712031198512,16250796
6355,2021-04-01,929.841796875,933.5899604004878,921.2417127894757,928.0712360508576,11723312
6356,2021-04-05,916.3898315429688,931.2904599249573,902.3629879841544,931.2674687887217,14875099
6357,2021-04-06,912.5726928710938,922.0695526951666,905.536249557972,921.6326602844537,14009194
6358,2021-04-07,921.103759765625,941.362235576248,916.7117836168966,919.7930825089263,24266353
6359,2021-04-08,922.2534790039062,929.9107437941692,916.5737560355396,924.8519031472715,15369188
6360,2021-04-09,911.5379028320312,922.7133588114184,910.5950837855872,919.0802119111385,14037885
6361,2021-04-12,878.9312744140625,902.0410772054663,873.9184158700419,900.9373201650701,20901482
6362,2021-04-13,888.4281005859375,892.4752095794281,882.0125396438674,884.8408751359293,19411189
6363,2021-04-15,894.1768188476562,901.8570749282737,879.7820560690876,885.8986715696833,19723716
6364,2021-04-16,888.5661010742188,896.7522840997455,885.9676767853896,890.6356683795651,15656948
6365,2021-04-19,874.585205078125,881.3456940291431,869.2044276103717,875.6429798270873,18478808
6366,2021-04-20,874.3323364257812,882.541449764304,869.4114423209023,878.6323481745312,17203668
6367,2021-04-22,876.7467651367188,880.4489464659788,863.0878399749049,870.2392393005015,14490954
6368,2021-04-23,875.8040161132812,882.4954711182168,871.6649423093376,876.5628452969523,11828857
6369,2021-04-26,891.2105102539062,902.3170543476812,879.0922344650105,883.0013968899902,20846778
6370,2021-04-27,914.5732421875,918.5053347773335,891.394466284198,892.1992777114451,19992524
6371,2021-04-28,918.5513305664062,923.4722245718121,910.6641541340841,918.804293895848,17122437
6372,2021-04-29,930.8535766601562,940.2584720507008,923.1503294833213,930.324658875318,17412606
6373,2021-04-30,917.2636108398438,936.349294955943,914.0673563374663,923.702162939904,19828769
6374,2021-05-03,900.9603271484375,910.1352506864351,893.6249987101227,904.156581818245,23640186
6375,2021-05-04,881.4376831054688,904.9844394067669,878.8623108056004,896.7982564716365,21849830
6376,2021-05-05,883.04736328125,891.5094398282932,877.5055869027818,884.5420304826864,12393609
6377,2021-05-06,888.0601806640625,889.8997756591929,876.8386816053229,883.8521337228129,14624666
6378,2021-05-07,888.4051513671875,899.3966787728954,885.7607448385041,891.1645135813876,12288548
6379,2021-05-10,885.8527221679688,895.3265913690881,883.4382877985976,891.7394265211839,13941237
6380,2021-05-11,889.0490112304688,891.5324189382644,878.4023510444373,880.7018904813373,13478264
6381,2021-05-12,879.8510131835938,888.933971719939,877.0226776746099,887.6462856258615,13177961
6382,2021-05-14,890.9575805664062,893.1190515386843,876.5628176678736,886.7034903859444,13291616
6383,2021-05-17,901.5581665039062,902.983799403928,887.7842255974671,890.9575497705476,11873078
6384,2021-05-18,914.2512817382812,920.9887794035361,907.1458650738468,911.055027248797,12064918
6385,2021-05-19,918.4363403320312,927.358360883431,906.9159564655967,910.5950856454452,16317002
6386,2021-05-20,913.0785522460938,924.8059171364534,911.0550281601371,918.8272485995816,11422532
6387,2021-05-21,920.9658203125,924.2080571868063,913.354537568026,916.1138997463296,10785605
6388,2021-05-24,913.1935424804688,924.3000862952401,911.5149461945163,923.472222897599,8551760
6389,2021-05-25,902.8458862304688,918.4133796157881,901.3972013173752,918.137425150648,14780102
6390,2021-05-26,906.0191650390625,910.3652198519287,903.8347028871314,908.2956525630074,7480204
6391,2021-05-27,908.8015747070312,916.5737955126472,902.4319957344953,906.1341770404197,26819294
6392,2021-05-28,963.3912963867188,968.0822182523984,915.1941482850572,915.1941482850572,56469931
6393,2021-05-31,993.5144653320312,1007.955210395318,958.9072698452864,966.7024816150505,59124142
6394,2021-06-01,997.4696044921875,1012.692169763863,987.1678723037467,996.1358752841239,28013832
6395,2021-06-02,1012.3472290039062,1016.1413747052782,991.9967890335982,991.9967890335982,24630162
6396,2021-06-03,1016.2103881835938,1034.7672161477476,1009.9788168624007,1021.4301670034882,23974257
6397,2021-06-04,1007.4033813476562,1019.3376669854417,1004.5290026333485,1018.5788378170532,14468646
6398,2021-06-07,1024.37353515625,1031.0880421075688,1004.8739486202244,1012.6922126384632,16336573
6399,2021-06-08,1018.4868774414062,1024.2585652075884,1010.9215768635634,1024.0056626991652,9674735
6400,2021-06-09,1000.2749633789062,1021.430154514236,992.4337084417253,1020.5103873956574,11409161
6401,2021-06-10,1003.9541625976562,1025.569298311273,1001.4477029009892,1008.7370489745911,14155653
6402,2021-06-11,1021.3683471679688,1028.2216796875,1006.1157836914062,1007.4080200195312,13762778
6403,2021-06-14,1036.02099609375,1042.1820068359375,1013.0151977539062,1022.22216796875,20332436
6404,2021-06-15,1038.3746337890625,1049.865966796875,1033.8980712890625,1043.451171875,15174215
6405,2021-06-16,1020.6530151367188,1037.01318359375,1017.9993896484375,1036.02099609375,10797349
6406,2021-06-17,1022.5220947265625,1031.4521484375,1006.0234985351562,1015.2996215820312,15745975
6407,2021-06-18,1027.1370849609375,1031.4521484375,1008.0771484375,1027.06787109375,29369026
6408,2021-06-21,1032.490478515625,1037.2208251953125,1015.368896484375,1016.9149169921875,12186448
6409,2021-06-22,1027.1832275390625,1043.451171875,1024.2296142578125,1040.2205810546875,12871913
6410,2021-06-23,1017.7686767578125,1038.6514892578125,1016.0841674804688,1038.3746337890625,16653951
6411,2021-06-24,993.8399047851562,1022.0375366210938,987.6096801757812,1018.4609375,91461975
6412,2021-06-25,971.2033081054688,993.8399047851562,960.4273071289062,993.8399047851562,55355022
6413,2021-06-28,962.6886596679688,981.37939453125,960.3811645507812,979.3026733398438,20277042
6414,2021-06-29,963.5193481445312,973.3031616210938,961.8118286132812,964.3038940429688,27144063
6415,2021-06-30,974.0646362304688,979.6026000976562,965.0192260742188,967.4190063476562,19762858
6416,2021-07-01,968.20361328125,979.8333740234375,966.8421630859375,977.4566650390625,12534407
6417,2021-07-02,982.5562133789062,984.3330078125,965.8960571289062,967.76513671875,14086620
6418,2021-07-05,992.3169555664062,993.8629760742188,983.6868896484375,985.9713134765625,11702287
6419,2021-07-06,980.5948486328125,991.7169799804688,978.4719848632812,989.8941040039062,10070124
6420,2021-07-07,973.7877197265625,981.956298828125,968.2266845703125,981.956298828125,10454892
6421,2021-07-08,965.7345581054688,976.9721069335938,960.3811645507812,976.9721069335938,11185460
6422,2021-07-09,955.8584594726562,965.3192138671875,953.5048217773438,963.6116333007812,9037675
6423,2021-07-12,961.8118286132812,969.8419189453125,957.3814086914062,959.8042602539062,8585292
6424,2021-07-13,969.01123046875,970.5572509765625,963.6347045898438,969.149658203125,6717133
6425,2021-07-14,962.6886596679688,972.3109130859375,960.4965209960938,969.3111572265625,8532544
6426,2021-07-15,961.0042114257812,966.8421630859375,959.2274169921875,966.8421630859375,9448356
6427,2021-07-16,974.8722534179688,975.956787109375,963.4270629882812,963.4962768554688,8828185
6428,2021-07-19,968.6651000976562,980.2256469726562,965.5730590820312,969.149658203125,8354449
6429,2021-07-20,966.288330078125,972.8416748046875,961.7656860351562,968.9188842773438,6741464
6430,2021-07-22,978.7026977539062,980.1795043945312,968.2958984375,977.9181518554688,7972397
6431,2021-07-23,971.7802124023438,985.04833984375,970.095703125,985.04833984375,9937030
6432,2021-07-26,958.4659423828125,978.8411254882812,955.8123168945312,972.8416748046875,12389668
6433,2021-07-27,948.3821411132812,961.627197265625,942.3826904296875,958.44287109375,10824523
6434,2021-07-28,940.2366943359375,949.7666625976562,930.4990234375,949.7666625976562,12897848
6435,2021-07-29,947.5745239257812,957.3352661132812,943.0287475585938,947.920654296875,13765738
6436,2021-07-30,939.2906494140625,954.3585815429688,937.352294921875,949.7666625976562,11350608
6437,2021-08-02,956.4584350585938,959.6427612304688,941.9904174804688,948.0591430664062,10925104
6438,2021-08-03,963.4962768554688,964.9961547851562,952.6279907226562,964.53466796875,11817299
6439,2021-08-04,970.8803100585938,975.6106567382812,963.150146484375,966.5652465820312,13169800
6440,2021-08-05,984.9560546875,994.4398193359375,971.1110229492188,975.7490844726562,21252078
6441,2021-08-06,964.0962524414062,990.8170776367188,959.3427734375,982.9715576171875,16620987
6442,2021-08-09,958.6043701171875,964.4423828125,953.6893920898438,960.3811645507812,7494143
6443,2021-08-10,963.6347045898438,975.149169921875,957.0352783203125,960.8426513671875,11919198
6444,2021-08-11,977.1336059570312,978.379638671875,961.48876953125,967.7420654296875,9184963
6445,2021-08-12,973.9954223632812,981.240966796875,971.4571533203125,980.6409912109375,8137612
6446,2021-08-13,990.2171020507812,992.1785278320312,973.2800903320312,977.1336059570312,12780901
6447,2021-08-16,1003.0698852539062,1016.6841430664062,982.140869140625,991.9246826171875,21935444
6448,2021-08-17,998.801025390625,1008.4694213867188,991.232421875,1000.9239501953125,12658169
6449,2021-08-18,1002.6776123046875,1009.2078247070312,993.424560546875,1003.3006591796875,10075860
6450,2021-08-20,991.4170532226562,1002.3776245117188,986.2251586914062,988.994140625,9426282
6451,2021-08-23,997.9241943359375,1003.3006591796875,984.0560913085938,1003.3006591796875,9854395
6452,2021-08-24,1007.7772216796875,1011.607666015625,994.8090209960938,999.1702270507812,11864472
6453,2021-08-25,1016.49951171875,1024.5296630859375,1006.1157836914062,1008.561767578125,13380559
6454,2021-08-26,1029.352294921875,1036.02099609375,1017.6071166992188,1018.9916381835938,18589616
6455,2021-08-27,1027.9447021484375,1035.02880859375,1022.7067260742188,1032.3751220703125,10480636
6456,2021-08-30,1047.719970703125,1050.304443359375,1032.2828369140625,1038.3746337890625,14027062
6457,2021-08-31,1042.1358642578125,1053.9501953125,1034.7979736328125,1050.7889404296875,26485463
6458,2021-09-01,1046.2662353515625,1058.1729736328125,1044.3741455078125,1048.9891357421875,11145486
6459,2021-09-02,1058.865234375,1065.04931640625,1040.68212890625,1040.68212890625,9956770
6460,2021-09-03,1102.2923583984375,1105.2921142578125,1062.6033935546875,1066.0645751953125,30664428
6461,2021-09-06,1119.4140625,1144.5196533203125,1113.1375732421875,1113.59912109375,33641710
6462,2021-09-07,1126.4749755859375,1134.3665771484375,1113.1375732421875,1121.444580078125,17349882
6463,2021-09-08,1122.067626953125,1132.5206298828125,1110.6685791015625,1131.59765625,14301651
6464,2021-09-09,1119.4140625,1125.0673828125,1115.02978515625,1120.4754638671875,8963249
6465,2021-09-13,1094.469970703125,1122.8291015625,1092.854736328125,1122.8291015625,16311160
6466,2021-09-14,1093.039306640625,1104.83056640625,1091.9085693359375,1096.0621337890625,8908356
6467,2021-09-15,1097.5850830078125,1105.63818359375,1093.0623779296875,1093.0623779296875,9071075
6468,2021-09-16,1120.6138916015625,1124.5596923828125,1092.3701171875,1099.0849609375,13448882
6469,2021-09-17,1103.2384033203125,1133.3743896484375,1096.3389892578125,1128.82861328125,34882133
6470,2021-09-20,1104.9921875,1116.068115234375,1093.754638671875,1094.7237548828125,11779819
6471,2021-09-21,1109.7686767578125,1115.260498046875,1100.215576171875,1109.9071044921875,9915736
6472,2021-09-22,1121.6754150390625,1126.9825439453125,1106.7919921875,1111.2916259765625,10995912
6473,2021-09-23,1149.0885009765625,1152.3651123046875,1128.597900390625,1129.4747314453125,15748397
6474,2021-09-24,1145.765625,1156.2647705078125,1140.82763671875,1155.387939453125,15192163
6475,2021-09-27,1165.033203125,1167.5484619140625,1142.3505859375,1147.7501220703125,15373834
6476,2021-09-28,1175.9246826171875,1183.700927734375,1159.65673828125,1169.4405517578125,18035258
6477,2021-09-29,1166.6024169921875,1186.0545654296875,1163.002685546875,1186.0545654296875,9719875
6478,2021-09-30,1162.6334228515625,1169.717529296875,1153.9111328125,1165.287109375,13590654
6479,2021-10-01,1164.6871337890625,1172.1173095703125,1151.442138671875,1154.6495361328125,8958928
6480,2021-10-04,1179.662841796875,1188.2928466796875,1170.84814453125,1178.2091064453125,10918552
6481,2021-10-05,1204.1453857421875,1205.4376220703125,1175.6015625,1179.17822265625,13533634
6482,2021-10-06,1181.370361328125,1209.1064453125,1177.332275390625,1209.1064453125,10258881
6483,2021-10-07,1187.1622314453125,1199.32275390625,1184.9931640625,1197.592041015625,6336665
6484,2021-10-08,1232.781494140625,1238.8502197265625,1191.36181640625,1193.0924072265625,15772493
6485,2021-10-11,1224.197509765625,1255.279541015625,1220.82861328125,1246.6956787109375,14768666
6486,2021-10-12,1231.189208984375,1238.2041015625,1218.9364013671875,1220.6671142578125,6682011
6487,2021-10-13,1243.718994140625,1255.048828125,1231.8814697265625,1236.3580322265625,9959762
6488,2021-10-14,1246.234130859375,1254.102783203125,1240.142333984375,1246.2110595703125,8623469
6489,2021-10-18,1249.5570068359375,1266.8170166015625,1228.6510009765625,1231.5584716796875,13594479
6490,2021-10-19,1260.748291015625,1269.74755859375,1249.7415771484375,1257.033203125,8833409
6491,2021-10-20,1246.234130859375,1265.7786865234375,1242.1268310546875,1265.7786865234375,12710570
6492,2021-10-21,1210.2833251953125,1258.9715576171875,1201.3763427734375,1258.6947021484375,20831669
6493,2021-10-22,1212.544677734375,1229.8509521484375,1205.206787109375,1209.1295166015625,11027475
6494,2021-10-25,1200.730224609375,1236.819580078125,1186.0545654296875,1236.819580078125,17198417
6495,2021-10-26,1228.0740966796875,1231.6968994140625,1201.353271484375,1207.791259765625,9750178
6496,2021-10-27,1212.544677734375,1235.3427734375,1209.1064453125,1223.8975830078125,9896298
6497,2021-10-28,1199.25341796875,1217.4134521484375,1195.515380859375,1209.1295166015625,9886181
6498,2021-10-29,1170.47900390625,1198.122802734375,1154.5341796875,1198.122802734375,14233025
6499,2021-11-01,1171.1943359375,1179.5936279296875,1151.0267333984375,1170.47900390625,15481114
6500,2021-11-02,1154.1187744140625,1175.901611328125,1151.5574951171875,1174.51708984375,10569130
6501,2021-11-03,1146.1810302734375,1162.9796142578125,1135.7510986328125,1156.5416259765625,11989430
6502,2021-11-04,1153.2188720703125,1156.010986328125,1149.1346435546875,1150.4959716796875,1705656
6503,2021-11-08,1154.6495361328125,1162.9796142578125,1133.628173828125,1162.70263671875,20337183
6504,2021-11-09,1163.76416015625,1167.0869140625,1147.773193359375,1156.05712890625,15682497
6505,2021-11-10,1176.7784423828125,1180.5166015625,1155.43408203125,1161.4566650390625,10253470
6506,2021-11-11,1178.9244384765625,1186.2852783203125,1170.1558837890625,1172.232666015625,10722478
6507,2021-11-12,1196.7152099609375,1199.32275390625,1180.0550537109375,1182.7779541015625,8712341
6508,2021-11-15,1189.654296875,1200.9149169921875,1186.0545654296875,1199.8995361328125,4803269
6509,2021-11-16,1162.010498046875,1188.362060546875,1151.442138671875,1187.0006103515625,11337581
6510,2021-11-17,1137.1356201171875,1153.2650146484375,1135.7510986328125,1153.2650146484375,10202029
6511,2021-11-18,1141.427490234375,1148.673095703125,1130.6976318359375,1135.28955078125,8505625
6512,2021-11-22,1090.8702392578125,1130.213134765625,1084.986083984375,1124.259765625,24124307
6513,2021-11-23,1101.0693359375,1108.176513671875,1065.6031494140625,1076.7021484375,25326999
6514,2021-11-24,1085.1707763671875,1112.16845703125,1081.5479736328125,1098.36962890625,16820296
6515,2021-11-25,1150.4959716796875,1154.672607421875,1087.8243408203125,1095.13916015625,42401936
6516,2021-11-26,1113.41455078125,1143.4119873046875,1108.2918701171875,1138.8892822265625,15763138
6517,2021-11-29,1126.7518310546875,1153.7496337890625,1107.1842041015625,1125.644287109375,24325354
6518,2021-11-30,1110.0916748046875,1142.62744140625,1102.453857421875,1138.9815673828125,32172299
6519,2021-12-01,1138.5201416015625,1141.7506103515625,1119.1832275390625,1122.8291015625,10104610
6520,2021-12-02,1145.8348388671875,1151.995849609375,1136.0279541015625,1139.76611328125,12720411
6521,2021-12-03,1111.406982421875,1153.057373046875,1107.599609375,1153.01123046875,19222481
6522,2021-12-06,1090.3394775390625,1119.1370849609375,1087.8243408203125,1114.983642578125,10332254
6523,2021-12-07,1099.223388671875,1109.445556640625,1089.1396484375,1096.5928955078125,11235122
6524,2021-12-08,1115.9527587890625,1122.2752685546875,1110.507080078125,1118.7218017578125,8744178
6525,2021-12-09,1133.6512451171875,1142.1658935546875,1119.1370849609375,1123.7520751953125,13213547
6526,2021-12-10,1134.8050537109375,1138.05859375,1121.6060791015625,1126.1749267578125,8364414
6527,2021-12-13,1112.0531005859375,1141.7967529296875,1109.445556640625,1141.5198974609375,12901733
6528,2021-12-14,1098.4388427734375,1110.36865234375,1095.32373046875,1098.36962890625,12991523
6529,2021-12-15,1095.2314453125,1109.9071044921875,1089.647216796875,1100.215576171875,9366969
6530,2021-12-16,1109.3994140625,1114.7528076171875,1093.131591796875,1110.2301025390625,9761279
6531,2021-12-17,1080.1173095703125,1111.2916259765625,1070.6795654296875,1106.69970703125,21049821
6532,2021-12-20,1050.9967041015625,1069.6873779296875,1037.0362548828125,1069.6873779296875,14325846
6533,2021-12-21,1066.6414794921875,1082.6785888671875,1057.8499755859375,1066.6876220703125,12836561
6534,2021-12-22,1091.9547119140625,1094.6314697265625,1071.6026611328125,1072.94091796875,17658543
6535,2021-12-23,1091.5625,1098.36962890625,1088.23974609375,1095.6005859375,9072401
6536,2021-12-24,1095.046875,1103.9075927734375,1078.7789306640625,1093.754638671875,7886494
6537,2021-12-27,1093.8699951171875,1097.4466552734375,1083.6478271484375,1089.85498046875,4017223
6538,2021-12-28,1106.8612060546875,1109.837890625,1095.1622314453125,1096.3389892578125,6374613
6539,2021-12-29,1108.75341796875,1116.3681640625,1099.3387451171875,1103.4461669921875,15425312
6540,2021-12-30,1088.7242431640625,1109.884033203125,1082.4940185546875,1107.599609375,29333171
6541,2021-12-31,1092.90087890625,1100.16943359375,1089.1396484375,1095.13916015625,9477290
6542,2022-01-03,1109.3763427734375,1111.2685546875,1090.7779541015625,1091.4471435546875,5421611
6543,2022-01-04,1134.4127197265625,1135.7510986328125,1109.445556640625,1114.9375,10847728
6544,2022-01-05,1139.719970703125,1143.1351318359375,1122.8060302734375,1136.212646484375,11643813
6545,2022-01-06,1115.21435546875,1132.5206298828125,1111.7530517578125,1131.2283935546875,14447422
6546,2022-01-07,1124.213623046875,1134.3896484375,1112.929931640625,1121.883056640625,13112115
6547,2022-01-10,1125.1365966796875,1133.9051513671875,1115.0067138671875,1131.59765625,9246731
6548,2022-01-11,1133.2359619140625,1142.18896484375,1123.7520751953125,1124.213623046875,16205164
6549,2022-01-12,1163.4871826171875,1165.2640380859375,1137.5970458984375,1140.5045166015625,14800442
6550,2022-01-13,1170.04052734375,1172.671142578125,1157.626220703125,1163.5565185546875,11856712
6551,2022-01-14,1171.748046875,1184.8084716796875,1165.6793212890625,1169.902099609375,19930176
6552,2022-01-17,1177.8629150390625,1183.7470703125,1170.8250732421875,1171.28662109375,8036453
6553,2022-01-18,1163.810302734375,1182.5240478515625,1161.0181884765625,1179.0167236328125,6215029
6554,2022-01-19,1163.718017578125,1173.132568359375,1157.903076171875,1167.5946044921875,9755485
6555,2022-01-20,1143.3427734375,1158.341552734375,1132.9820556640625,1153.772705078125,16494486
6556,2022-01-21,1143.52734375,1154.7879638671875,1131.59765625,1131.59765625,13338594
6557,2022-01-24,1097.4005126953125,1155.9417724609375,1086.8782958984375,1142.2120361328125,21868937
6558,2022-01-25,1095.2545166015625,1102.361572265625,1063.757080078125,1084.31689453125,24510205
6559,2022-01-27,1079.03271484375,1087.3397216796875,1066.5491943359375,1078.0635986328125,20020431
6560,2022-01-28,1077.994384765625,1096.4774169921875,1074.5562744140625,1091.4471435546875,14667727
6561,2022-01-31,1101.41552734375,1110.55322265625,1087.3858642578125,1089.23193359375,12143683
6562,2022-02-01,1097.7696533203125,1117.1064453125,1083.186279296875,1111.2916259765625,13200509
6563,2022-02-02,1100.0079345703125,1110.830078125,1096.1082763671875,1110.830078125,10017691
6564,2022-02-03,1085.793701171875,1108.268798828125,1083.232421875,1103.9075927734375,9572839
6565,2022-02-04,1075.89453125,1083.809326171875,1071.187255859375,1080.37109375,11061241
6566,2022-02-07,1069.34130859375,1087.662841796875,1063.757080078125,1080.8326416015625,10714467
6567,2022-02-08,1087.316650390625,1089.1396484375,1066.0645751953125,1075.5946044921875,12060849
6568,2022-02-09,1099.98486328125,1101.6923828125,1088.2166748046875,1094.2852783203125,11486225
6569,2022-02-10,1098.854248046875,1105.6151123046875,1091.4932861328125,1105.6151123046875,12464491
6570,2022-02-11,1096.708251953125,1100.4464111328125,1081.8017578125,1095.2545166015625,15943370
6571,2022-02-14,1079.240478515625,1086.80908203125,1067.4490966796875,1080.0250244140625,10719633
6572,2022-02-15,1115.883544921875,1118.6295166015625,1077.9251708984375,1085.078369140625,11212671
6573,2022-02-16,1113.5760498046875,1122.8291015625,1105.7305908203125,1121.444580078125,10392840
6574,2022-02-17,1127.6748046875,1132.9359130859375,1112.214599609375,1116.875732421875,12853252
6575,2022-02-18,1118.8602294921875,1133.628173828125,1116.8988037109375,1128.0902099609375,6775458
6576,2022-02-21,1107.553466796875,1124.9058837890625,1100.4925537109375,1113.1375732421875,11107193
6577,2022-02-22,1102.5230712890625,1105.70751953125,1083.2093505859375,1085.8629150390625,13494914
6578,2022-02-23,1095.6236572265625,1110.6224365234375,1092.8316650390625,1108.1072998046875,7310110
6579,2022-02-24,1041.0281982421875,1079.863525390625,1035.3287353515625,1063.757080078125,24846650
6580,2022-02-25,1054.0426025390625,1065.1185302734375,1050.489013671875,1052.2657470703125,14570089
6581,2022-02-28,1088.931884765625,1092.5316162109375,1035.1441650390625,1035.1441650390625,21297446
6582,2022-03-02,1106.930419921875,1108.0611572265625,1074.9254150390625,1077.3482666015625,21471786
6583,2022-03-03,1097.5850830078125,1114.452880859375,1093.7777099609375,1107.599609375,10186748
6584,2022-03-04,1073.240966796875,1091.1240234375,1070.8411865234375,1085.9090576171875,10805667
6585,2022-03-07,1033.552001953125,1067.0338134765625,1025.45263671875,1051.61962890625,17983310
6586,2022-03-08,1031.682861328125,1036.5286865234375,1006.0696411132812,1020.6068725585938,21289374
6587,2022-03-09,1086.416748046875,1092.3701171875,1031.059814453125,1031.9136962890625,20414228
6588,2022-03-10,1104.02294921875,1109.9071044921875,1089.1396484375,1107.599609375,17980493
6589,2022-03-11,1107.207275390625,1112.6761474609375,1096.546630859375,1096.546630859375,12257423
6590,2022-03-14,1116.298828125,1118.8602294921875,1095.6005859375,1101.553955078125,8340678
6591,2022-03-15,1090.7318115234375,1120.49853515625,1080.3018798828125,1120.49853515625,15925769
6592,2022-03-16,1109.1456298828125,1111.2454833984375,1097.03125,1099.2926025390625,11149828
6593,2022-03-17,1145.30419921875,1152.5496826171875,1114.5682373046875,1122.7137451171875,21422098
6594,2022-03-21,1138.7047119140625,1146.3656005859375,1125.59814453125,1127.9056396484375,11999466
6595,2022-03-22,1168.1253662109375,1169.8790283203125,1132.3360595703125,1135.335693359375,22557065
6596,2022-03-23,1171.84033203125,1183.6778564453125,1164.3641357421875,1164.3641357421875,15462187
6597,2022-03-24,1190.0465087890625,1192.5848388671875,1158.3646240234375,1158.3646240234375,13168266
6598,2022-03-25,1197.984375,1207.2835693359375,1189.2850341796875,1191.8233642578125,14222488
6599,2022-03-28,1210.029541015625,1213.629150390625,1193.6693115234375,1204.5145263671875,9891424
6600,2022-03-29,1210.306396484375,1217.4365234375,1203.314697265625,1217.4365234375,8684065
6601,2022-03-30,1233.5660400390625,1240.5115966796875,1207.791259765625,1218.3134765625,15811550
6602,2022-03-31,1215.9366455078125,1232.066162109375,1213.0985107421875,1229.8740234375,13223718
6603,2022-04-01,1225.67431640625,1229.96630859375,1210.0526123046875,1216.5135498046875,7922880
6604,2022-04-04,1229.297119140625,1234.5120849609375,1219.12109375,1225.48974609375,7929162
6605,2022-04-05,1211.921630859375,1232.158447265625,1209.45263671875,1223.482177734375,13149870
6606,2022-04-06,1208.691162109375,1215.8212890625,1193.9462890625,1193.9462890625,12257215
6607,2022-04-07,1187.369873046875,1202.6685791015625,1184.6700439453125,1197.63818359375,15496499
6608,2022-04-08,1207.1220703125,1211.4371337890625,1181.4395751953125,1181.4395751953125,15152495
6609,2022-04-11,1204.60693359375,1217.6904296875,1192.0540771484375,1199.8995361328125,9254209
6610,2022-04-12,1181.9241943359375,1201.0994873046875,1179.316650390625,1193.9000244140625,13217742
6611,2022-04-13,1177.5860595703125,1196.4844970703125,1174.747802734375,1188.13134765625,10354235
6612,2022-04-18,1173.986328125,1181.3472900390625,1163.810302734375,1168.9791259765625,9974224
6613,2022-04-19,1218.728759765625,1231.2816162109375,1177.3092041015625,1180.5166015625,26141820
6614,2022-04-20,1254.564208984375,1261.7406005859375,1222.5592041015625,1226.251220703125,25072240
6615,2022-04-21,1283.938720703125,1287.123046875,1260.8175048828125,1269.5399169921875,21708633
6616,2022-04-22,1273.185791015625,1293.12255859375,1266.4478759765625,1273.23193359375,15054154
6617,2022-04-25,1243.7420654296875,1273.0010986328125,1229.2740478515625,1265.6171875,17063215
6618,2022-04-26,1280.9620361328125,1289.89208984375,1249.6031494140625,1250.66455078125,12227666
6619,2022-04-27,1282.2081298828125,1305.12158203125,1271.455078125,1271.8243408203125,19338945
6620,2022-04-28,1301.3603515625,1315.736083984375,1285.78466796875,1296.79150390625,25614076
6621,2022-04-29,1287.699951171875,1318.11279296875,1281.7235107421875,1318.11279296875,18214862
6622,2022-05-02,1283.17724609375,1294.73779296875,1272.839599609375,1274.66259765625,9467006
6623,2022-05-04,1243.1190185546875,1287.5845947265625,1235.112060546875,1285.277099609375,19247660
6624,2022-05-05,1218.77490234375,1259.89453125,1214.6676025390625,1256.894775390625,17210669
6625,2022-05-06,1209.4295654296875,1227.1280517578125,1196.9228515625,1205.5299072265625,19649948
6626,2022-05-09,1162.195068359375,1198.561279296875,1156.9801025390625,1188.3389892578125,18083752
6627,2022-05-10,1142.050537109375,1166.0255126953125,1134.3665771484375,1151.442138671875,19511677
6628,2022-05-11,1130.3515625,1146.8040771484375,1117.7294921875,1141.1275634765625,16643899
6629,2022-05-12,1107.32275390625,1123.682861328125,1093.754638671875,1120.2908935546875,20490321
6630,2022-05-13,1119.87548828125,1143.5965576171875,1114.68359375,1119.5986328125,19308778
6631,2022-05-16,1120.1524658203125,1144.9810791015625,1115.2835693359375,1123.498291015625,13437911
6632,2022-05-17,1167.2022705078125,1172.1634521484375,1122.3675537109375,1123.7982177734375,16551828
6633,2022-05-18,1171.4481201171875,1186.0545654296875,1157.5570068359375,1172.048095703125,17276788
6634,2022-05-19,1144.4503173828125,1159.518310546875,1138.0816650390625,1146.3656005859375,14699118
6635,2022-05-20,1211.1832275390625,1220.39013671875,1154.672607421875,1159.518310546875,21793091
6636,2022-05-23,1203.083984375,1224.6129150390625,1196.6690673828125,1214.436767578125,15252755
6637,2022-05-24,1207.21435546875,1217.4365234375,1198.838134765625,1203.130126953125,13527818
6638,2022-05-25,1205.4376220703125,1226.066650390625,1200.591796875,1216.0521240234375,12714544
6639,2022-05-26,1193.9462890625,1216.0059814453125,1175.901611328125,1211.16015625,17882023
6640,2022-05-27,1188.408203125,1202.2762451171875,1172.2557373046875,1196.692138671875,16521973
6641,2022-05-30,1229.8048095703125,1234.050537109375,1197.222900390625,1206.822021484375,13853398
6642,2022-05-31,1214.967529296875,1236.2657470703125,1207.1451416015625,1219.005615234375,70620653
6643,2022-06-01,1215.35986328125,1225.3743896484375,1207.3758544921875,1215.72900390625,9776989
6644,2022-06-02,1257.2640380859375,1261.0252685546875,1215.590576171875,1215.590576171875,22126569
6645,2022-06-03,1282.73876953125,1300.20654296875,1265.4324951171875,1266.3555908203125,23939791
6646,2022-06-06,1277.223876953125,1298.6605224609375,1269.9552001953125,1282.9696044921875,11093152
6647,2022-06-07,1279.6236572265625,1288.0921630859375,1270.0706787109375,1278.308349609375,12358255
6648,2022-06-08,1257.148681640625,1283.4310302734375,1253.572021484375,1279.6236572265625,12479250
6649,2022-06-09,1291.6226806640625,1293.583984375,1250.66455078125,1250.66455078125,17278305
6650,2022-06-10,1252.6259765625,1287.5384521484375,1246.7418212890625,1279.2314453125,18093057
6651,2022-06-13,1228.9278564453125,1233.4967041015625,1207.4219970703125,1222.974609375,17620803
6652,2022-06-14,1212.86767578125,1233.058349609375,1206.106689453125,1222.9976806640625,14714312
6653,2022-06-15,1198.1920166015625,1217.113525390625,1192.7001953125,1207.9989013671875,11195535
6654,2022-06-16,1181.4395751953125,1227.151123046875,1178.6705322265625,1210.5140380859375,17111475
6655,2022-06-17,1195.2845458984375,1211.3677978515625,1179.6397705078125,1181.4395751953125,24457187
6656,2022-06-20,1173.6171875,1207.791259765625,1163.4871826171875,1202.20703125,12066797
6657,2022-06-21,1192.561767578125,1196.8536376953125,1166.81005859375,1181.4395751953125,11720049
6658,2022-06-22,1156.333984375,1180.655029296875,1154.2110595703125,1180.562744140625,10617206
6659,2022-06-23,1137.573974609375,1165.287109375,1128.3670654296875,1160.6951904296875,19446323
6660,2022-06-24,1153.772705078125,1158.8260498046875,1138.9815673828125,1144.5196533203125,14240234
6661,2022-06-27,1150.3575439453125,1174.4940185546875,1145.23486328125,1174.4940185546875,15474529
6662,2022-06-28,1166.5330810546875,1169.41748046875,1145.48876953125,1145.48876953125,13572847
6663,2022-06-29,1190.73876953125,1198.51513671875,1154.2110595703125,1157.0723876953125,19205146
6664,2022-06-30,1197.89208984375,1207.2374267578125,1184.2086181640625,1190.6695556640625,23112959
6665,2022-07-01,1111.6146240234375,1196.20751953125,1091.4471435546875,1188.31591796875,81997149
6666,2022-07-04,1113.922119140625,1126.9825439453125,1091.9547119140625,1097.885009765625,41857728
6667,2022-07-05,1122.9444580078125,1137.5509033203125,1115.4912109375,1118.214111328125,17647327
6668,2022-07-06,1113.068359375,1126.95947265625,1102.0616455078125,1116.875732421875,23943726
6669,2022-07-07,1102.1077880859375,1122.9444580078125,1096.0621337890625,1119.552490234375,23301033
6670,2022-07-08,1103.6307373046875,1115.9066162109375,1099.54638671875,1115.9066162109375,19010108
6671,2022-07-11,1118.6295166015625,1120.8907470703125,1093.754638671875,1096.75439453125,13847467
6672,2022-07-12,1117.0372314453125,1125.921142578125,1109.445556640625,1109.445556640625,10778989
6673,2022-07-13,1097.2388916015625,1123.2906494140625,1095.13916015625,1120.1986083984375,14224132
6674,2022-07-14,1106.2843017578125,1123.267578125,1096.9620361328125,1102.0616455078125,16970315
6675,2022-07-15,1108.4302978515625,1114.5220947265625,1099.80029296875,1114.5220947265625,9603210
6676,2022-07-18,1117.8680419921875,1119.1370849609375,1104.0460205078125,1117.2911376953125,15160908
6677,2022-07-19,1124.7213134765625,1129.2901611328125,1107.738037109375,1107.738037109375,16439888
6678,2022-07-20,1155.134033203125,1173.36328125,1147.4039306640625,1172.2095947265625,23924246
6679,2022-07-21,1147.427001953125,1153.7496337890625,1138.6585693359375,1150.9805908203125,16523230
6680,2022-07-22,1155.1802978515625,1161.2720947265625,1151.442138671875,1153.7496337890625,10969995
6681,2022-07-25,1117.01416015625,1138.727783203125,1108.984130859375,1138.727783203125,23110452
6682,2022-07-26,1117.5218505859375,1127.8594970703125,1112.837646484375,1117.3372802734375,11303288
6683,2022-07-27,1116.46044921875,1120.06005859375,1108.5225830078125,1116.8065185546875,8655086
6684,2022-07-28,1133.9512939453125,1138.95849609375,1117.2911376953125,1124.213623046875,12496073
6685,2022-07-29,1158.1107177734375,1161.6412353515625,1137.1356201171875,1142.0736083984375,15130683
6686,2022-08-01,1188.2928466796875,1194.2462158203125,1157.2569580078125,1162.5872802734375,15700044
6687,2022-08-02,1192.8155517578125,1203.499267578125,1182.1549072265625,1187.2083740234375,13917913
6688,2022-08-03,1202.830078125,1204.5145263671875,1184.8778076171875,1199.8995361328125,14250977
6689,2022-08-04,1186.931396484375,1208.0911865234375,1169.902099609375,1204.5145263671875,14467127
6690,2022-08-05,1169.4405517578125,1190.11572265625,1166.18701171875,1188.8236083984375,13942438
6691,2022-08-08,1184.7392578125,1192.307861328125,1168.0560302734375,1168.0560302734375,10165178
6692,2022-08-10,1191.8233642578125,1195.2384033203125,1180.078125,1189.2388916015625,10724688
6693,2022-08-11,1195.792236328125,1204.4683837890625,1190.7618408203125,1201.3302001953125,8198226
6694,2022-08-12,1215.1290283203125,1218.9825439453125,1191.6849365234375,1195.4229736328125,12650587
6695,2022-08-16,1223.574462890625,1226.343505859375,1212.49853515625,1221.2208251953125,6607378
6696,2022-08-17,1229.96630859375,1235.388916015625,1225.535888671875,1229.8970947265625,6595965
6697,2022-08-18,1228.1895751953125,1231.7430419921875,1218.451904296875,1227.589599609375,7410035
6698,2022-08-19,1206.2913818359375,1228.3741455078125,1202.1839599609375,1222.974609375,9460724
6699,2022-08-22,1202.9454345703125,1214.344482421875,1193.4385986328125,1207.7451171875,9471680
6700,2022-08-23,1221.497802734375,1224.451416015625,1195.9075927734375,1197.130615234375,9678484
6701,2022-08-24,1218.244140625,1232.20458984375,1216.213623046875,1218.40576171875,10369622
6702,2022-08-25,1214.690673828125,1228.9278564453125,1210.3294677734375,1222.489990234375,7871946
6703,2022-08-26,1208.20654296875,1222.974609375,1203.130126953125,1215.1290283203125,10742038
6704,2022-08-29,1198.8150634765625,1225.2821044921875,1189.7696533203125,1192.97705078125,19838975
6705,2022-08-30,1217.4134521484375,1220.782470703125,1189.1004638671875,1206.360595703125,23139054
6706,2022-09-01,1181.6241455078125,1202.1839599609375,1177.1475830078125,1191.892578125,19909939
6707,2022-09-02,1167.8253173828125,1188.5235595703125,1165.610107421875,1181.6241455078125,12999345
6708,2022-09-05,1185.9622802734375,1191.36181640625,1168.0560302734375,1168.0560302734375,11327815
6709,2022-09-06,1198.44580078125,1202.6685791015625,1186.9775390625,1187.4390869140625,10899618
6710,2022-09-07,1191.4771728515625,1197.5458984375,1186.0545654296875,1188.362060546875,7488501
6711,2022-09-08,1193.16162109375,1198.9765625,1186.51611328125,1194.4769287109375,7057077
6712,2022-09-09,1185.7315673828125,1204.5145263671875,1183.2855224609375,1204.5145263671875,8314850
6713,2022-09-12,1198.9996337890625,1205.4376220703125,1186.308349609375,1186.308349609375,7435419
6714,2022-09-13,1209.01416015625,1213.6060791015625,1200.361083984375,1208.20654296875,8888657
6715,2022-09-14,1194.5230712890625,1204.5145263671875,1187.32373046875,1188.362060546875,8678219
6716,2022-09-15,1182.6856689453125,1201.537841796875,1179.939697265625,1192.0540771484375,10365600
6717,2022-09-16,1153.38037109375,1178.2091064453125,1149.5960693359375,1173.940185546875,20217708
6718,2022-09-19,1154.8802490234375,1164.2255859375,1145.142578125,1153.38037109375,7580254
6719,2022-09-20,1155.0648193359375,1171.148193359375,1151.3035888671875,1164.1102294921875,8411448
6720,2022-09-21,1158.249267578125,1168.9791259765625,1151.442138671875,1152.249755859375,9207309
6721,2022-09-22,1147.334716796875,1155.134033203125,1140.873779296875,1147.28857421875,10308170
6722,2022-09-23,1125.828857421875,1151.8804931640625,1124.259765625,1146.8271484375,9528051
6723,2022-09-26,1097.1466064453125,1115.8143310546875,1096.13134765625,1104.8536376953125,12479523
6724,2022-09-27,1105.8690185546875,1119.5986328125,1089.185791015625,1104.83056640625,16154822
6725,2022-09-28,1076.42529296875,1097.4466552734375,1073.956298828125,1089.3011474609375,16997059
6726,2022-09-29,1073.1256103515625,1092.600830078125,1067.4490966796875,1089.1396484375,14671827
6727,2022-09-30,1097.331298828125,1108.5225830078125,1066.526123046875,1066.526123046875,18613024
6728,2022-10-03,1093.52392578125,1115.4219970703125,1090.524169921875,1103.6768798828125,11852723
6729,2022-10-04,1113.69140625,1115.9066162109375,1103.0538330078125,1106.5843505859375,8948850
6730,2022-10-06,1117.7987060546875,1130.674560546875,1115.975830078125,1120.983154296875,13352162
6731,2022-10-07,1122.5291748046875,1127.8594970703125,1114.360595703125,1114.360595703125,7714340
6732,2022-10-10,1110.2763671875,1115.7220458984375,1102.0616455078125,1109.9071044921875,6329527
6733,2022-10-11,1088.17041015625,1114.060546875,1085.0322265625,1114.060546875,9215177
6734,2022-10-12,1096.177490234375,1099.1541748046875,1081.3402099609375,1085.4476318359375,7417103
6735,2022-10-13,1099.661865234375,1104.83056640625,1089.185791015625,1094.4007568359375,7328492
6736,2022-10-14,1094.07763671875,1115.1451416015625,1093.3392333984375,1114.5220947265625,9106089
6737,2022-10-17,1111.6376953125,1114.060546875,1081.571044921875,1086.8321533203125,16729355
6738,2022-10-18,1131.25146484375,1136.674072265625,1116.8988037109375,1117.7525634765625,12415820
6739,2022-10-19,1150.9344482421875,1166.6024169921875,1126.8441162109375,1132.7513427734375,19247142
6740,2022-10-20,1154.0264892578125,1162.51806640625,1146.8271484375,1146.8271484375,8717053
6741,2022-10-21,1140.6429443359375,1161.5028076171875,1138.5201416015625,1157.3031005859375,8243452
6742,2022-10-24,1144.4503173828125,1154.9033203125,1133.12060546875,1135.28955078125,3370033
6743,2022-10-25,1126.77490234375,1153.2880859375,1125.1365966796875,1153.2880859375,12233241
6744,2022-10-27,1131.205322265625,1139.1893310546875,1122.73681640625,1134.3665771484375,12513059
6745,2022-10-28,1165.81787109375,1169.902099609375,1135.0357666015625,1137.5970458984375,17609592
6746,2022-10-31,1176.6400146484375,1181.8780517578125,1168.60986328125,1172.671142578125,12419943
6747,2022-11-01,1167.525390625,1199.8995361328125,1157.441650390625,1199.8995361328125,13963166
6748,2022-11-02,1174.8170166015625,1176.9168701171875,1160.672119140625,1168.656005859375,8981896
6749,2022-11-03,1179.2012939453125,1181.23193359375,1165.3101806640625,1167.525390625,6693449
6750,2022-11-04,1196.5537109375,1199.8995361328125,1177.332275390625,1178.6243896484375,12575815
6751,2022-11-07,1202.9454345703125,1204.653076171875,1187.900634765625,1195.74609375,11789748
6752,2022-11-09,1201.74560546875,1210.029541015625,1195.3076171875,1204.653076171875,11254205
6753,2022-11-10,1187.2083740234375,1198.307373046875,1182.8240966796875,1195.2845458984375,5966242
6754,2022-11-11,1214.5753173828125,1216.5135498046875,1194.361572265625,1199.8995361328125,12310132
6755,2022-11-14,1208.691162109375,1219.2825927734375,1202.2762451171875,1214.0906982421875,9043112
6756,2022-11-15,1203.2685546875,1212.0831298828125,1195.2845458984375,1210.1910400390625,7086433
6757,2022-11-16,1196.369140625,1207.260498046875,1191.2926025390625,1204.5145263671875,9716161
6758,2022-11-17,1199.461181640625,1205.8990478515625,1190.6695556640625,1192.9539794921875,6661451
6759,2022-11-18,1198.8150634765625,1204.0531005859375,1186.562255859375,1203.0146484375,5303197
6760,2022-11-21,1177.239990234375,1194.361572265625,1173.6402587890625,1194.361572265625,6390268
6761,2022-11-22,1183.7701416015625,1185.3623046875,1170.5943603515625,1174.51708984375,6611488
6762,2022-11-23,1180.078125,1189.700439453125,1177.8629150390625,1188.362060546875,6413408
6763,2022-11-24,1190.2542724609375,1197.130615234375,1175.993896484375,1184.2086181640625,9389439
6764,2022-11-25,1208.02197265625,1211.390869140625,1191.638671875,1194.8231201171875,7349922
6765,2022-11-28,1249.533935546875,1255.76416015625,1154.672607421875,1204.0069580078125,31527484
6766,2022-11-29,1251.6798095703125,1260.656005859375,1243.280517578125,1247.8724365234375,11058913
6767,2022-11-30,1260.517578125,1267.0247802734375,1245.2188720703125,1251.818359375,26164986
6768,2022-12-01,1256.802490234375,1271.4320068359375,1253.43359375,1265.3402099609375,9485801
6769,2022-12-02,1256.271728515625,1268.2015380859375,1246.326416015625,1259.89453125,11589592
6770,2022-12-05,1237.9501953125,1253.7796630859375,1235.8966064453125,1251.5875244140625,14828536
6771,2022-12-06,1241.52685546875,1244.6650390625,1228.051025390625,1229.9432373046875,8594245
6772,2022-12-07,1223.205322265625,1243.7420654296875,1219.351806640625,1239.1270751953125,8462111
6773,2022-12-08,1222.62841796875,1229.8970947265625,1218.40576171875,1227.589599609375,7757008
6774,2022-12-09,1204.0992431640625,1227.589599609375,1200.7532958984375,1221.1285400390625,12655763
6775,2022-12-12,1205.9451904296875,1210.5140380859375,1192.97705078125,1193.2078857421875,9479842
6776,2022-12-13,1211.4371337890625,1215.1290283203125,1202.9915771484375,1205.9451904296875,8333348
6777,2022-12-14,1207.0528564453125,1217.875,1204.97607421875,1217.2750244140625,7268947
6778,2022-12-15,1189.9080810546875,1206.822021484375,1186.51611328125,1201.0533447265625,8688551
6779,2022-12-16,1184.02392578125,1208.5758056640625,1180.5858154296875,1186.51611328125,15837349
6780,2022-12-19,1199.5765380859375,1201.74560546875,1184.5316162109375,1191.131103515625,7729933
6781,2022-12-20,1209.9603271484375,1211.8985595703125,1184.2086181640625,1192.469482421875,7467588
6782,2022-12-21,1192.746337890625,1215.1290283203125,1188.8697509765625,1209.591064453125,8527550
6783,2022-12-22,1189.654296875,1202.0455322265625,1184.5546875,1198.9765625,7451122
6784,2022-12-23,1154.764892578125,1195.515380859375,1150.1729736328125,1182.9625244140625,10257115
6785,2022-12-26,1164.8486328125,1173.132568359375,1150.2421875,1160.5567626953125,5990242
6786,2022-12-27,1174.378662109375,1176.270751953125,1160.7874755859375,1167.5946044921875,5763271
6787,2022-12-28,1174.2633056640625,1176.7322998046875,1163.671875,1171.28662109375,7459393
6788,2022-12-29,1173.7325439453125,1176.31689453125,1165.517822265625,1166.2100830078125,6930648
6789,2022-12-30,1175.5323486328125,1189.2850341796875,1172.71728515625,1174.563232421875,7289476
6790,2023-01-02,1188.7774658203125,1190.2081298828125,1175.993896484375,1176.8245849609375,5316175
6791,2023-01-03,1180.078125,1187.4390869140625,1175.809326171875,1183.7701416015625,7658932
6792,2023-01-04,1162.3104248046875,1181.9241943359375,1160.2105712890625,1180.0550537109375,9264891
6793,2023-01-05,1160.233642578125,1170.5482177734375,1155.5955810546875,1164.5948486328125,13637099
6794,2023-01-06,1170.7789306640625,1175.8785400390625,1162.195068359375,1166.048583984375,6349597
6795,2023-01-09,1198.4227294921875,1200.8226318359375,1173.755615234375,1174.655517578125,10722753
6796,2023-01-10,1180.701171875,1202.6685791015625,1174.9786376953125,1202.6685791015625,8047142
6797,2023-01-11,1165.81787109375,1180.5166015625,1163.4871826171875,1177.9783935546875,11509553
6798,2023-01-12,1140.6429443359375,1168.748291015625,1137.5970458984375,1165.2178955078125,17688773
6799,2023-01-13,1138.7969970703125,1141.242919921875,1123.5675048828125,1134.5511474609375,20618583
6800,2023-01-16,1127.9517822265625,1144.3580322265625,1120.06005859375,1141.150634765625,13623855
6801,2023-01-17,1143.9658203125,1145.904052734375,1130.9515380859375,1134.3665771484375,10751000
6802,2023-01-18,1142.0736083984375,1149.6422119140625,1135.451171875,1141.5198974609375,13448286
6803,2023-01-19,1140.8507080078125,1145.05029296875,1133.7435302734375,1141.242919921875,11940054
6804,2023-01-20,1127.2825927734375,1142.2120361328125,1124.79052734375,1142.2120361328125,14930286
6805,2023-01-23,1121.5830078125,1138.15087890625,1119.1370849609375,1130.213134765625,10954118
6806,2023-01-24,1114.9605712890625,1127.7440185546875,1101.7615966796875,1126.0595703125,16488755
6807,2023-01-25,1099.54638671875,1114.3836669921875,1098.36962890625,1113.3453369140625,12385018
6808,2023-01-27,1078.6866455078125,1101.7615966796875,1066.8260498046875,1100.4002685546875,25830975
6809,2023-01-30,1089.0242919921875,1094.6314697265625,1061.9111328125,1076.0792236328125,21772103
6810,2023-01-31,1086.3013916015625,1101.900146484375,1080.37109375,1099.2926025390625,22691594
6811,2023-02-01,1079.863525390625,1098.3465576171875,1063.757080078125,1098.3465576171875,19347800
6812,2023-02-02,1073.8870849609375,1083.6015625,1066.526123046875,1069.756591796875,13662663
6813,2023-02-03,1074.8331298828125,1084.0631103515625,1058.2191162109375,1084.0631103515625,24699575
6814,2023-02-06,1066.7337646484375,1071.14111328125,1064.1263427734375,1068.3720703125,14837879
6815,2023-02-07,1064.1724853515625,1074.0947265625,1058.2191162109375,1066.9876708984375,15135435
6816,2023-02-08,1085.424560546875,1089.093505859375,1064.68017578125,1067.4490966796875,21160332
6817,2023-02-09,1087.316650390625,1094.1468505859375,1077.140625,1086.1168212890625,13172763
6818,2023-02-10,1078.3636474609375,1086.7860107421875,1071.279541015625,1086.7860107421875,10790445
6819,2023-02-13,1072.2257080078125,1084.524658203125,1067.7030029296875,1080.001953125,10352493
6820,2023-02-14,1097.4927978515625,1099.2464599609375,1072.3641357421875,1075.2716064453125,14321920
6821,2023-02-15,1122.344482421875,1124.7674560546875,1095.13916015625,1096.5235595703125,33503591
6822,2023-02-16,1121.4676513671875,1137.0433349609375,1119.16015625,1130.4207763671875,17264487
6823,2023-02-17,1126.15185546875,1129.5208740234375,1112.491455078125,1116.82958984375,11809520
6824,2023-02-20,1114.2452392578125,1130.5592041015625,1112.2607421875,1128.3670654296875,8836937
6825,2023-02-21,1123.3367919921875,1129.19775390625,1113.299072265625,1118.6756591796875,13311592
6826,2023-02-22,1097.8619384765625,1121.444580078125,1096.085205078125,1119.5755615234375,11024335
6827,2023-02-23,1092.600830078125,1105.1767578125,1089.7626953125,1097.4466552734375,9851910
6828,2023-02-24,1100.0771484375,1105.8228759765625,1092.8316650390625,1094.6776123046875,9434053
6829,2023-02-27,1092.7623291015625,1102.8231201171875,1085.3092041015625,1099.2926025390625,11199715
6830,2023-02-28,1071.8564453125,1092.3701171875,1067.7491455078125,1087.3397216796875,21994038
6831,2023-03-01,1081.70947265625,1082.4478759765625,1072.179443359375,1081.755615234375,11551145
6832,2023-03-02,1073.4716796875,1085.2861328125,1071.41796875,1078.525146484375,9333535
6833,2023-03-03,1100.8616943359375,1104.5767822265625,1080.625,1084.13232421875,14643807
6834,2023-03-06,1111.6146240234375,1118.9525146484375,1107.599609375,1107.599609375,10171916
6835,2023-03-08,1115.606689453125,1116.3681640625,1100.6771240234375,1111.6146240234375,15782657
6836,2023-03-09,1088.79345703125,1115.39892578125,1086.8782958984375,1114.983642578125,16235128
6837,2023-03-10,1071.9256591796875,1081.755615234375,1068.3951416015625,1080.6019287109375,13334091
6838,2023-03-13,1054.29638671875,1081.755615234375,1049.912109375,1074.8331298828125,12771592
6839,2023-03-14,1050.3505859375,1063.7340087890625,1047.166259765625,1052.2196044921875,16027522
6840,2023-03-15,1032.398193359375,1060.6650390625,1027.9447021484375,1054.11181640625,21728555
6841,2023-03-16,1027.25244140625,1040.2205810546875,1016.31494140625,1035.1441650390625,18363159
6842,2023-03-17,1025.9603271484375,1039.2745361328125,1021.1607055664062,1035.9517822265625,34014213
6843,2023-03-20,1015.8765258789062,1024.5296630859375,1006.0696411132812,1022.22216796875,19524589
6844,2023-03-21,1047.4661865234375,1049.45068359375,1023.1451416015625,1024.0450439453125,21400360
6845,2023-03-22,1050.6505126953125,1057.5037841796875,1047.6046142578125,1054.527099609375,10920094
6846,2023-03-23,1037.359375,1047.5584716796875,1035.167236328125,1046.681640625,16249370
6847,2023-03-24,1016.8225708007812,1038.3746337890625,1014.3766479492188,1036.1824951171875,12375945
6848,2023-03-27,1032.62890625,1040.2205810546875,1015.3919677734375,1023.3759155273438,14054323
6849,2023-03-28,1037.45166015625,1041.3743896484375,1032.3751220703125,1036.067138671875,12576424
6850,2023-03-29,1031.313720703125,1035.974853515625,1020.4223022460938,1033.298095703125,18804065
6851,2023-03-31,1075.7791748046875,1081.5018310546875,1040.543701171875,1040.68212890625,28171201
6852,2023-04-03,1075.9637451171875,1084.0631103515625,1068.3720703125,1082.2171630859375,10293043
6853,2023-04-05,1073.37939453125,1083.6015625,1065.3955078125,1083.6015625,16262928
6854,2023-04-06,1080.5787353515625,1086.37060546875,1069.8258056640625,1069.8258056640625,18435046
6855,2023-04-10,1072.9178466796875,1084.709228515625,1071.3948974609375,1084.524658203125,12961408
6856,2023-04-11,1078.22509765625,1080.37109375,1072.5487060546875,1077.140625,10542367
6857,2023-04-12,1082.9786376953125,1092.7392578125,1075.3177490234375,1078.22509765625,18179087
6858,2023-04-13,1087.0628662109375,1091.8162841796875,1080.8326416015625,1085.9090576171875,12378208
6859,2023-04-17,1092.5777587890625,1119.114013671875,1084.086181640625,1119.114013671875,17929479
6860,2023-04-18,1080.0711669921875,1096.985107421875,1073.4486083984375,1096.985107421875,10405576
6861,2023-04-19,1085.4476318359375,1088.17041015625,1076.3099365234375,1079.47119140625,12273475
6862,2023-04-20,1082.70166015625,1088.6781005859375,1076.2637939453125,1086.416748046875,7007330
6863,2023-04-21,1084.0631103515625,1089.60107421875,1078.2481689453125,1084.8245849609375,7647317
6864,2023-04-24,1088.2166748046875,1098.784912109375,1083.6015625,1096.0621337890625,12936186
6865,2023-04-25,1096.546630859375,1098.646484375,1084.75537109375,1091.9085693359375,9236126
6866,2023-04-26,1090.1087646484375,1101.184814453125,1086.3936767578125,1097.9080810546875,8617834
6867,2023-04-27,1097.0081787109375,1100.215576171875,1090.985595703125,1096.0621337890625,9167125
6868,2023-04-28,1117.060302734375,1118.6295166015625,1099.17724609375,1099.2926025390625,15565210
6869,2023-05-02,1126.544189453125,1128.736328125,1120.5677490234375,1124.305908203125,12981805
6870,2023-05-03,1116.875732421875,1128.3670654296875,1113.6221923828125,1128.3670654296875,7061872
6871,2023-05-04,1129.7515869140625,1131.9898681640625,1114.3375244140625,1117.3603515625,8635233
6872,2023-05-05,1126.8671875,1135.91259765625,1124.213623046875,1126.5211181640625,8746585
6873,2023-05-08,1140.781494140625,1146.2041015625,1127.974853515625,1130.674560546875,9153782
6874,2023-05-09,1144.3118896484375,1147.6578369140625,1136.7894287109375,1142.2120361328125,6464721
6875,2023-05-10,1152.1805419921875,1153.680419921875,1145.0733642578125,1149.1346435546875,10872255
6876,2023-05-11,1144.6580810546875,1158.1337890625,1142.9273681640625,1153.2650146484375,10557860
6877,2023-05-12,1146.527099609375,1147.9346923828125,1133.67431640625,1139.812255859375,6955341
6878,2023-05-15,1148.7884521484375,1155.849365234375,1141.3582763671875,1149.0885009765625,6833343
6879,2023-05-16,1132.4283447265625,1153.56494140625,1130.7437744140625,1150.9805908203125,8717229
6880,2023-05-17,1125.736572265625,1137.5970458984375,1120.983154296875,1136.674072265625,8798967
6881,2023-05-18,1123.313720703125,1133.9051513671875,1120.1292724609375,1130.4669189453125,10525531
6882,2023-05-19,1126.95947265625,1128.8055419921875,1116.298828125,1123.313720703125,8050447
6883,2023-05-22,1132.9820556640625,1138.05859375,1122.5291748046875,1123.7520751953125,7434906
6884,2023-05-23,1132.7744140625,1138.9815673828125,1131.34375,1135.589599609375,6092034
6885,2023-05-24,1126.1749267578125,1137.1356201171875,1123.0367431640625,1128.782470703125,8112254
6886,2023-05-25,1126.0364990234375,1130.213134765625,1115.0067138671875,1123.2445068359375,11487863
6887,2023-05-26,1156.7493896484375,1157.903076171875,1131.020751953125,1134.3665771484375,12626260
6888,2023-05-29,1163.2564697265625,1167.5946044921875,1157.0723876953125,1163.4410400390625,10010304
6889,2023-05-30,1162.95654296875,1171.148193359375,1160.3720703125,1163.2564697265625,11342504
6890,2023-05-31,1139.8583984375,1158.29541015625,1135.7510986328125,1153.7496337890625,27107927
6891,2023-06-01,1136.7894287109375,1146.781005859375,1134.3665771484375,1144.5888671875,14592692
6892,2023-06-02,1133.0743408203125,1145.8348388671875,1131.1361083984375,1140.3660888671875,15800644
6893,2023-06-05,1143.25048828125,1146.250244140625,1134.57421875,1138.6124267578125,10908682
6894,2023-06-06,1144.2196044921875,1148.0731201171875,1136.212646484375,1146.11181640625,7493309
6895,2023-06-07,1152.8958740234375,1153.7496337890625,1141.1044921875,1147.7501220703125,10312545
6896,2023-06-08,1153.5880126953125,1161.52587890625,1149.5960693359375,1156.5185546875,12071109
6897,2023-06-09,1145.4195556640625,1157.6954345703125,1143.5965576171875,1156.9801025390625,5877018
6898,2023-06-12,1146.434814453125,1148.765380859375,1137.5970458984375,1142.44287109375,6391969
6899,2023-06-13,1163.371826171875,1164.57177734375,1147.4039306640625,1151.442138671875,11248016
6900,2023-06-14,1177.6783447265625,1179.132080078125,1161.5950927734375,1163.4410400390625,13277380
6901,2023-06-15,1178.00146484375,1182.616455078125,1170.1328125,1177.6552734375,11813494
6902,2023-06-16,1189.4697265625,1191.7772216796875,1181.5318603515625,1181.5318603515625,24171579
6903,2023-06-19,1177.6552734375,1192.515625,1173.4326171875,1192.515625,6798554
6904,2023-06-20,1180.1011962890625,1183.2855224609375,1169.902099609375,1175.6939697265625,6921096
6905,2023-06-21,1183.424072265625,1185.9853515625,1175.901611328125,1180.0550537109375,6961603
6906,2023-06-22,1170.1328125,1187.5775146484375,1168.517578125,1179.5936279296875,7619166
6907,2023-06-23,1160.5567626953125,1169.1636962890625,1159.28759765625,1167.0869140625,6628570
6908,2023-06-26,1151.6959228515625,1160.856689453125,1148.53466796875,1156.9801025390625,12641159
6909,2023-06-27,1152.111328125,1158.1337890625,1147.588623046875,1152.157470703125,9689466
6910,2023-06-28,1167.3638916015625,1171.2174072265625,1152.75732421875,1159.7491455078125,11354006
6911,2023-06-30,1176.93994140625,1179.8935546875,1169.186767578125,1175.1632080078125,11151555
6912,2023-07-03,1207.1451416015625,1210.0526123046875,1179.2935791015625,1180.5396728515625,12154387
6913,2023-07-04,1194.707763671875,1211.4371337890625,1187.554443359375,1211.4371337890625,8061643
6914,2023-07-05,1192.746337890625,1204.0531005859375,1188.7313232421875,1204.0531005859375,10248062
6915,2023-07-06,1217.78271484375,1220.4132080078125,1188.8466796875,1188.8466796875,19117987
6916,2023-07-07,1215.406005859375,1229.8740234375,1212.821533203125,1216.0521240234375,13375267
6917,2023-07-10,1262.22509765625,1271.8935546875,1234.5120849609375,1240.9268798828125,33240016
6918,2023-07-11,1275.9085693359375,1278.3544921875,1263.4019775390625,1270.462890625,20069348
6919,2023-07-12,1277.316162109375,1293.12255859375,1274.5009765625,1276.64697265625,18733835
6920,2023-07-13,1265.89404296875,1291.738037109375,1263.240478515625,1284.7694091796875,14682934
6921,2023-07-14,1264.8326416015625,1274.1549072265625,1257.6331787109375,1269.12451171875,15124144
6922,2023-07-17,1290.6766357421875,1299.1451416015625,1258.9715576171875,1267.7401123046875,22220040
6923,2023-07-18,1301.63720703125,1309.482666015625,1288.968994140625,1300.0450439453125,25867313
6924,2023-07-19,1311.5133056640625,1318.0435791015625,1290.8150634765625,1306.0445556640625,39122156
6925,2023-07-20,1309.925048828125,1315.4749755859375,1290.0,1290.0,38717624
6926,2023-07-21,1269.375,1307.449951171875,1261.800048828125,1304.5,30249238
6927,2023-07-24,1243.699951171875,1257.4749755859375,1234.6500244140625,1240.5,23727866
6928,2023-07-25,1242.9000244140625,1252.5999755859375,1240.0,1247.0,12026020
6929,2023-07-26,1263.0999755859375,1273.5,1242.5,1242.5,12911012
6930,2023-07-27,1251.3499755859375,1268.824951171875,1245.175048828125,1267.0250244140625,17226898
6931,2023-07-28,1263.925048828125,1271.425048828125,1250.2750244140625,1256.0250244140625,20827852
6932,2023-07-31,1274.625,1276.949951171875,1258.9749755859375,1263.925048828125,8551174
6933,2023-08-01,1256.5999755859375,1279.5,1252.6500244140625,1277.5,9536632
6934,2023-08-02,1243.175048828125,1256.0,1231.800048828125,1254.5999755859375,12748214
6935,2023-08-03,1237.949951171875,1250.449951171875,1229.0250244140625,1237.6500244140625,10168350
6936,2023-08-04,1254.7750244140625,1258.0,1235.800048828125,1249.4000244140625,22885610
6937,2023-08-07,1261.925048828125,1264.199951171875,1252.5,1260.5,5982870
6938,2023-08-08,1254.324951171875,1267.2249755859375,1249.7750244140625,1264.0,9844072
6939,2023-08-09,1262.5999755859375,1264.5,1240.550048828125,1252.425048828125,11486586
6940,2023-08-10,1268.2249755859375,1275.0,1254.2249755859375,1262.4749755859375,15470598
6941,2023-08-11,1273.574951171875,1279.425048828125,1256.175048828125,1266.2249755859375,22179330
6942,2023-08-14,1288.625,1291.1500244140625,1262.5,1269.5,9575812
6943,2023-08-16,1287.574951171875,1291.4000244140625,1275.5,1275.5,10203112
6944,2023-08-17,1269.0,1289.050048828125,1266.425048828125,1283.550048828125,13673744
6945,2023-08-18,1278.4000244140625,1288.800048828125,1254.2750244140625,1265.625,18639978
6946,2023-08-21,1260.0,1277.7249755859375,1257.824951171875,1269.9749755859375,9221746
6947,2023-08-22,1259.699951171875,1268.9749755859375,1249.5,1258.449951171875,7713044
6948,2023-08-23,1261.0999755859375,1271.425048828125,1258.4749755859375,1262.0999755859375,9517952
6949,2023-08-24,1239.9000244140625,1269.949951171875,1235.5,1269.949951171875,14140020
6950,2023-08-25,1234.175048828125,1252.5,1221.300048828125,1228.0,22222400
6951,2023-08-28,1221.875,1242.0,1215.550048828125,1236.0,12580826
6952,2023-08-29,1210.175048828125,1226.7249755859375,1204.074951171875,1226.0250244140625,16876644
6953,2023-08-30,1209.0250244140625,1221.5,1207.5,1216.0,12168946
6954,2023-08-31,1203.5,1212.5,1199.949951171875,1211.5,21638600
6955,2023-09-01,1206.324951171875,1212.824951171875,1200.824951171875,1203.2750244140625,18112842
6956,2023-09-04,1205.3499755859375,1211.824951171875,1202.6500244140625,1206.324951171875,9347626
6957,2023-09-05,1211.800048828125,1216.9749755859375,1206.2249755859375,1210.0,8675876
6958,2023-09-06,1214.3499755859375,1218.074951171875,1208.625,1210.550048828125,8200370
6959,2023-09-07,1216.0,1219.125,1205.5,1210.8499755859375,13652572
6960,2023-09-08,1224.0999755859375,1228.0,1211.4749755859375,1220.0,23109288
6961,2023-09-11,1237.300048828125,1238.425048828125,1226.0,1226.0,13271074
6962,2023-09-12,1219.425048828125,1241.5,1217.9749755859375,1241.5,16255666
6963,2023-09-13,1225.5250244140625,1231.324951171875,1213.125,1220.0,12803338
6964,2023-09-14,1226.6500244140625,1232.9000244140625,1222.5,1230.0,9209636
6965,2023-09-15,1228.925048828125,1234.0,1224.75,1234.0,25468592
6966,2023-09-18,1218.2249755859375,1225.5,1216.0250244140625,1220.0250244140625,7516300
6967,2023-09-20,1191.074951171875,1213.800048828125,1177.5,1211.5250244140625,57081884
6968,2023-09-21,1182.4000244140625,1195.050048828125,1180.0,1187.4749755859375,12226182
6969,2023-09-22,1177.4749755859375,1191.2249755859375,1175.0,1188.0,19176786
6970,2023-09-25,1170.2249755859375,1180.3499755859375,1167.550048828125,1175.199951171875,14254884
6971,2023-09-26,1171.25,1175.0999755859375,1167.800048828125,1169.2750244140625,10087782
6972,2023-09-27,1184.449951171875,1185.9000244140625,1169.25,1171.75,11722778
6973,2023-09-28,1167.050048828125,1191.5,1162.5,1191.5,14518346
6974,2023-09-29,1172.5,1184.550048828125,1167.050048828125,1170.9000244140625,12342014
6975,2023-10-03,1159.074951171875,1167.800048828125,1158.0,1164.9749755859375,8859056
6976,2023-10-04,1157.074951171875,1159.5,1147.550048828125,1154.5,10286386
6977,2023-10-05,1157.050048828125,1164.699951171875,1154.5,1159.625,10953682
6978,2023-10-06,1159.0,1162.4000244140625,1156.0250244140625,1158.5250244140625,5431026
6979,2023-10-09,1149.125,1155.9749755859375,1147.5,1154.050048828125,7576878
6980,2023-10-10,1154.199951171875,1158.949951171875,1151.875,1153.2750244140625,10236032
6981,2023-10-11,1172.5250244140625,1174.8499755859375,1156.5,1157.2249755859375,9814118
6982,2023-10-12,1174.699951171875,1179.675048828125,1169.074951171875,1171.925048828125,12554450
6983,2023-10-13,1174.6500244140625,1178.75,1164.574951171875,1170.0,10150316
6984,2023-10-16,1172.0250244140625,1177.2750244140625,1168.0,1172.5,5929036
6985,2023-10-17,1177.625,1179.8499755859375,1170.6500244140625,1178.0,7928180
6986,2023-10-18,1162.0,1183.5,1160.5,1177.625,8918320
6987,2023-10-19,1153.074951171875,1160.9000244140625,1150.5,1156.0,12032556
6988,2023-10-20,1149.550048828125,1157.3499755859375,1148.1500244140625,1150.0,8913312
6989,2023-10-23,1131.5999755859375,1153.125,1127.625,1145.0,7853962
6990,2023-10-25,1128.9749755859375,1140.5999755859375,1121.5,1125.0250244140625,11620688
6991,2023-10-26,1113.25,1129.0,1110.1500244140625,1125.5,15222534
6992,2023-10-27,1132.9000244140625,1136.75,1117.9749755859375,1120.0,11771084
6993,2023-10-30,1156.25,1162.5,1134.9749755859375,1137.0,16813304
6994,2023-10-31,1143.949951171875,1164.0,1141.449951171875,1164.0,12808438
6995,2023-11-01,1148.699951171875,1158.75,1137.5999755859375,1144.574951171875,10309190
6996,2023-11-02,1160.0999755859375,1162.1500244140625,1153.9749755859375,1156.9749755859375,10562104
6997,2023-11-03,1159.8499755859375,1167.4749755859375,1157.875,1163.5999755859375,8850156
6998,2023-11-06,1169.5,1170.0,1162.800048828125,1166.1500244140625,10647304
6999,2023-11-07,1161.9000244140625,1169.550048828125,1159.7750244140625,1167.0250244140625,6960204
7000,2023-11-08,1167.949951171875,1170.5,1160.875,1166.0,7884494
7001,2023-11-09,1155.2750244140625,1167.949951171875,1152.0999755859375,1167.925048828125,14513610
7002,2023-11-10,1157.449951171875,1158.175048828125,1149.0250244140625,1152.7750244140625,7734954
7003,2023-11-13,1157.300048828125,1162.300048828125,1155.8499755859375,1161.449951171875,3854810
7004,2023-11-15,1178.2249755859375,1180.9749755859375,1163.5,1170.0,12220648
7005,2023-11-16,1180.3499755859375,1187.074951171875,1173.4749755859375,1175.550048828125,13134910
7006,2023-11-17,1177.7750244140625,1186.625,1176.0250244140625,1176.449951171875,7758634
7007,2023-11-20,1174.675048828125,1179.199951171875,1168.199951171875,1174.2750244140625,4490186
7008,2023-11-21,1189.449951171875,1194.0,1180.0999755859375,1183.0,8214450
7009,2023-11-22,1194.0999755859375,1197.2249755859375,1186.0999755859375,1187.5,8534814
7010,2023-11-23,1197.75,1200.0,1194.0999755859375,1194.0999755859375,8531542
7011,2023-11-24,1196.949951171875,1201.300048828125,1195.5250244140625,1195.800048828125,6749486
7012,2023-11-28,1197.199951171875,1199.8499755859375,1187.625,1196.949951171875,13792174
7013,2023-11-29,1200.3499755859375,1205.9749755859375,1199.0250244140625,1204.0,12531306
7014,2023-11-30,1188.7249755859375,1200.3499755859375,1184.949951171875,1197.3499755859375,28439984
7015,2023-12-01,1197.1500244140625,1198.199951171875,1188.800048828125,1189.0,14342842
7016,2023-12-04,1210.0999755859375,1225.0,1199.300048828125,1225.0,15590990
7017,2023-12-05,1218.875,1220.425048828125,1210.824951171875,1219.5,12693624
7018,2023-12-06,1230.550048828125,1236.4749755859375,1217.5,1223.550048828125,16422442
7019,2023-12-07,1228.5250244140625,1230.4749755859375,1221.0,1230.0,8142096
7020,2023-12-08,1227.875,1238.3499755859375,1222.5,1231.925048828125,10204894
7021,2023-12-11,1229.675048828125,1233.800048828125,1226.199951171875,1228.0,7066138
7022,2023-12-12,1212.0250244140625,1232.4749755859375,1210.074951171875,1230.0,9197124
7023,2023-12-13,1216.9749755859375,1219.175048828125,1203.1500244140625,1211.0,10031182
7024,2023-12-14,1232.074951171875,1237.4749755859375,1221.324951171875,1227.0,16972354
7025,2023-12-15,1247.800048828125,1250.0,1235.0250244140625,1239.0,15932152
7026,2023-12-18,1260.5,1267.449951171875,1245.4749755859375,1247.800048828125,14165188
7027,2023-12-19,1279.050048828125,1286.949951171875,1262.5999755859375,1277.5,16820604
7028,2023-12-20,1263.574951171875,1299.425048828125,1260.0,1285.5250244140625,17736722
7029,2023-12-21,1281.2750244140625,1286.75,1259.125,1263.5,13765454
7030,2023-12-22,1282.5250244140625,1290.449951171875,1273.824951171875,1279.800048828125,16541784
7031,2023-12-26,1289.0250244140625,1295.9749755859375,1281.3499755859375,1284.0,7465664
7032,2023-12-27,1293.425048828125,1299.949951171875,1286.550048828125,1291.0,9204156
7033,2023-12-28,1302.7750244140625,1306.0,1293.425048828125,1294.9000244140625,12302636
7034,2023-12-29,1292.4749755859375,1307.0,1289.6500244140625,1305.550048828125,10864584
7035,2024-01-01,1295.125,1303.425048828125,1286.574951171875,1290.2750244140625,4030540
7036,2024-01-02,1305.8499755859375,1307.5,1286.5,1292.5,7448800
7037,2024-01-03,1291.6500244140625,1317.0,1288.5999755859375,1305.0,9037536
7038,2024-01-04,1298.324951171875,1304.925048828125,1289.550048828125,1294.0,9612778
7039,2024-01-05,1303.8499755859375,1309.925048828125,1299.0,1301.449951171875,8086406
7040,2024-01-08,1293.675048828125,1315.9749755859375,1284.4749755859375,1305.0,7734652
7041,2024-01-09,1290.25,1303.4000244140625,1288.5999755859375,1300.0,5403074
7042,2024-01-10,1325.050048828125,1329.5,1287.5250244140625,1288.5,11102740
7043,2024-01-11,1359.9000244140625,1362.5,1328.5,1329.5,23725852
7044,2024-01-12,1370.7249755859375,1373.324951171875,1345.75,1359.9000244140625,15012164
7045,2024-01-15,1394.125,1396.449951171875,1366.0,1375.0,8610594
7046,2024-01-16,1374.625,1396.300048828125,1370.5,1389.9749755859375,9069024
7047,2024-01-17,1361.574951171875,1386.2750244140625,1355.0250244140625,1359.5,12197382
7048,2024-01-18,1367.949951171875,1371.0,1351.25,1351.4000244140625,10279438
7049,2024-01-19,1367.449951171875,1376.0,1359.0,1376.0,10422704
7050,2024-01-23,1328.574951171875,1371.75,1322.550048828125,1371.75,20055420
7051,2024-01-24,1343.875,1349.5,1323.925048828125,1335.2249755859375,21919128
7052,2024-01-25,1353.074951171875,1364.1500244140625,1335.199951171875,1342.949951171875,11808872
7053,2024-01-29,1448.050048828125,1452.5,1360.175048828125,1364.5,23893438
7054,2024-01-30,1407.625,1459.9749755859375,1404.425048828125,1459.949951171875,14093978
7055,2024-01-31,1426.625,1434.25,1402.5,1404.0,15130226
7056,2024-02-01,1426.6500244140625,1443.3499755859375,1418.050048828125,1435.0,13349362
7057,2024-02-02,1457.699951171875,1474.9000244140625,1433.175048828125,1433.175048828125,19652588
7058,2024-02-05,1439.0250244140625,1470.5,1431.5250244140625,1460.75,8814432
7059,2024-02-06,1427.800048828125,1441.8499755859375,1419.824951171875,1441.8499755859375,9047984
7060,2024-02-07,1442.1500244140625,1449.5,1429.25,1435.925048828125,9296568
7061,2024-02-08,1450.125,1459.4749755859375,1427.5250244140625,1450.0,14694634
7062,2024-02-09,1460.75,1471.9749755859375,1450.949951171875,1454.0,12556798
7063,2024-02-12,1452.3499755859375,1461.0,1442.3499755859375,1460.75,6674430
7064,2024-02-13,1465.0999755859375,1479.0,1454.0,1455.5,7715594
7065,2024-02-14,1481.375,1483.6500244140625,1457.5,1457.5,7117888
7066,2024-02-15,1470.5999755859375,1484.7249755859375,1466.5250244140625,1483.3499755859375,10006782
7067,2024-02-16,1460.574951171875,1477.0,1458.550048828125,1476.4749755859375,9767498
7068,2024-02-19,1474.0,1479.5,1453.5250244140625,1462.050048828125,6729828
7069,2024-02-20,1471.0250244140625,1475.5,1461.800048828125,1475.0250244140625,7117496
7070,2024-02-21,1467.699951171875,1488.5250244140625,1457.550048828125,1474.0,12720292
7071,2024-02-22,1481.75,1484.949951171875,1458.0,1468.1500244140625,18493728
7072,2024-02-23,1493.625,1497.550048828125,1483.3499755859375,1489.5,14438584
7073,2024-02-26,1487.324951171875,1494.5250244140625,1482.5,1493.550048828125,7513106
7074,2024-02-27,1485.6500244140625,1499.949951171875,1478.050048828125,1483.0250244140625,10826044
7075,2024-02-28,1455.625,1491.2750244140625,1450.175048828125,1483.0,8647950
7076,2024-02-29,1460.800048828125,1478.9749755859375,1454.5250244140625,1465.0,23628976
7077,2024-03-01,1492.125,1500.0,1462.5,1463.5,12132926
7078,2024-03-04,1507.4000244140625,1512.449951171875,1487.2249755859375,1490.4749755859375,10024420
7079,2024-03-05,1500.199951171875,1507.4000244140625,1486.050048828125,1505.7750244140625,7107668
7080,2024-03-06,1503.0,1509.0,1478.5,1493.449951171875,7805676
7081,2024-03-07,1478.925048828125,1503.0999755859375,1475.550048828125,1502.9749755859375,8315726
7082,2024-03-11,1466.5999755859375,1489.0,1463.5,1489.0,11277130
7083,2024-03-12,1475.425048828125,1488.0,1465.0250244140625,1466.5999755859375,9432678
7084,2024-03-13,1432.175048828125,1483.0999755859375,1427.7750244140625,1479.7750244140625,13522134
7085,2024-03-14,1431.4749755859375,1448.5250244140625,1425.5,1439.699951171875,18571102
7086,2024-03-15,1418.2249755859375,1433.2249755859375,1412.9000244140625,1425.949951171875,19223818
7087,2024-03-18,1439.4749755859375,1441.7249755859375,1416.5250244140625,1420.0,9169392
7088,2024-03-19,1425.25,1437.5999755859375,1417.25,1428.75,8275764
7089,2024-03-20,1443.75,1445.0,1424.0250244140625,1427.949951171875,8488806
7090,2024-03-21,1450.9749755859375,1457.9000244140625,1444.675048828125,1452.5250244140625,13006936
7091,2024-03-22,1455.0250244140625,1460.0,1447.3499755859375,1449.9749755859375,19527608
7092,2024-03-26,1441.574951171875,1452.4000244140625,1439.0,1445.0,11415906
7093,2024-03-27,1492.8499755859375,1500.0,1447.0,1448.0,16326644
7094,2024-03-28,1485.8499755859375,1505.949951171875,1478.6500244140625,1492.875,21854364
7095,2024-04-01,1484.7750244140625,1493.9749755859375,1482.5,1492.4749755859375,5013880
7096,2024-04-02,1486.949951171875,1494.0,1475.0,1484.0,8910166
7097,2024-04-03,1471.5999755859375,1484.449951171875,1468.9000244140625,1482.074951171875,7008292
7098,2024-04-04,1462.925048828125,1479.75,1450.0,1479.75,14490272
7099,2024-04-05,1460.0999755859375,1470.800048828125,1456.0,1460.875,7442298
7100,2024-04-08,1485.9749755859375,1490.9749755859375,1461.0,1462.9749755859375,8357118
7101,2024-04-09,1463.6500244140625,1489.800048828125,1462.5,1489.0,7071414
7102,2024-04-10,1479.574951171875,1487.0,1466.3499755859375,1466.3499755859375,9138330
7103,2024-04-12,1467.1500244140625,1486.4749755859375,1463.074951171875,1475.875,15551012
7104,2024-04-15,1464.824951171875,1482.125,1446.324951171875,1461.0,12902062
7105,2024-04-16,1465.75,1471.175048828125,1450.925048828125,1453.3499755859375,9366184
7106,2024-04-18,1464.324951171875,1486.0,1459.3499755859375,1463.5,19005692
7107,2024-04-19,1470.125,1474.0,1443.0250244140625,1456.7750244140625,15741778
7108,2024-04-22,1479.8499755859375,1482.824951171875,1467.800048828125,1472.449951171875,10350362
7109,2024-04-23,1459.324951171875,1493.5,1455.550048828125,1479.0,14605554
7110,2024-04-24,1450.175048828125,1468.550048828125,1449.5,1463.5,10462776
7111,2024-04-25,1459.9749755859375,1467.9749755859375,1441.5,1442.5,15943926
7112,2024-04-26,1452.550048828125,1465.0,1450.0,1463.949951171875,9413848
7113,2024-04-29,1465.0250244140625,1467.9000244140625,1450.0,1450.0,7247974
7114,2024-04-30,1467.0,1483.074951171875,1462.875,1468.0,11474262
7115,2024-05-02,1466.550048828125,1477.324951171875,1464.125,1472.0,14512646
7116,2024-05-03,1434.0,1474.949951171875,1416.1500244140625,1471.0,17226958
7117,2024-05-06,1419.5250244140625,1440.0,1418.0,1435.5,7394208
7118,2024-05-07,1401.4749755859375,1420.75,1392.0,1415.9749755859375,14517472
7119,2024-05-08,1418.550048828125,1432.949951171875,1397.5,1397.5,9439002
7120,2024-05-09,1394.125,1423.75,1390.0,1413.0,11009612
7121,2024-05-10,1407.425048828125,1410.0,1388.074951171875,1396.75,10505096
7122,2024-05-13,1402.699951171875,1406.9749755859375,1384.0,1399.9000244140625,8456620
7123,2024-05-14,1420.074951171875,1427.074951171875,1400.0250244140625,1400.9749755859375,7188300
7124,2024-05-15,1416.2750244140625,1429.9749755859375,1413.0250244140625,1420.5,5046534
7125,2024-05-16,1425.3499755859375,1427.5,1398.0250244140625,1418.550048828125,14711774
7126,2024-05-17,1435.699951171875,1437.199951171875,1413.25,1423.050048828125,10916476
7127,2024-05-21,1436.125,1441.824951171875,1425.5999755859375,1425.5999755859375,11176128
7128,2024-05-22,1460.6500244140625,1468.7750244140625,1436.2750244140625,1436.2750244140625,10281604
7129,2024-05-23,1486.050048828125,1492.2249755859375,1455.0,1458.550048828125,14608260
7130,2024-05-24,1480.25,1488.5,1476.0999755859375,1483.625,7094776
7131,2024-05-27,1466.25,1484.9000244140625,1461.550048828125,1480.2249755859375,6629010
7132,2024-05-28,1456.199951171875,1478.5,1452.75,1468.0,7820162
7133,2024-05-29,1440.7750244140625,1458.0,1438.449951171875,1446.5,7383556
7134,2024-05-30,1424.8499755859375,1440.4000244140625,1420.0999755859375,1435.5,13206858
7135,2024-05-31,1430.4000244140625,1442.25,1422.25,1431.300048828125,31069832
7136,2024-06-03,1510.324951171875,1514.5,1459.0,1483.0,21527942
7137,2024-06-04,1397.2750244140625,1498.050048828125,1359.300048828125,1498.050048828125,36709098
7138,2024-06-05,1420.75,1431.1500244140625,1384.0999755859375,1422.0,17464890
7139,2024-06-06,1431.5999755859375,1443.699951171875,1421.3499755859375,1435.0,17855722
7140,2024-06-07,1469.949951171875,1472.0,1426.5,1428.5,18558696
7141,2024-06-10,1471.4000244140625,1493.3499755859375,1468.074951171875,1469.949951171875,9251760
7142,2024-06-11,1456.675048828125,1473.675048828125,1454.675048828125,1469.0,11774902
7143,2024-06-12,1463.324951171875,1476.0,1455.175048828125,1457.5,10081742
7144,2024-06-13,1465.25,1472.25,1460.0999755859375,1472.0,9181160
7145,2024-06-14,1477.550048828125,1479.675048828125,1457.2249755859375,1470.0,8157998
7146,2024-06-18,1481.0250244140625,1487.4000244140625,1471.3499755859375,1487.3499755859375,7196766
7147,2024-06-19,1458.6500244140625,1487.5,1456.0,1487.5,8725874
7148,2024-06-20,1473.699951171875,1482.8499755859375,1450.0999755859375,1459.0,16113776
7149,2024-06-21,1454.199951171875,1474.699951171875,1440.574951171875,1473.625,31170360
7150,2024-06-24,1441.4749755859375,1449.5,1437.5,1445.5250244140625,8878386
7151,2024-06-25,1454.1500244140625,1455.925048828125,1441.0,1443.0,7045386
7152,2024-06-26,1514.0250244140625,1518.9749755859375,1445.125,1446.050048828125,22014882
7153,2024-06-27,1530.550048828125,1537.5,1506.0,1513.75,28383030
7154,2024-06-28,1565.4000244140625,1581.0,1531.0250244140625,1531.0250244140625,28957336
7155,2024-07-01,1560.1500244140625,1579.4000244140625,1555.675048828125,1562.5250244140625,7724306
7156,2024-07-02,1565.175048828125,1573.5,1557.0,1569.5,7749246
7157,2024-07-03,1552.425048828125,1575.0,1542.7750244140625,1566.324951171875,9049620
7158,2024-07-04,1554.0250244140625,1567.5,1550.800048828125,1557.0,6837176
7159,2024-07-05,1588.625,1598.5,1548.0,1553.824951171875,12269710
7160,2024-07-08,1600.9000244140625,1608.800048828125,1582.5250244140625,1589.0,9500806
7161,2024-07-09,1590.2750244140625,1600.5,1580.5,1597.5999755859375,6960002
7162,2024-07-10,1584.2249755859375,1597.5,1563.1500244140625,1595.0,7134578
7163,2024-07-11,1580.6500244140625,1604.25,1570.5,1587.5,11940946
7164,2024-07-12,1596.7249755859375,1605.1500244140625,1574.5,1584.5,12924784
7165,2024-07-15,1597.2249755859375,1605.8499755859375,1585.5,1604.449951171875,5329688
7166,2024-07-16,1576.25,1600.0,1569.125,1593.5,9386838
7167,2024-07-18,1586.675048828125,1593.9000244140625,1557.824951171875,1576.0,12298374
7168,2024-07-19,1555.1500244140625,1589.9749755859375,1552.800048828125,1586.0,13140390
7169,2024-07-22,1500.675048828125,1537.5,1499.2750244140625,1537.25,19674376
7170,2024-07-23,1487.9000244140625,1505.75,1463.0,1501.0,18052044
7171,2024-07-24,1495.699951171875,1509.5,1476.4000244140625,1485.0,11913362
7172,2024-07-25,1492.4000244140625,1500.4749755859375,1477.074951171875,1481.0,12519876
7173,2024-07-26,1509.0250244140625,1512.425048828125,1490.3499755859375,1492.4000244140625,9859940
7174,2024-07-29,1520.0999755859375,1527.5,1511.7750244140625,1511.949951171875,7538550
7175,2024-07-30,1513.1500244140625,1525.0,1510.0,1517.0250244140625,8228208
7176,2024-07-31,1505.425048828125,1510.449951171875,1501.1500244140625,1504.0,10057346
7177,2024-08-01,1515.300048828125,1518.0,1504.300048828125,1512.0,10764222
7178,2024-08-02,1499.324951171875,1509.324951171875,1493.2750244140625,1505.0,10268248
7179,2024-08-05,1447.324951171875,1483.9000244140625,1433.25,1480.0,17046704
7180,2024-08-06,1456.050048828125,1477.5,1451.324951171875,1455.1500244140625,10236186
7181,2024-08-07,1464.824951171875,1472.5,1461.5,1469.0,8174568
7182,2024-08-08,1449.125,1465.0,1445.925048828125,1457.5250244140625,12387192
7183,2024-08-09,1474.300048828125,1476.5,1456.0,1460.0,6249776
7184,2024-08-12,1460.625,1473.0,1457.75,1470.0,8184584
7185,2024-08-13,1463.625,1470.074951171875,1458.0,1460.75,6265064
7186,2024-08-14,1461.8499755859375,1472.0,1453.699951171875,1463.550048828125,6267466
7187,2024-08-16,1478.199951171875,1480.4000244140625,1458.050048828125,1468.6500244140625,9416902
7188,2024-08-19,1488.4000244140625,1498.300048828125,1480.5,1482.5,13797742
7189,2024-08-20,1495.949951171875,1503.925048828125,1490.0250244140625,1497.2249755859375,8411808
7190,2024-08-21,1498.675048828125,1507.875,1490.0,1493.25,7769996
7191,2024-08-22,1498.125,1506.5,1490.6500244140625,1503.0,10445782
7192,2024-08-23,1499.9749755859375,1511.324951171875,1498.425048828125,1503.75,9249654
7193,2024-08-26,1512.5999755859375,1523.0,1503.0,1506.9749755859375,8816114
7194,2024-08-27,1500.449951171875,1513.4749755859375,1499.449951171875,1510.5,6251156
7195,2024-08-28,1498.300048828125,1507.4749755859375,1493.0,1505.0,9610286
7196,2024-08-29,1520.925048828125,1537.0,1494.0,1503.0999755859375,38335358
7197,2024-08-30,1509.625,1539.7249755859375,1503.324951171875,1534.0,41620730
7198,2024-09-02,1516.25,1526.800048828125,1506.625,1510.875,11240852
7199,2024-09-03,1509.125,1523.0,1507.5,1521.25,10923800
7200,2024-09-04,1514.550048828125,1517.5,1499.5,1500.699951171875,11983304
7201,2024-09-05,1492.9749755859375,1525.7750244140625,1487.050048828125,1519.050048828125,16264168
7202,2024-09-06,1464.824951171875,1497.0,1461.625,1492.5,19394228
7203,2024-09-09,1462.449951171875,1469.925048828125,1455.5999755859375,1466.5,9010298
7204,2024-09-10,1461.5250244140625,1472.050048828125,1457.574951171875,1460.5,10768260
7205,2024-09-11,1451.5,1468.75,1447.550048828125,1463.050048828125,9760202
7206,2024-09-12,1479.800048828125,1486.0,1445.875,1457.0,22349376
7207,2024-09-13,1472.625,1483.1500244140625,1469.5,1476.4000244140625,8711328
7208,2024-09-16,1471.3499755859375,1480.9000244140625,1464.75,1477.550048828125,5481774
7209,2024-09-17,1472.300048828125,1477.4749755859375,1466.625,1474.0,5935328
7210,2024-09-18,1463.449951171875,1482.0,1460.550048828125,1470.0,8574714
7211,2024-09-19,1469.675048828125,1476.5,1455.550048828125,1466.25,16955902
7212,2024-09-20,1485.925048828125,1495.0,1471.375,1474.0,30897320
7213,2024-09-23,1493.375,1501.5,1488.949951171875,1491.0,8832314
7214,2024-09-24,1489.375,1500.5,1487.875,1488.5,17137444
7215,2024-09-25,1493.949951171875,1496.5,1480.199951171875,1483.9000244140625,7069002
7216,2024-09-26,1497.949951171875,1504.0,1488.050048828125,1490.6500244140625,18818998
7217,2024-09-27,1526.175048828125,1533.4749755859375,1492.0,1499.0,20597478
7218,2024-09-30,1476.574951171875,1524.9749755859375,1474.4000244140625,1519.4000244140625,27008814
7219,2024-10-01,1464.824951171875,1487.949951171875,1462.824951171875,1480.6500244140625,16431642
7220,2024-10-03,1406.9749755859375,1449.4000244140625,1402.074951171875,1436.574951171875,37757294
7221,2024-10-04,1386.5250244140625,1417.3499755859375,1381.7750244140625,1403.925048828125,37072876
7222,2024-10-07,1370.7249755859375,1396.5,1361.375,1393.5,22181340
7223,2024-10-08,1397.3499755859375,1401.0,1365.0999755859375,1372.9749755859375,17020808
7224,2024-10-09,1374.5999755859375,1400.9749755859375,1372.5,1397.5250244140625,14310610
7225,2024-10-10,1371.050048828125,1386.0,1369.425048828125,1380.0250244140625,22358646
7226,2024-10-11,1372.0999755859375,1383.2750244140625,1368.824951171875,1370.0,7980122
7227,2024-10-14,1372.5250244140625,1380.074951171875,1368.25,1379.449951171875,12221432
7228,2024-10-15,1344.0250244140625,1371.699951171875,1340.699951171875,1358.5250244140625,33762794
7229,2024-10-16,1354.074951171875,1364.0,1337.625,1340.0,20034438
7230,2024-10-17,1356.425048828125,1368.449951171875,1352.050048828125,1365.699951171875,15543660
7231,2024-10-18,1359.300048828125,1368.425048828125,1341.324951171875,1352.175048828125,12082452
7232,2024-10-21,1369.199951171875,1374.0,1357.7249755859375,1367.125,14067408
7233,2024-10-22,1343.3499755859375,1376.0,1340.2249755859375,1369.199951171875,15831960
7234,2024-10-23,1338.5250244140625,1357.4749755859375,1335.0,1337.5,17214742
7235,2024-10-24,1339.800048828125,1343.699951171875,1323.125,1335.2750244140625,22155934
7236,2024-10-25,1327.8499755859375,1344.3499755859375,1322.0,1343.5,18597496
7237,2024-10-28,1334.3499755859375,1353.0,1322.0999755859375,1337.0,10824350
7238,2024-10-29,1340.0,1343.199951171875,1320.300048828125,1328.0999755859375,12008361
7239,2024-10-30,1343.9000244140625,1350.0,1325.3499755859375,1335.0,11984423
7240,2024-10-31,1332.050048828125,1343.0,1326.1500244140625,1340.0,9331650
7241,2024-11-01,1338.6500244140625,1341.949951171875,1333.0,1333.050048828125,2127335
7242,2024-11-04,1302.1500244140625,1340.0,1285.0999755859375,1337.8499755859375,19796890
7243,2024-11-05,1305.300048828125,1309.550048828125,1286.1500244140625,1293.0,16267479
7244,2024-11-06,1325.3499755859375,1328.300048828125,1300.199951171875,1310.0,21625209
7245,2024-11-07,1305.6500244140625,1324.0,1302.5999755859375,1324.0,9611974
7246,2024-11-08,1283.75,1301.6500244140625,1275.0,1297.6500244140625,19814406
7247,2024-11-11,1272.699951171875,1286.0,1267.0,1278.949951171875,9056552
7248,2024-11-12,1274.25,1289.300048828125,1267.5,1275.550048828125,10671091
7249,2024-11-13,1252.050048828125,1275.449951171875,1249.5,1270.25,14633633
7250,2024-11-14,1267.5999755859375,1272.5999755859375,1251.0999755859375,1253.5999755859375,12612633
7251,2024-11-18,1260.75,1272.9000244140625,1243.9000244140625,1267.5999755859375,13620611
7252,2024-11-19,1241.6500244140625,1281.5,1235.1500244140625,1260.75,14183746
7253,2024-11-21,1223.0,1243.949951171875,1217.25,1241.6500244140625,19433843
7254,2024-11-22,1265.4000244140625,1268.8499755859375,1222.449951171875,1229.4000244140625,20471957
7255,2024-11-25,1287.0,1304.449951171875,1282.449951171875,1290.0,28923341
7256,2024-11-26,1295.699951171875,1297.8499755859375,1284.199951171875,1294.949951171875,9247557
7257,2024-11-27,1293.199951171875,1303.8499755859375,1286.0,1293.5,9572746
7258,2024-11-28,1270.800048828125,1296.5999755859375,1269.050048828125,1289.949951171875,15027412
7259,2024-11-29,1292.199951171875,1299.5,1275.25,1280.0,13202307
7260,2024-12-02,1309.1500244140625,1311.3499755859375,1277.050048828125,1288.0,11024152
7261,2024-12-03,1323.300048828125,1326.800048828125,1307.0,1317.0,16869482
7262,2024-12-04,1308.949951171875,1328.4000244140625,1304.050048828125,1326.0,19608540
7263,2024-12-05,1322.050048828125,1329.949951171875,1306.1500244140625,1314.3499755859375,16858723
7264,2024-12-06,1311.550048828125,1323.9000244140625,1310.0,1323.9000244140625,9037514
7265,2024-12-09,1295.1500244140625,1315.0,1293.0999755859375,1303.0,14650002
7266,2024-12-10,1284.8499755859375,1294.9000244140625,1280.199951171875,1289.25,16043729
7267,2024-12-11,1278.199951171875,1290.0,1276.050048828125,1285.0,11724373
7268,2024-12-12,1262.9000244140625,1278.199951171875,1260.5999755859375,1270.0,20906813
7269,2024-12-13,1272.8499755859375,1275.199951171875,1239.5999755859375,1260.0,28630222
7270,2024-12-16,1268.300048828125,1281.0,1266.550048828125,1275.0,9486781
7271,2024-12-17,1245.300048828125,1263.9000244140625,1242.800048828125,1261.050048828125,17462791
7272,2024-12-18,1253.25,1259.949951171875,1240.6500244140625,1240.6500244140625,12670179
7273,2024-12-19,1230.449951171875,1244.9000244140625,1229.0,1239.0,14244653
7274,2024-12-20,1205.300048828125,1239.5,1201.5,1224.0,20312896
7275,2024-12-23,1222.300048828125,1227.199951171875,1213.199951171875,1215.0,10052824
7276,2024-12-24,1222.75,1233.550048828125,1221.0,1222.300048828125,6734917
7277,2024-12-26,1216.550048828125,1227.699951171875,1214.25,1224.25,10016178
7278,2024-12-27,1221.050048828125,1227.9000244140625,1217.0,1218.300048828125,7000397
7279,2024-12-30,1210.699951171875,1223.199951171875,1208.0999755859375,1216.4000244140625,8818766
7280,2024-12-31,1215.449951171875,1219.0999755859375,1206.1500244140625,1208.0,6405475
7281,2025-01-01,1221.25,1226.300048828125,1211.5999755859375,1214.8499755859375,5892590
7282,2025-01-02,1241.800048828125,1244.449951171875,1220.0,1221.25,15486276
7283,2025-01-03,1251.1500244140625,1262.050048828125,1235.5,1243.9000244140625,15521102
7284,2025-01-06,1218.0,1262.0,1215.0,1253.949951171875,14816766
7285,2025-01-07,1240.8499755859375,1244.5,1221.25,1222.0,10070505
7286,2025-01-08,1265.5,1271.050048828125,1245.3499755859375,1249.0,19346579
7287,2025-01-09,1254.75,1269.75,1248.050048828125,1267.0,12794704
7288,2025-01-10,1241.9000244140625,1256.75,1236.0,1253.8499755859375,8120332
7289,2025-01-13,1239.8499755859375,1245.25,1226.4000244140625,1230.0,13764861
7290,2025-01-14,1238.75,1253.3499755859375,1227.25,1244.0999755859375,13095266
7291,2025-01-15,1252.199951171875,1257.0,1241.8499755859375,1244.949951171875,9578856
7292,2025-01-16,1266.449951171875,1275.0,1251.300048828125,1258.9000244140625,14117603
7293,2025-01-17,1302.3499755859375,1326.0,1285.0,1322.25,29366277
7294,2025-01-20,1305.449951171875,1316.0,1300.25,1316.0,14040244
7295,2025-01-21,1273.699951171875,1313.0,1270.199951171875,1310.5,14562976
7296,2025-01-22,1277.0999755859375,1282.9000244140625,1268.699951171875,1278.300048828125,10273590
7297,2025-01-23,1263.6500244140625,1277.3499755859375,1261.5999755859375,1270.0,8720682
7298,2025-01-24,1246.300048828125,1273.0,1243.5,1266.0,14235970
7299,2025-01-27,1229.3499755859375,1240.449951171875,1220.0,1239.0999755859375,9536019
7300,2025-01-28,1234.4000244140625,1244.75,1218.5,1238.0,10568025
7301,2025-01-29,1235.5,1242.75,1228.050048828125,1236.0,5928156
7302,2025-01-30,1253.050048828125,1257.0,1232.4000244140625,1235.550048828125,9269259
7303,2025-01-31,1265.0999755859375,1267.0,1249.0,1255.8499755859375,6584612
7304,2025-02-01,1264.5999755859375,1270.550048828125,1241.0,1265.0999755859375,7118453
7305,2025-02-03,1245.9000244140625,1256.0,1237.550048828125,1251.0,9252345
7306,2025-02-04,1285.199951171875,1288.800048828125,1246.5999755859375,1248.050048828125,16691069
7307,2025-02-05,1278.199951171875,1290.5,1276.699951171875,1282.6500244140625,10112028
7308,2025-02-06,1281.550048828125,1288.0,1270.3499755859375,1273.699951171875,9956001
7309,2025-02-07,1266.699951171875,1283.699951171875,1262.0,1276.1500244140625,8764283
7310,2025-02-10,1253.6500244140625,1266.5,1245.550048828125,1264.5,6970972
7311,2025-02-11,1234.8499755859375,1264.550048828125,1230.0999755859375,1264.550048828125,8859714
7312,2025-02-12,1216.550048828125,1226.9000244140625,1193.3499755859375,1219.449951171875,21131654
7313,2025-02-13,1216.0999755859375,1228.0,1212.0,1217.050048828125,8511216
7314,2025-02-14,1217.25,1224.0,1205.449951171875,1219.0,10298145
7315,2025-02-17,1224.9000244140625,1227.5,1204.5,1211.0999755859375,8166683
7316,2025-02-18,1225.4000244140625,1229.9000244140625,1216.0999755859375,1224.8499755859375,6673250
7317,2025-02-19,1227.449951171875,1232.75,1217.550048828125,1219.5,6217338
7318,2025-02-20,1233.0,1239.3499755859375,1222.0,1223.949951171875,7795582
7319,2025-02-21,1228.1500244140625,1240.0,1222.1500244140625,1228.699951171875,6904025
7320,2025-02-24,1214.550048828125,1223.25,1210.5,1216.550048828125,7172498
7321,2025-02-25,1204.0,1221.0,1201.5,1211.0,11552182
7322,2025-02-27,1207.0999755859375,1215.0,1200.6500244140625,1212.800048828125,11509215
7323,2025-02-28,1200.0999755859375,1217.3499755859375,1193.300048828125,1202.0,23007298
7324,2025-03-03,1171.25,1206.449951171875,1156.0,1204.0,17944938
7325,2025-03-04,1161.9000244140625,1174.0,1159.550048828125,1162.199951171875,11377373
7326,2025-03-05,1175.5999755859375,1183.0,1157.0,1161.0,8664095
7327,2025-03-06,1209.5999755859375,1213.949951171875,1185.1500244140625,1197.0,14468014
7328,2025-03-07,1249.800048828125,1254.800048828125,1212.0,1216.0,16474965
7329,2025-03-10,1238.4000244140625,1258.0,1235.4000244140625,1245.0,11931051
7330,2025-03-11,1247.300048828125,1249.5,1229.75,1240.0,10089838
7331,2025-03-12,1257.050048828125,1263.0,1244.0,1258.0,11977555
7332,2025-03-13,1247.9000244140625,1264.1500244140625,1243.8499755859375,1260.050048828125,9505270
7333,2025-03-17,1238.8499755859375,1257.4000244140625,1233.0999755859375,1242.1500244140625,16640917
7334,2025-03-18,1238.8499755859375,1238.8499755859375,1238.8499755859375,1238.8499755859375,0
7335,2025-03-19,1247.1500244140625,1253.25,1238.800048828125,1241.050048828125,16162399
7336,2025-03-20,1269.1500244140625,1273.0,1250.050048828125,1251.8499755859375,15971477
7337,2025-03-21,1276.3499755859375,1281.0,1270.0999755859375,1275.0,21780769
7338,2025-03-24,1302.0999755859375,1306.0,1284.25,1291.0,20299319
7339,2025-03-25,1285.449951171875,1307.699951171875,1282.5999755859375,1307.699951171875,13713899
7340,2025-03-26,1273.050048828125,1293.800048828125,1268.75,1291.0,12074747
7341,2025-03-27,1278.199951171875,1285.0,1271.300048828125,1278.1500244140625,15028056
7342,2025-03-28,1275.0999755859375,1295.75,1269.0,1280.0,18147129
7343,2025-04-01,1252.5999755859375,1277.9000244140625,1249.300048828125,1264.5999755859375,12099648
7344,2025-04-02,1251.1500244140625,1255.550048828125,1243.9000244140625,1247.550048828125,10142590
7345,2025-04-03,1248.699951171875,1251.800048828125,1233.050048828125,1233.050048828125,7434366
7346,2025-04-04,1204.699951171875,1245.449951171875,1193.1500244140625,1241.0999755859375,17908652
7347,2025-04-07,1165.699951171875,1171.25,1114.8499755859375,1132.199951171875,22156106
7348,2025-04-08,1182.199951171875,1196.5999755859375,1163.300048828125,1172.0,19555040
7349,2025-04-09,1185.3499755859375,1189.800048828125,1168.0,1169.5,10223104
7350,2025-04-11,1218.949951171875,1222.6500244140625,1195.1500244140625,1195.1500244140625,11224242
7351,2025-04-15,1240.0999755859375,1251.0,1237.0999755859375,1251.0,13378535
7352,2025-04-16,1239.300048828125,1240.9000244140625,1229.0,1234.0999755859375,8248464
7353,2025-04-17,1274.5,1280.199951171875,1227.5999755859375,1240.199951171875,15398401
7354,2025-04-21,1295.5,1300.9000244140625,1267.0,1270.0,10429964
7355,2025-04-22,1291.199951171875,1303.9000244140625,1286.300048828125,1300.0,13051707
7356,2025-04-23,1300.0,1306.0,1285.4000244140625,1297.0,10480888
7357,2025-04-24,1301.5999755859375,1304.5,1290.300048828125,1292.4000244140625,10468940
7358,2025-04-25,1300.4000244140625,1325.199951171875,1288.0999755859375,1303.5,14431012
7359,2025-04-28,1368.800048828125,1374.5999755859375,1320.199951171875,1340.0,31104496
7360,2025-04-29,1399.699951171875,1410.9000244140625,1370.0,1371.0,32538970
7361,2025-04-30,1405.0,1412.4000244140625,1369.0,1402.0,25478243
